"amendment_number","amendment_roman","source_object_id","source_object_path","source_object_blob","authoritative_capture_path","authoritative_capture_blob","pre_crosswalk_status","textual_source_canon_status","ratification_structure","ratification_record_status","structural_map_status","structural_map_blob","structural_map_is_source","atomic_extraction_status"
"1","I","CONST.AMENDMENT.01","01-constitutional-source-map/constitution/amendments/AMENDMENT_01.yaml","bad6bd16efcdfae9d5ab5d100c0f573453f43122","01-constitutional-source-map/authoritative-source/national-archives/bill-of-rights-transcript.html","d0a1ad2699fce83c0648b05aa61cc4439bac07ae","PRE-UNCHANGED","ADMITTED","STRUCTURE_ESTABLISHED","NOT-POPULATED","PRE-UNCHANGED","27c2180f49f3770842cd4c631fc3687d98ad89cc","FALSE","PENDING"
"2","II","CONST.AMENDMENT.02","01-constitutional-source-map/constitution/amendments/AMENDMENT_02.yaml","af2767992eda6f00d4da2087478f90df3a160c48","01-constitutional-source-map/authoritative-source/national-archives/bill-of-rights-transcript.html","d0a1ad2699fce83c0648b05aa61cc4439bac07ae","PRE-UNCHANGED","ADMITTED","STRUCTURE_ESTABLISHED","NOT-POPULATED","PRE-UNCHANGED","56c6b11b7286b0979e4449385981da43d67b6db1","FALSE","PENDING"
"3","III","CONST.AMENDMENT.03","01-constitutional-source-map/constitution/amendments/AMENDMENT_03.yaml","d85c8f8ba7d97f21f2715986d9d92b6e77ed8ffe","01-constitutional-source-map/authoritative-source/national-archives/bill-of-rights-transcript.html","d0a1ad2699fce83c0648b05aa61cc4439bac07ae","PRE-UNCHANGED","ADMITTED","STRUCTURE_ESTABLISHED","NOT-POPULATED","PRE-UNCHANGED","12d04f8799c85b42249a1914410b748d3403397b","FALSE","PENDING"
"4","IV","CONST.AMENDMENT.04","01-constitutional-source-map/constitution/amendments/AMENDMENT_04.yaml","9c70d2e43be66834ea288ad24c444f9189b70e1e","01-constitutional-source-map/authoritative-source/national-archives/bill-of-rights-transcript.html","d0a1ad2699fce83c0648b05aa61cc4439bac07ae","PRE-UNCHANGED","ADMITTED","STRUCTURE_ESTABLISHED","NOT-POPULATED","PRE-UNCHANGED","cf2da1150695ad3f780db1a1fd556dea84407128","FALSE","PENDING"
"5","V","CONST.AMENDMENT.05","01-constitutional-source-map/constitution/amendments/AMENDMENT_05.yaml","afdef262a9a03c494162928d4e0514d2a1ff55c5","01-constitutional-source-map/authoritative-source/national-archives/bill-of-rights-transcript.html","d0a1ad2699fce83c0648b05aa61cc4439bac07ae","PRE-UNCHANGED","ADMITTED","STRUCTURE_ESTABLISHED","NOT-POPULATED","PRE-UNCHANGED","fd4fc2a2cb6c40fa5a8174c58bb61830640953ac","FALSE","PENDING"
"6","VI","CONST.AMENDMENT.06","01-constitutional-source-map/constitution/amendments/AMENDMENT_06.yaml","a1650b6cf99dfc0bc0cd26dee3da9e005b0c52c3","01-constitutional-source-map/authoritative-source/national-archives/bill-of-rights-transcript.html","d0a1ad2699fce83c0648b05aa61cc4439bac07ae","PRE-UNCHANGED","ADMITTED","STRUCTURE_ESTABLISHED","NOT-POPULATED","PRE-UNCHANGED","ce8a6ecea4f21d9019ea2ec5007de32e1e438631","FALSE","PENDING"
"7","VII","CONST.AMENDMENT.07","01-constitutional-source-map/constitution/amendments/AMENDMENT_07.yaml","4575279d5836c4e0574fe5acc0fa8c46f235b0a7","01-constitutional-source-map/authoritative-source/national-archives/bill-of-rights-transcript.html","d0a1ad2699fce83c0648b05aa61cc4439bac07ae","PRE-UNCHANGED","ADMITTED","STRUCTURE_ESTABLISHED","NOT-POPULATED","PRE-UNCHANGED","8fec5bb06547f64bb78d877067e10c787f38caad","FALSE","PENDING"
"8","VIII","CONST.AMENDMENT.08","01-constitutional-source-map/constitution/amendments/AMENDMENT_08.yaml","b5c522f31a88252b5f2a1926a9cef052a9b5710d","01-constitutional-source-map/authoritative-source/national-archives/bill-of-rights-transcript.html","d0a1ad2699fce83c0648b05aa61cc4439bac07ae","PRE-UNCHANGED","ADMITTED","STRUCTURE_ESTABLISHED","NOT-POPULATED","PRE-UNCHANGED","e3047027200fbc0e11983ed5751031d2332b6d51","FALSE","PENDING"
"9","IX","CONST.AMENDMENT.09","01-constitutional-source-map/constitution/amendments/AMENDMENT_09.yaml","2b30f991d3a5df0ddca9327143d8019c8c2969ad","01-constitutional-source-map/authoritative-source/national-archives/bill-of-rights-transcript.html","d0a1ad2699fce83c0648b05aa61cc4439bac07ae","PRE-UNCHANGED","ADMITTED","STRUCTURE_ESTABLISHED","NOT-POPULATED","PRE-UNCHANGED","251b94249087f2820ecb4c438da8d5285cd0f775","FALSE","PENDING"
"10","X","CONST.AMENDMENT.10","01-constitutional-source-map/constitution/amendments/AMENDMENT_10.yaml","1555144236ef4744cd911af62fa9f8082b5fd0c1","01-constitutional-source-map/authoritative-source/national-archives/bill-of-rights-transcript.html","d0a1ad2699fce83c0648b05aa61cc4439bac07ae","PRE-UNCHANGED","ADMITTED","STRUCTURE_ESTABLISHED","NOT-POPULATED","PRE-UNCHANGED","77250695dd93271f4de78341d5a41577aa233e4d","FALSE","PENDING"
"11","XI","CONST.AMENDMENT.11","01-constitutional-source-map/constitution/amendments/AMENDMENT_11.yaml","819f33c2329c63d266d193366b484f2b1198c95a","01-constitutional-source-map/authoritative-source/national-archives/amendments-11-27.html","ab6cfeabeefacc180650b31028313b2a9b91e3cb","PRE-UNCHANGED","ADMITTED","STRUCTURE_ESTABLISHED","NOT-POPULATED","PRE-UNCHANGED","6ab218a1e40cb56b661ccf1e8ae2492b4234223c","FALSE","PENDING"
"12","XII","CONST.AMENDMENT.12","01-constitutional-source-map/constitution/amendments/AMENDMENT_12.yaml","3f169b9dbc67cb0b57bdd125faa8609f9cee59d2","01-constitutional-source-map/authoritative-source/national-archives/amendments-11-27.html","ab6cfeabeefacc180650b31028313b2a9b91e3cb","PRE-UNCHANGED","ADMITTED","STRUCTURE_ESTABLISHED","NOT-POPULATED","PRE-UNCHANGED","4f47d5aa13e8d37ee861de3ae2553c42f326c19a","FALSE","PENDING"
"13","XIII","CONST.AMENDMENT.13","01-constitutional-source-map/constitution/amendments/AMENDMENT_13.yaml","d0cb4c52eea14d7418e2e733b246a7e62fd5463a","01-constitutional-source-map/authoritative-source/national-archives/amendments-11-27.html","ab6cfeabeefacc180650b31028313b2a9b91e3cb","PRE-UNCHANGED","ADMITTED","STRUCTURE_ESTABLISHED","NOT-POPULATED","PRE-UNCHANGED","303f2f1ad07b69220c29ec5ebff86731645c4c0a","FALSE","PENDING"
"14","XIV","CONST.AMENDMENT.14","01-constitutional-source-map/constitution/amendments/AMENDMENT_14.yaml","7baedb422fc27206fd8f565c005951cc11cdedd7","01-constitutional-source-map/authoritative-source/national-archives/amendments-11-27.html","ab6cfeabeefacc180650b31028313b2a9b91e3cb","PRE-UNCHANGED","ADMITTED","STRUCTURE_ESTABLISHED","NOT-POPULATED","PRE-UNCHANGED","65ffbf722ca0405f6ad33d2a2ec227f84ffa7563","FALSE","PENDING"
"15","XV","CONST.AMENDMENT.15","01-constitutional-source-map/constitution/amendments/AMENDMENT_15.yaml","c8127b72bccb34c942faf6a6a04307742da0bb5b","01-constitutional-source-map/authoritative-source/national-archives/amendments-11-27.html","ab6cfeabeefacc180650b31028313b2a9b91e3cb","PRE-UNCHANGED","ADMITTED","STRUCTURE_ESTABLISHED","NOT-POPULATED","PRE-UNCHANGED","476e15434656b8abfaffc916f7aa23715ece2f76","FALSE","PENDING"
"16","XVI","CONST.AMENDMENT.16","01-constitutional-source-map/constitution/amendments/AMENDMENT_16.yaml","ea79a4b4f0450885969ecf656eae2c0053803963","01-constitutional-source-map/authoritative-source/national-archives/amendments-11-27.html","ab6cfeabeefacc180650b31028313b2a9b91e3cb","PRE-UNCHANGED","ADMITTED","STRUCTURE_ESTABLISHED","NOT-POPULATED","PRE-UNCHANGED","9aaae5a498e02147b5fa0d64b0d805dbb5f7fa8b","FALSE","PENDING"
"17","XVII","CONST.AMENDMENT.17","01-constitutional-source-map/constitution/amendments/AMENDMENT_17.yaml","404554a4e6c06309f24f7b47669d5c1e8f22d8f4","01-constitutional-source-map/authoritative-source/national-archives/amendments-11-27.html","ab6cfeabeefacc180650b31028313b2a9b91e3cb","PRE-UNCHANGED","ADMITTED","STRUCTURE_ESTABLISHED","NOT-POPULATED","PRE-UNCHANGED","70fc7b3a8e6233b4f931746857d0730f97220f67","FALSE","PENDING"
"18","XVIII","CONST.AMENDMENT.18","01-constitutional-source-map/constitution/amendments/AMENDMENT_18.yaml","3e646934bc9989eb6db8f977fd0c0fff5994d057","01-constitutional-source-map/authoritative-source/national-archives/amendments-11-27.html","ab6cfeabeefacc180650b31028313b2a9b91e3cb","PRE-UNCHANGED","ADMITTED","STRUCTURE_ESTABLISHED","NOT-POPULATED","PRE-UNCHANGED","a79dc81157bae726b4eeef212a4ac272d41a0985","FALSE","PENDING"
"19","XIX","CONST.AMENDMENT.19","01-constitutional-source-map/constitution/amendments/AMENDMENT_19.yaml","18a8b1ec3a1e8ca5868fbee3f55d05c2d66bcc5f","01-constitutional-source-map/authoritative-source/national-archives/amendments-11-27.html","ab6cfeabeefacc180650b31028313b2a9b91e3cb","PRE-UNCHANGED","ADMITTED","STRUCTURE_ESTABLISHED","NOT-POPULATED","PRE-UNCHANGED","3870891e633fb7138144f36c2f6268ce70c5aaed","FALSE","PENDING"
"20","XX","CONST.AMENDMENT.20","01-constitutional-source-map/constitution/amendments/AMENDMENT_20.yaml","4fd3a99de67d2d5ddffefeb3effdbfc16366f017","01-constitutional-source-map/authoritative-source/national-archives/amendments-11-27.html","ab6cfeabeefacc180650b31028313b2a9b91e3cb","PRE-UNCHANGED","ADMITTED","STRUCTURE_ESTABLISHED","NOT-POPULATED","PRE-UNCHANGED","a0b0a1e206789ac621630628f09f0872490e19a8","FALSE","PENDING"
"21","XXI","CONST.AMENDMENT.21","01-constitutional-source-map/constitution/amendments/AMENDMENT_21.yaml","7f0905e169d78ee02a1a6d8d09667498b68dcf15","01-constitutional-source-map/authoritative-source/national-archives/amendments-11-27.html","ab6cfeabeefacc180650b31028313b2a9b91e3cb","PRE-UNCHANGED","ADMITTED","STRUCTURE_ESTABLISHED","NOT-POPULATED","PRE-UNCHANGED","c59e50cf24bc546d706f0cdb1b9a45dff80e948b","FALSE","PENDING"
"22","XXII","CONST.AMENDMENT.22","01-constitutional-source-map/constitution/amendments/AMENDMENT_22.yaml","ab260d9d41b70940936b69ab3d15650cbce318f4","01-constitutional-source-map/authoritative-source/national-archives/amendments-11-27.html","ab6cfeabeefacc180650b31028313b2a9b91e3cb","PRE-UNCHANGED","ADMITTED","STRUCTURE_ESTABLISHED","NOT-POPULATED","PRE-UNCHANGED","5a6f465533746cda23e3f3da6031174f4e2f7102","FALSE","PENDING"
"23","XXIII","CONST.AMENDMENT.23","01-constitutional-source-map/constitution/amendments/AMENDMENT_23.yaml","400a122a8e50fe21980e1600d06ca582bc658ee6","01-constitutional-source-map/authoritative-source/national-archives/amendments-11-27.html","ab6cfeabeefacc180650b31028313b2a9b91e3cb","PRE-UNCHANGED","ADMITTED","STRUCTURE_ESTABLISHED","NOT-POPULATED","PRE-UNCHANGED","a061bcb3646287effa799adac03cec082397c435","FALSE","PENDING"
"24","XXIV","CONST.AMENDMENT.24","01-constitutional-source-map/constitution/amendments/AMENDMENT_24.yaml","8fc52ed634900ed7c2c87461d491bf0d4b8e32fc","01-constitutional-source-map/authoritative-source/national-archives/amendments-11-27.html","ab6cfeabeefacc180650b31028313b2a9b91e3cb","PRE-UNCHANGED","ADMITTED","STRUCTURE_ESTABLISHED","NOT-POPULATED","PRE-UNCHANGED","38a28c9241865e399cea96b917b1b45448fbe28c","FALSE","PENDING"
"25","XXV","CONST.AMENDMENT.25","01-constitutional-source-map/constitution/amendments/AMENDMENT_25.yaml","71d25d73391a0c70c09c872d6247a0221617ed0f","01-constitutional-source-map/authoritative-source/national-archives/amendments-11-27.html","ab6cfeabeefacc180650b31028313b2a9b91e3cb","PRE-UNCHANGED","ADMITTED","STRUCTURE_ESTABLISHED","NOT-POPULATED","PRE-UNCHANGED","fd69cdcb0545c7c53ed28bfa0f0e95e8d338bb7a","FALSE","PENDING"
"26","XXVI","CONST.AMENDMENT.26","01-constitutional-source-map/constitution/amendments/AMENDMENT_26.yaml","3d95f96af467077d63e91d60338804ed2eeca5ff","01-constitutional-source-map/authoritative-source/national-archives/amendments-11-27.html","ab6cfeabeefacc180650b31028313b2a9b91e3cb","PRE-UNCHANGED","ADMITTED","STRUCTURE_ESTABLISHED","NOT-POPULATED","PRE-UNCHANGED","531684de1a0561b7861b57b1af20504dc080bf8a","FALSE","PENDING"
"27","XXVII","CONST.AMENDMENT.27","01-constitutional-source-map/constitution/amendments/AMENDMENT_27.yaml","06e46d63af0747b8284c5d6980eda395dfa57677","01-constitutional-source-map/authoritative-source/national-archives/amendments-11-27.html","ab6cfeabeefacc180650b31028313b2a9b91e3cb","PRE-UNCHANGED","ADMITTED","STRUCTURE_ESTABLISHED","NOT-POPULATED","NOT-PRESENT","","FALSE","PENDING"
