"ordinal","mechanism_id","source_clause_id","source_global_ordinal","source_text_sha256","mechanism_family","normalized_mechanism_present","negative_condition_present","jurisdiction_scope_present","orynth_mapping_status","correspondence_grade","source_binding_unique","audit_status"
"1","US-CM-000001","US-CONST-ATOM-000001","1","162C7D727B1143316F9E0A907B3F2C08992C65939955C7463D4BFEF681496ADB","F1","True","True","True","UNASSESSED","UNASSESSED","YES","PASS"
"2","US-CM-000002","US-CONST-ATOM-000002","2","91CB42B27EC3259FF966F676BD1D29EBFA246CBFC67A3251E531D1B9A7726563","F2","True","True","True","UNASSESSED","UNASSESSED","YES","PASS"
"3","US-CM-000003","US-CONST-ATOM-000003","3","E0FD29536264AFF88664343387DD5F1E62CA8E023AE181A3878E68795761ABC6","F1","True","True","True","UNASSESSED","UNASSESSED","YES","PASS"
"4","US-CM-000004","US-CONST-ATOM-000004","4","964B3432564743C1DB30E36F8D431A9D91D9F78137B5FEB74E2394351758C3AD","F3","True","True","True","UNASSESSED","UNASSESSED","YES","PASS"
"5","US-CM-000005","US-CONST-ATOM-000005","5","7076C30D55C866E40FA774ACC215522F806FB548D1E7293EB4F0476B8000BE13","F3","True","True","True","UNASSESSED","UNASSESSED","YES","PASS"
"6","US-CM-000006","US-CONST-ATOM-000006","6","446F6DB2F58E22B8958AA5A5C4E97FB0DC70025EC2D22BAF2BEAD548AEDE5AD2","F6","True","True","True","UNASSESSED","UNASSESSED","YES","PASS"
"7","US-CM-000007","US-CONST-ATOM-000007","7","682A631C19845CF015861F7E25EE9C9C740085F77B2AFDD4CD403F72A6CC5C3B","F3","True","True","True","UNASSESSED","UNASSESSED","YES","PASS"
"8","US-CM-000008","US-CONST-ATOM-000008","8","73657780549899E7F83E49F386BB86BBAFD90245BC84E35DDDDEF188A8A7FC49","F3","True","True","True","UNASSESSED","UNASSESSED","YES","PASS"
"9","US-CM-000009","US-CONST-ATOM-000009","9","F3AF87982C95968596B5A44F0F9677BA4B7996EF7684487C0EF81B77BAFA7081","F3","True","True","True","UNASSESSED","UNASSESSED","YES","PASS"
"10","US-CM-000010","US-CONST-ATOM-000010","10","258A05D77F8B8BBC22BB94961704F51902162DACAF7CBF1307AC18C1A11A5AB1","F6","True","True","True","UNASSESSED","UNASSESSED","YES","PASS"
"11","US-CM-000011","US-CONST-ATOM-000011","11","FB0E83DAA5F9397EAFFCE2EAEE9857EDE86147EF88EAA39A6E2E3DC591AFFFFB","F1","True","True","True","UNASSESSED","UNASSESSED","YES","PASS"
"12","US-CM-000012","US-CONST-ATOM-000012","12","B16BEEAE8E4CCCE15C139927C1B575D2A22A8F91260FC20252D35C8BA2ED0318","F1","True","True","True","UNASSESSED","UNASSESSED","YES","PASS"
"13","US-CM-000013","US-CONST-ATOM-000013","13","5A8D1B94924A3B9690CC0EA0AD2F4038699BA534304B785938755C90B483C686","F2","True","True","True","UNASSESSED","UNASSESSED","YES","PASS"
"14","US-CM-000014","US-CONST-ATOM-000014","14","5BA06FAE09654B5AE2818CB5EED0E5DD50125862294B707A26E62F1E48790BBF","F2","True","True","True","UNASSESSED","UNASSESSED","YES","PASS"
"15","US-CM-000015","US-CONST-ATOM-000015","15","D0C2C24B36FDBDACBF879C4A15C4B224168C4D69E9F4424CE7A2B5DFC545F421","F3","True","True","True","UNASSESSED","UNASSESSED","YES","PASS"
"16","US-CM-000016","US-CONST-ATOM-000016","16","5D3E2739E1CA3642B12CE1B622C8DFD0132E992EC39256661DF090C2E20556CB","F3","True","True","True","UNASSESSED","UNASSESSED","YES","PASS"
"17","US-CM-000017","US-CONST-ATOM-000017","17","D3E230D21A4E79621031D9A06A27147B15E53CDE8AA3D3E76C2E17713DF4373B","F3","True","True","True","UNASSESSED","UNASSESSED","YES","PASS"
"18","US-CM-000018","US-CONST-ATOM-000018","18","7EC2BD3EB63276B682D592FD0321D0F2BD40BF191063D0206A50824F8C0E937D","F1","True","True","True","UNASSESSED","UNASSESSED","YES","PASS"
"19","US-CM-000019","US-CONST-ATOM-000019","19","3E59DA59630EFA1BDD24668B118F1C27952A07283EB5F82786DFEDBE33C4E31F","F3","True","True","True","UNASSESSED","UNASSESSED","YES","PASS"
"20","US-CM-000020","US-CONST-ATOM-000020","20","59508EAF9E5A7F8F5E6E8374DE4E0E0A32052B6386852E062922F9E4F6D87D4A","F2","True","True","True","UNASSESSED","UNASSESSED","YES","PASS"
"21","US-CM-000021","US-CONST-ATOM-000021","21","9A5614DDB885EB2E2F5CC3980F24EAE3FD2CF9866B228FA0C879DC2AA33C4D33","F1","True","True","True","UNASSESSED","UNASSESSED","YES","PASS"
"22","US-CM-000022","US-CONST-ATOM-000022","22","1B7863B1C0EF7BDE595A3647492E7B37EEAA5A42A5E9AC177EDCA48E2CB19CF7","F2","True","True","True","UNASSESSED","UNASSESSED","YES","PASS"
"23","US-CM-000023","US-CONST-ATOM-000023","23","9A820F6046FD1A3203CD91D6198FB33A45639CA9B06C320B43EE9595FF4B61A4","F3","True","True","True","UNASSESSED","UNASSESSED","YES","PASS"
"24","US-CM-000024","US-CONST-ATOM-000024","24","8E4C922A5587A15F5D4F89CCAA349CB6C84DECABD9BCD058E529A71E053A2B36","F2","True","True","True","UNASSESSED","UNASSESSED","YES","PASS"
"25","US-CM-000025","US-CONST-ATOM-000025","25","73C24D309D339E3686D22FE99112E6064BC4A0EE1D86014D7FC692D6AC78751E","F4","True","True","True","UNASSESSED","UNASSESSED","YES","PASS"
"26","US-CM-000026","US-CONST-ATOM-000026","26","18D9DB60CD671AA4DC28CB0F52E9297BA08CD68C3632E428E36BBA3289671AB7","F5","True","True","True","UNASSESSED","UNASSESSED","YES","PASS"
"27","US-CM-000027","US-CONST-ATOM-000027","27","CF3880C54B71A9F634B959B4991717B6DD883CF6A68E1C5A4289677C8B896589","F2","True","True","True","UNASSESSED","UNASSESSED","YES","PASS"
"28","US-CM-000028","US-CONST-ATOM-000028","28","EACA99E3705B21115C51043374C308829671EF675866E2939465F6349F887E10","F6","True","True","True","UNASSESSED","UNASSESSED","YES","PASS"
"29","US-CM-000029","US-CONST-ATOM-000029","29","280AF3B590BF622037B71F62E508AB6BC4DE39D1433AD17483CE149BCFFB82B5","F6","True","True","True","UNASSESSED","UNASSESSED","YES","PASS"
"30","US-CM-000030","US-CONST-ATOM-000030","30","E2B345016702D78FC1555FE95E07F2A841E15ADB4A8BAF4A14023DA8BEB9468C","F3","True","True","True","UNASSESSED","UNASSESSED","YES","PASS"
"31","US-CM-000031","US-CONST-ATOM-000031","31","EE09D174B474B8FEF9EA5AF2321324D4BE53FCB76BCCF22DF77C7098B07D79A4","F6","True","True","True","UNASSESSED","UNASSESSED","YES","PASS"
"32","US-CM-000032","US-CONST-ATOM-000032","32","74730E929CB613A69291DB85270CBF175BC8D1FAE7D3D1E97A2E5524A74A34E3","F4","True","True","True","UNASSESSED","UNASSESSED","YES","PASS"
"33","US-CM-000033","US-CONST-ATOM-000033","33","9A8F16EBD2CFCEEB567078807353B0DC6C032255CE61616B67937ABB9AE136A7","F3","True","True","True","UNASSESSED","UNASSESSED","YES","PASS"
"34","US-CM-000034","US-CONST-ATOM-000034","34","A81C076C591D3D66975490412209EF582A63627795339687285CEEAEC7F3A948","F3","True","True","True","UNASSESSED","UNASSESSED","YES","PASS"
"35","US-CM-000035","US-CONST-ATOM-000035","35","5AFB01149D327CBF8F86A9EBA4021BC6282F929277F21037DEFC62EA13F5090B","F3","True","True","True","UNASSESSED","UNASSESSED","YES","PASS"
"36","US-CM-000036","US-CONST-ATOM-000036","36","9413E5CA988D3DBEB633C142668DBCD12CB2231A98AC61012DAB18160E465BA3","F3","True","True","True","UNASSESSED","UNASSESSED","YES","PASS"
"37","US-CM-000037","US-CONST-ATOM-000037","37","C9E644E1C6EEC18671D2F2341E271AE33076050F2E4A5A1AA7979357B10719B8","F4","True","True","True","UNASSESSED","UNASSESSED","YES","PASS"
"38","US-CM-000038","US-CONST-ATOM-000038","38","C614524A1DB4B3F0720C50F90DF514CDEC111789254F6B173222743964839464","F3","True","True","True","UNASSESSED","UNASSESSED","YES","PASS"
"39","US-CM-000039","US-CONST-ATOM-000039","39","7EB5C71328EA13504B532B479EC998A82E4B23C16A3A5A9035EC161D5CED7358","F3","True","True","True","UNASSESSED","UNASSESSED","YES","PASS"
"40","US-CM-000040","US-CONST-ATOM-000040","40","EC873CB56C205E97D2844FF42C63456AD54904258FE689297DB786EA0608CFC1","F4","True","True","True","UNASSESSED","UNASSESSED","YES","PASS"
"41","US-CM-000041","US-CONST-ATOM-000041","41","8D1D5FCE21E115E790A267338F49AB80C33BE2070FDA1E50D48CEAC1731E1897","F4","True","True","True","UNASSESSED","UNASSESSED","YES","PASS"
"42","US-CM-000042","US-CONST-ATOM-000042","42","30906B9C1852A14256F270851F23D01659DE2A2FEF5CD56F731557C5E198775B","F3","True","True","True","UNASSESSED","UNASSESSED","YES","PASS"
"43","US-CM-000043","US-CONST-ATOM-000043","43","E84ACBE6C8113FE2376A2F7C19F030D34E2AD57D4D603132A43FF09362FEB911","F5","True","True","True","UNASSESSED","UNASSESSED","YES","PASS"
"44","US-CM-000044","US-CONST-ATOM-000044","44","A34B7AD8A1BA84C3F8B98243157FD65E0F1DBACE1DBC0272AB05603BDFAF2043","F5","True","True","True","UNASSESSED","UNASSESSED","YES","PASS"
"45","US-CM-000045","US-CONST-ATOM-000045","45","6245A7F585AF99047A417D87DC6654122365116A58343273C1458E374814B299","F5","True","True","True","UNASSESSED","UNASSESSED","YES","PASS"
"46","US-CM-000046","US-CONST-ATOM-000046","46","B48149423F10BDECFD79624E4302484B01EA0921BA16F037F1636BF1E023802F","F5","True","True","True","UNASSESSED","UNASSESSED","YES","PASS"
"47","US-CM-000047","US-CONST-ATOM-000047","47","E0BD760172F27646FB3B2C4AC579A518A7476BF6B82FE4C39F3D1EA43331B345","F2","True","True","True","UNASSESSED","UNASSESSED","YES","PASS"
"48","US-CM-000048","US-CONST-ATOM-000048","48","FB542A88C00D866FC7350C7F3238FACAFB19994E8E5EF3391372864D08F33B1C","F3","True","True","True","UNASSESSED","UNASSESSED","YES","PASS"
"49","US-CM-000049","US-CONST-ATOM-000049","49","2D2D4BABA6ADCFBB6E6A9C55DEFB9FD76F4378FCAD48711916911E2F092F2A3A","F4","True","True","True","UNASSESSED","UNASSESSED","YES","PASS"
"50","US-CM-000050","US-CONST-ATOM-000050","50","DF558CEF2EE0318711CD35BC1226515FB27FB82FFC82AA090154D09BF1D858C7","F3","True","True","True","UNASSESSED","UNASSESSED","YES","PASS"
"51","US-CM-000051","US-CONST-ATOM-000051","51","D859B317FE625F2E45E5A8660BA8FB4B81D261099B8D11E347DC6FE476BFBBF6","F3","True","True","True","UNASSESSED","UNASSESSED","YES","PASS"
"52","US-CM-000052","US-CONST-ATOM-000052","52","9B91F3A6A32738C0C6604C9989B6EF4946DBBDB6A2B82E4B9082CC73DA799A8D","F3","True","True","True","UNASSESSED","UNASSESSED","YES","PASS"
"53","US-CM-000053","US-CONST-ATOM-000053","53","ED16429A69FFB9AC75F8BFB24D51A14CCA36E978211FBDE926D748831D5976AA","F3","True","True","True","UNASSESSED","UNASSESSED","YES","PASS"
"54","US-CM-000054","US-CONST-ATOM-000054","54","EC32FBA5CDB0534C786D3D8D429ADCD5B1BD54541591FAC36CF32962D0195B75","F4","True","True","True","UNASSESSED","UNASSESSED","YES","PASS"
"55","US-CM-000055","US-CONST-ATOM-000055","55","52D74A468D613EAEE491A47930F253B27D9F99697B6CE706FB81E0CBB50D4D4A","F4","True","True","True","UNASSESSED","UNASSESSED","YES","PASS"
"56","US-CM-000056","US-CONST-ATOM-000056","56","188E6DBC0064D4DEC48BC266D9F9BB86DCFDECE8BD55CF94D2C42101917F825A","F3","True","True","True","UNASSESSED","UNASSESSED","YES","PASS"
"57","US-CM-000057","US-CONST-ATOM-000057","57","C3FDB0176AAC7F71463145DB085A6B63FBAF2354BAE3917B4849CA9288C6CDF5","F3","True","True","True","UNASSESSED","UNASSESSED","YES","PASS"
"58","US-CM-000058","US-CONST-ATOM-000058","58","D9BCF0B4F7D5EC57200BDD1AB783332997D69EBC3789414F482ECFFE4BC7102F","F3","True","True","True","UNASSESSED","UNASSESSED","YES","PASS"
"59","US-CM-000059","US-CONST-ATOM-000059","59","D220DDEE972245799DBB037EACF043E206DC7C64EE89DEDC7E0F7E1ED0989ECF","F4","True","True","True","UNASSESSED","UNASSESSED","YES","PASS"
"60","US-CM-000060","US-CONST-ATOM-000060","60","3103B3356EB7B86515A53083F6F146DA70F4A294D4504044058CF8DDD5CA14B2","F4","True","True","True","UNASSESSED","UNASSESSED","YES","PASS"
"61","US-CM-000061","US-CONST-ATOM-000061","61","4004EBD82F2D368F4A1007D28F1912154819366DFB5B258AA0E9C29DCE0257CE","F3","True","True","True","UNASSESSED","UNASSESSED","YES","PASS"
"62","US-CM-000062","US-CONST-ATOM-000062","62","E2D6257AF2739604E77F9B2B0114A36CBCD2CAEB84DB1F1BEECCFA935B16DC22","F5","True","True","True","UNASSESSED","UNASSESSED","YES","PASS"
"63","US-CM-000063","US-CONST-ATOM-000063","63","F864BD7AE6112D589F079CB922F3C4515EC79759BEA09E1797B340FAC4FCACF9","F3","True","True","True","UNASSESSED","UNASSESSED","YES","PASS"
"64","US-CM-000064","US-CONST-ATOM-000064","64","572E7AFE5C7F3F7524BA599FF629B0FB8682066CE91A3A943A8124C9625BACDE","F6","True","True","True","UNASSESSED","UNASSESSED","YES","PASS"
"65","US-CM-000065","US-CONST-ATOM-000065","65","0B2083676669DE60A7DF2EEECF81C7B7A2A382D44EC09BDC37203205E4F06986","F3","True","True","True","UNASSESSED","UNASSESSED","YES","PASS"
"66","US-CM-000066","US-CONST-ATOM-000066","66","4DDD8BF73D7F2A5A31F7519EE18107DE2E52BA5A22994E7C78E8DD9536C6AB15","F3","True","True","True","UNASSESSED","UNASSESSED","YES","PASS"
"67","US-CM-000067","US-CONST-ATOM-000067","67","DE9EFE395BF385AE5E083CD50339FB5D69CAB95DF6B31773D7D4E8D0D0A9FD25","F3","True","True","True","UNASSESSED","UNASSESSED","YES","PASS"
"68","US-CM-000068","US-CONST-ATOM-000068","68","E26B9AE279CB16B34EEAAA31C2D4442BFF89D2B2D61C9292E226DEDA26265D30","F3","True","True","True","UNASSESSED","UNASSESSED","YES","PASS"
"69","US-CM-000069","US-CONST-ATOM-000069","69","86DE2CFB709E9A4CD94671D71FCC523243ED427A3219EEFD5977F2EDE616E8FA","F3","True","True","True","UNASSESSED","UNASSESSED","YES","PASS"
"70","US-CM-000070","US-CONST-ATOM-000070","70","68A120DF321A5A440308A9F418E9AAC34FC46F13382CB4E67C49FF5AC2E2524C","F3","True","True","True","UNASSESSED","UNASSESSED","YES","PASS"
"71","US-CM-000071","US-CONST-ATOM-000071","71","C1FD75098AC13E48180A4F492FBFC3F9DF300505F25E8DD1883D22A7529AA5B9","F3","True","True","True","UNASSESSED","UNASSESSED","YES","PASS"
"72","US-CM-000072","US-CONST-ATOM-000072","72","E7769B6C26F76B2C17E11057561061DAE726B957094C61BBA462344FEEB19E14","F3","True","True","True","UNASSESSED","UNASSESSED","YES","PASS"
"73","US-CM-000073","US-CONST-ATOM-000073","73","4469FE85CA84A2C9E56A6213B9D115774230488EB79977E7D1F2B297D5F86E9A","F3","True","True","True","UNASSESSED","UNASSESSED","YES","PASS"
"74","US-CM-000074","US-CONST-ATOM-000074","74","B62110F8D3B6553BF8D8C4BF849E7F5C2A593E69D0A5ADB1C5B39609DC07B335","F3","True","True","True","UNASSESSED","UNASSESSED","YES","PASS"
"75","US-CM-000075","US-CONST-ATOM-000075","75","4B9EED05C5D479437E8ADCDF74223233CCC244D4ED1EB169E71971D2392F3AA1","F3","True","True","True","UNASSESSED","UNASSESSED","YES","PASS"
"76","US-CM-000076","US-CONST-ATOM-000076","76","A74D1A6FD553026A71B83B66089DE3A0385A767FEABCC2F85A61AEDA4AF144AB","F3","True","True","True","UNASSESSED","UNASSESSED","YES","PASS"
"77","US-CM-000077","US-CONST-ATOM-000077","77","4EDFEAE135F1FB262517AA4A610F89367031DBA2906FF18EA8754024B2D2B069","F3","True","True","True","UNASSESSED","UNASSESSED","YES","PASS"
"78","US-CM-000078","US-CONST-ATOM-000078","78","AD2C085A1C2FBD600B07EB91DB129F5329F062C52DBBD1C948C1489451283847","F3","True","True","True","UNASSESSED","UNASSESSED","YES","PASS"
"79","US-CM-000079","US-CONST-ATOM-000079","79","1495F095CC6D12D47C8FD8214D1629DB95556918A4E758C732DAC2EE529DC011","F5","True","True","True","UNASSESSED","UNASSESSED","YES","PASS"
"80","US-CM-000080","US-CONST-ATOM-000080","80","6DFF9804AC5228A13EC32685DAD9C9AB851D657D5AE2D22E739F87714E23D64B","F3","True","True","True","UNASSESSED","UNASSESSED","YES","PASS"
"81","US-CM-000081","US-CONST-ATOM-000081","81","8F050A2123923B89B20064FA7E7CB3ABE0BFDCFBC2DBF3E40F08590A8F016A58","F3","True","True","True","UNASSESSED","UNASSESSED","YES","PASS"
"82","US-CM-000082","US-CONST-ATOM-000082","82","587BE64972F1C12A44217690F27A84BA0247698D0DB3BACF60CFFA0C9CCDE7CB","F3","True","True","True","UNASSESSED","UNASSESSED","YES","PASS"
"83","US-CM-000083","US-CONST-ATOM-000083","83","42027CD7CB0D1B283261EDA947E8F6AAF97E64C65126DBB4C3D992781E2C51DE","F3","True","True","True","UNASSESSED","UNASSESSED","YES","PASS"
"84","US-CM-000084","US-CONST-ATOM-000084","84","CA553E8525E61E6E189C258AD8B4233F12FCE6D484613FBF7A436DA04EAB7E7C","F6","True","True","True","UNASSESSED","UNASSESSED","YES","PASS"
"85","US-CM-000085","US-CONST-ATOM-000085","85","FD8ED6A0A9CD1EA83C824D5415E3C2EB2E90351A69EA8EDF28E01AC55AA476F2","F2","True","True","True","UNASSESSED","UNASSESSED","YES","PASS"
"86","US-CM-000086","US-CONST-ATOM-000086","86","C89B1E3CB2CD41F615CA73FB5F4D89C80E4DCE07944179F97D36B0C5672DDEB3","F2","True","True","True","UNASSESSED","UNASSESSED","YES","PASS"
"87","US-CM-000087","US-CONST-ATOM-000087","87","6065AE1394455B5D29C108EAD51C16171D949827A0EC94B8388F0B18A5D401BD","F6","True","True","True","UNASSESSED","UNASSESSED","YES","PASS"
"88","US-CM-000088","US-CONST-ATOM-000088","88","97BDEBD1B440F974FF6BB7736657E6E78C7C85B8DA7C0907D5AE5949CDD9A162","F6","True","True","True","UNASSESSED","UNASSESSED","YES","PASS"
"89","US-CM-000089","US-CONST-ATOM-000089","89","FEE1B44D9EF636D00239A8069ED9A655976DCECB112CD04EFC904E3F6711443D","F3","True","True","True","UNASSESSED","UNASSESSED","YES","PASS"
"90","US-CM-000090","US-CONST-ATOM-000090","90","6C5743A6BDBF1B515C7C124A1010BCDE6AD0064F5DD3ADBD58B329371328C1DD","F5","True","True","True","UNASSESSED","UNASSESSED","YES","PASS"
"91","US-CM-000091","US-CONST-ATOM-000091","91","B7092D0E1CA93AC9E7782FC4477F95EE31AF7874845591553A525A8B8AD47836","F3","True","True","True","UNASSESSED","UNASSESSED","YES","PASS"
"92","US-CM-000092","US-CONST-ATOM-000092","92","D2BE20D20FDD326BA4F2A0ADD12D489E15A02F4A7878888E5EAD54004AE9EA27","F5","True","True","True","UNASSESSED","UNASSESSED","YES","PASS"
"93","US-CM-000093","US-CONST-ATOM-000093","93","E2A5F251279272691CF9AEAECEE1C74A60E50EDB899E88DEFBF187DB3B26BD56","F5","True","True","True","UNASSESSED","UNASSESSED","YES","PASS"
"94","US-CM-000094","US-CONST-ATOM-000094","94","702D33A7FFD01B0C3E7CC3F6FC60F375A40D7E47FF502AE9FDA7059B805C370C","F5","True","True","True","UNASSESSED","UNASSESSED","YES","PASS"
"95","US-CM-000095","US-CONST-ATOM-000095","95","4FEFB51D72E89C15BFDD8B865A8213A5558F5C6B7A2031DAD3F4DE57EDFE1321","F5","True","True","True","UNASSESSED","UNASSESSED","YES","PASS"
"96","US-CM-000096","US-CONST-ATOM-000096","96","55D50EC88628661108193769F0B3307D1C15F85726B6C5B0118F0BD904451E25","F5","True","True","True","UNASSESSED","UNASSESSED","YES","PASS"
"97","US-CM-000097","US-CONST-ATOM-000097","97","7FBF86916AE08E8627D03DBD34F3ABE7306CBB88D7C2C352F8179FE68E6648CC","F5","True","True","True","UNASSESSED","UNASSESSED","YES","PASS"
"98","US-CM-000098","US-CONST-ATOM-000098","98","9468A9D4D65E8DD0969C2CEBC56257C73D9332F63BAE7194FC2A0EE7115F1652","F5","True","True","True","UNASSESSED","UNASSESSED","YES","PASS"
"99","US-CM-000099","US-CONST-ATOM-000099","99","44574AA1B0F82192FC63E3343BF3AB222784B7ABE80BCAC6C438C9B9433F6800","F3","True","True","True","UNASSESSED","UNASSESSED","YES","PASS"
"100","US-CM-000100","US-CONST-ATOM-000100","100","24C9F045C47458D0D37493F8829484ECDD80ED996CF2FF9DAF79C5782F5A21FF","F5","True","True","True","UNASSESSED","UNASSESSED","YES","PASS"
"101","US-CM-000101","US-CONST-ATOM-000101","101","75DA112916222EC60E87463864A6F64B5E045FC2C13E62C9C8E0B16B1A310CE8","F5","True","True","True","UNASSESSED","UNASSESSED","YES","PASS"
"102","US-CM-000102","US-CONST-ATOM-000102","102","E3DB51060B3CF436CDAE5DFF830FFA33B5C5004BB715E43C6BAD9A0DDF73074E","F5","True","True","True","UNASSESSED","UNASSESSED","YES","PASS"
"103","US-CM-000103","US-CONST-ATOM-000103","103","4075F6A56841C63220DD6A2C9F50731FAF8D4D219EC58CBE71395AF0EE1C5E88","F5","True","True","True","UNASSESSED","UNASSESSED","YES","PASS"
"104","US-CM-000104","US-CONST-ATOM-000104","104","8AC033CD6DBFAEB6506A717827370FB54589859BE5BB5D28510D2343EC41FF6C","F5","True","True","True","UNASSESSED","UNASSESSED","YES","PASS"
"105","US-CM-000105","US-CONST-ATOM-000105","105","52AA94CC919E14568F3B7DCBF2DF849DDC4FE0139C63B3021F3EF079AF565EF4","F5","True","True","True","UNASSESSED","UNASSESSED","YES","PASS"
"106","US-CM-000106","US-CONST-ATOM-000106","106","DAADA9A27F15A344212314FDAB0CBEDF144151B2DDED1F5C02B1F2E31F8AF0E3","F5","True","True","True","UNASSESSED","UNASSESSED","YES","PASS"
"107","US-CM-000107","US-CONST-ATOM-000107","107","29B1B2635495E6A6429CD37A14184D981BFD8E66DA3B30C2DFD8C5A12B968112","F5","True","True","True","UNASSESSED","UNASSESSED","YES","PASS"
"108","US-CM-000108","US-CONST-ATOM-000108","108","1816C10FA0EC7B13B4C28FE9DB570BAA2ADB9AF3C0B501C9B64DE0E3D510DED5","F5","True","True","True","UNASSESSED","UNASSESSED","YES","PASS"
"109","US-CM-000109","US-CONST-ATOM-000109","109","B0D7EA96AD3540668A40E33C369EC86738A2595FC0FDAAFD42DE1504F844D910","F5","True","True","True","UNASSESSED","UNASSESSED","YES","PASS"
"110","US-CM-000110","US-CONST-ATOM-000110","110","A4620EDE7BD7AD5B44DFA2CDBACEF1F0315BE77AFB29C6D7171ABE6F6E9C6243","F5","True","True","True","UNASSESSED","UNASSESSED","YES","PASS"
"111","US-CM-000111","US-CONST-ATOM-000111","111","D988AA5DE6047C401BAE02D7A2765C83F138251F76E98ED01BA25CE653D5B353","F5","True","True","True","UNASSESSED","UNASSESSED","YES","PASS"
"112","US-CM-000112","US-CONST-ATOM-000112","112","45964093B62C9CE193807F90CBF6F4EF408F43C3AD0CDA1EAC331B48D39F0C2F","F3","True","True","True","UNASSESSED","UNASSESSED","YES","PASS"
"113","US-CM-000113","US-CONST-ATOM-000113","113","98E0830FF0A21F924B7E70C0BED7DFC01706783C7B84371527C03EDD49189D03","F2","True","True","True","UNASSESSED","UNASSESSED","YES","PASS"
"114","US-CM-000114","US-CONST-ATOM-000114","114","FA1E943A108AF646D075EF3D5DAD3948A062DA5390D6E90A07469A4B2F24BD5A","F5","True","True","True","UNASSESSED","UNASSESSED","YES","PASS"
"115","US-CM-000115","US-CONST-ATOM-000115","115","2AE04DF97CADB9ED8D78ADB1D231BDB054C81B3A63DEE391D17A641F9C3254E4","F5","True","True","True","UNASSESSED","UNASSESSED","YES","PASS"
"116","US-CM-000116","US-CONST-ATOM-000116","116","FDAC61FA9B2BA46A1EF8A94A5A2CDB7EFB986AB46F3618C06A4ED39A430981BF","F5","True","True","True","UNASSESSED","UNASSESSED","YES","PASS"
"117","US-CM-000117","US-CONST-ATOM-000117","117","F90D0A16F9F2CAA2EE395EAA3008A7B6B22FE0181515ECF0E82B133730531676","F5","True","True","True","UNASSESSED","UNASSESSED","YES","PASS"
"118","US-CM-000118","US-CONST-ATOM-000118","118","C0E2EF362F3330294F06B48B3EFBCE988BD911B120405989FE590AD77337B840","F1","True","True","True","UNASSESSED","UNASSESSED","YES","PASS"
"119","US-CM-000119","US-CONST-ATOM-000119","119","7F1967216BCB9BB54942C234B8E2DCC4238204D89E19E173F6ACC7E7C742E4A0","F3","True","True","True","UNASSESSED","UNASSESSED","YES","PASS"
"120","US-CM-000120","US-CONST-ATOM-000120","120","C2894909B2329014434F9D53E97CE84EF2EEC8E89C71FA88026897131FC81397","F6","True","True","True","UNASSESSED","UNASSESSED","YES","PASS"
"121","US-CM-000121","US-CONST-ATOM-000121","121","DED23434F51663FF05FFD9AF3318758C35FD6C730DDF8156B2A89A220A68857A","F5","True","True","True","UNASSESSED","UNASSESSED","YES","PASS"
"122","US-CM-000122","US-CONST-ATOM-000122","122","FBD9F8173BC237F25D70ABB10AE394DE33D58F54347CD6740C0D4EF85005E76A","F3","True","True","True","UNASSESSED","UNASSESSED","YES","PASS"
"123","US-CM-000123","US-CONST-ATOM-000123","123","E87E99AF81F8ABC1B2077A92B21A91F2665F0C9A2B8481F9B9025A57529D8F7B","F3","True","True","True","UNASSESSED","UNASSESSED","YES","PASS"
"124","US-CM-000124","US-CONST-ATOM-000124","124","7A80BEAB85D8B793C6BDDFAC37A044B89BEF8531CCC6685E235E05E051DE65F6","F3","True","True","True","UNASSESSED","UNASSESSED","YES","PASS"
"125","US-CM-000125","US-CONST-ATOM-000125","125","02530A058D0ECF6E1BC08B67C2C3D8373D3BC39F3CC01F4E5888D3A41E8C8175","F4","True","True","True","UNASSESSED","UNASSESSED","YES","PASS"
"126","US-CM-000126","US-CONST-ATOM-000126","126","2AE789624A25054AB130F47F2778168CA4EC52901971FCA49F4AA9F77D2B10FC","F3","True","True","True","UNASSESSED","UNASSESSED","YES","PASS"
"127","US-CM-000127","US-CONST-ATOM-000127","127","3C184442A433DE297C917C6FC5F41CB9ACED3167ECB2BC3720C15F0B9D3A03F6","F4","True","True","True","UNASSESSED","UNASSESSED","YES","PASS"
"128","US-CM-000128","US-CONST-ATOM-000128","128","D934DA2EB7E2777DB92E6C89D516B30AD91641CBF6C969435320AE8AE4A17013","F3","True","True","True","UNASSESSED","UNASSESSED","YES","PASS"
"129","US-CM-000129","US-CONST-ATOM-000129","129","7AB0AC8A608B1910A466D790FF71227230E1EDC68E56F262A732FF5B6A30B8B7","F3","True","True","True","UNASSESSED","UNASSESSED","YES","PASS"
"130","US-CM-000130","US-CONST-ATOM-000130","130","3A52D3063A83E7B2D19DF09F1777AFE044EEFEAA8C1E076D9FB1153FDA8B6A07","F3","True","True","True","UNASSESSED","UNASSESSED","YES","PASS"
"131","US-CM-000131","US-CONST-ATOM-000131","131","A6704C068CD9BF79C38DDCEEB24105AF4759D5350231338FDA18D204E20E4F45","F4","True","True","True","UNASSESSED","UNASSESSED","YES","PASS"
"132","US-CM-000132","US-CONST-ATOM-000132","132","028E9853A7004B7BB46CFBCA2EBBFA7A8DACAEF11838194DFEFE4C062EBAE8BC","F4","True","True","True","UNASSESSED","UNASSESSED","YES","PASS"
"133","US-CM-000133","US-CONST-ATOM-000133","133","A85F866A419BC56B5A718F79CDE66513E9B4E170747CB707708C991313DA02DC","F3","True","True","True","UNASSESSED","UNASSESSED","YES","PASS"
"134","US-CM-000134","US-CONST-ATOM-000134","134","DA2F43594D76DFCB16FC441BBED3F9F4134C280E78DEC1527FCDA1F61B5E5712","F3","True","True","True","UNASSESSED","UNASSESSED","YES","PASS"
"135","US-CM-000135","US-CONST-ATOM-000135","135","262FDD24DDE3433754A7EA401E5DEBFE286A082320F2BD7E82EF2725A241CFB7","F3","True","True","True","UNASSESSED","UNASSESSED","YES","PASS"
"136","US-CM-000136","US-CONST-ATOM-000136","136","5950E01BF494ADC8653EED8C2D3E12F1F5787F7588F1DE0942E4D79E88A61D91","F3","True","True","True","UNASSESSED","UNASSESSED","YES","PASS"
"137","US-CM-000137","US-CONST-ATOM-000137","137","6EF1BEC7F394CF4927C7E39A64E5BD99813D12AC92A4D0B036860C06C5543B16","F5","True","True","True","UNASSESSED","UNASSESSED","YES","PASS"
"138","US-CM-000138","US-CONST-ATOM-000138","138","23199B9AAE257FB927EF79B2F280ACA3D30158DE5644378490F0EB1DAA3339F0","F3","True","True","True","UNASSESSED","UNASSESSED","YES","PASS"
"139","US-CM-000139","US-CONST-ATOM-000139","139","B1ACF7EFFD8843C2A3D5FB07E9AA993B5375F8CBCB6E299C98CBE1F1CFD2C7ED","F3","True","True","True","UNASSESSED","UNASSESSED","YES","PASS"
"140","US-CM-000140","US-CONST-ATOM-000140","140","B812870796A14047F514EDFBA0EE6EAF0493C8DADD7F61954C91B7F80A56827D","F1","True","True","True","UNASSESSED","UNASSESSED","YES","PASS"
"141","US-CM-000141","US-CONST-ATOM-000141","141","38404D28AE8E39F08D92CF2D4AF252773DEECB5CC2B8C877FF0BC04F0173E63F","F3","True","True","True","UNASSESSED","UNASSESSED","YES","PASS"
"142","US-CM-000142","US-CONST-ATOM-000142","142","87120EAAE3B6C8B10F6C464E6C8D0A3A627FDE57928CB497A63659A27CB6377B","F3","True","True","True","UNASSESSED","UNASSESSED","YES","PASS"
"143","US-CM-000143","US-CONST-ATOM-000143","143","1BE3096650DD140E46E7E570D3A1AFC00481227CF2BCF199CA7DCAE5343B0C5D","F5","True","True","True","UNASSESSED","UNASSESSED","YES","PASS"
"144","US-CM-000144","US-CONST-ATOM-000144","144","E7DCDC52A22AF11D389869B952AC1FF64AAB7E55BC5357B4E4C29F2D8D3D6D92","F5","True","True","True","UNASSESSED","UNASSESSED","YES","PASS"
"145","US-CM-000145","US-CONST-ATOM-000145","145","2B6B917024A046B023DF52B7C0FD66E441EC4AD2B70BE0EDB6E070BA8387EC56","F3","True","True","True","UNASSESSED","UNASSESSED","YES","PASS"
"146","US-CM-000146","US-CONST-ATOM-000146","146","747DCAFE3E79695A0DAC0751EFAFBF78A145CB83C88A9224E6C37E2A480B2D08","F3","True","True","True","UNASSESSED","UNASSESSED","YES","PASS"
"147","US-CM-000147","US-CONST-ATOM-000147","147","FC63C32638A8E886DA4609AAE4EBCE9A916F9E5012B77B9438176F642329AD23","F3","True","True","True","UNASSESSED","UNASSESSED","YES","PASS"
"148","US-CM-000148","US-CONST-ATOM-000148","148","24842F7CB32B9DD46D56A2EBD4BF36157C40DA07A964E0F1542A6D5467493A6F","F3","True","True","True","UNASSESSED","UNASSESSED","YES","PASS"
"149","US-CM-000149","US-CONST-ATOM-000149","149","BB2B2758A836880ED2B237A95F466E8347FD20400715D8729C3C111DD769F8A5","F4","True","True","True","UNASSESSED","UNASSESSED","YES","PASS"
"150","US-CM-000150","US-CONST-ATOM-000150","150","227C9084470220CE185DD4F2AEEEFFBCA31CC18D19777AA33CEE371C5927DD54","F3","True","True","True","UNASSESSED","UNASSESSED","YES","PASS"
"151","US-CM-000151","US-CONST-ATOM-000151","151","09A137D015B09E165C24573DF0B79D2F3517600727842126E6D99A58B5E2A33B","F4","True","True","True","UNASSESSED","UNASSESSED","YES","PASS"
"152","US-CM-000152","US-CONST-ATOM-000152","152","1E2736B6AA63896BFBFB667906DAE3D80E1EF33BDE36C2128069A5C5BEFCB92B","F1","True","True","True","UNASSESSED","UNASSESSED","YES","PASS"
"153","US-CM-000153","US-CONST-ATOM-000153","153","B1B76402F47654FAD2CDA437A4D2C7460AADC0541B69EBEF098A5FA1CA0BFC85","F3","True","True","True","UNASSESSED","UNASSESSED","YES","PASS"
"154","US-CM-000154","US-CONST-ATOM-000154","154","B690565E83BA065DD19FD8C9F7BEC5BD446B91F38755688887A1A26BDD2F5FAD","F3","True","True","True","UNASSESSED","UNASSESSED","YES","PASS"
"155","US-CM-000155","US-CONST-ATOM-000155","155","56F3131A948B2BE360441F446C272460E4E8847B98664F6A631988850CFB7F7C","F3","True","True","True","UNASSESSED","UNASSESSED","YES","PASS"
"156","US-CM-000156","US-CONST-ATOM-000156","156","9D9396764FF4E1075546FF5C768D07D3550771018B3E7EBE59B40B03A0EDA6D4","F3","True","True","True","UNASSESSED","UNASSESSED","YES","PASS"
"157","US-CM-000157","US-CONST-ATOM-000157","157","F38E83D2665BF8C27F84F26E44D0C6F3D7F8CFD9960297CAD4EF38831A5E608E","F3","True","True","True","UNASSESSED","UNASSESSED","YES","PASS"
"158","US-CM-000158","US-CONST-ATOM-000158","158","6A4F00FDE43C388BE855641C12FFAACBAFE5BE085744C0A3273DDA795611E113","F3","True","True","True","UNASSESSED","UNASSESSED","YES","PASS"
"159","US-CM-000159","US-CONST-ATOM-000159","159","D177A495FDB8D1ACC1A9135681D8F48F799E0D55E042C106AB91326F11B20266","F3","True","True","True","UNASSESSED","UNASSESSED","YES","PASS"
"160","US-CM-000160","US-CONST-ATOM-000160","160","BD632D939AB2E45764DEF3A178DA6D6C6E79066A3058A7BA400B9457B4BC91F9","F3","True","True","True","UNASSESSED","UNASSESSED","YES","PASS"
"161","US-CM-000161","US-CONST-ATOM-000161","161","B4DA4A81B725583B7ADF4A454E8B2BBB305190EAF718472D6B35642BFE9D56D3","F3","True","True","True","UNASSESSED","UNASSESSED","YES","PASS"
"162","US-CM-000162","US-CONST-ATOM-000162","162","67484423C885E6AF789EF82552F00270A69403737692C6B732365B55E82C3E34","F4","True","True","True","UNASSESSED","UNASSESSED","YES","PASS"
"163","US-CM-000163","US-CONST-ATOM-000163","163","67EA0CF3F35E46F62776FB51CBB34D57290864E4853C7B326C2E162CC3B3867A","F1","True","True","True","UNASSESSED","UNASSESSED","YES","PASS"
"164","US-CM-000164","US-CONST-ATOM-000164","164","13D2E4A153F0931E59801546AA7301584EAC5FA201531B9AA0A7C512BAE728B4","F1","True","True","True","UNASSESSED","UNASSESSED","YES","PASS"
"165","US-CM-000165","US-CONST-ATOM-000165","165","83A91E3BCBC13173421ED64283C756D111855AF324964037F3FC59D96C31EE6F","F3","True","True","True","UNASSESSED","UNASSESSED","YES","PASS"
"166","US-CM-000166","US-CONST-ATOM-000166","166","DD2E9BB80B919C9EB1D595933ECD4150EA988C94A974797379E8DD95BA7889DB","F3","True","True","True","UNASSESSED","UNASSESSED","YES","PASS"
"167","US-CM-000167","US-CONST-ATOM-000167","167","790172010F40B4B5FC7BB5466D60F19C6F89781159A2E05C557F097DEB04A38D","F5","True","True","True","UNASSESSED","UNASSESSED","YES","PASS"
"168","US-CM-000168","US-CONST-ATOM-000168","168","30C4E89D815D92EB54D3E4F634ACB6458D231035ACBA642C9C954ECABCEB71B3","F6","True","True","True","UNASSESSED","UNASSESSED","YES","PASS"
"169","US-CM-000169","US-CONST-ATOM-000169","169","A109A1F5D45CB61D3451D8E79CD8AB908012B3EFFA23CA3A7C2D2227CB49CE5C","F6","True","True","True","UNASSESSED","UNASSESSED","YES","PASS"
"170","US-CM-000170","US-CONST-ATOM-000170","170","5D18BC0D6586AE9F7B61BBB9C8F375C0F77A12F120E2179427559897A44ADBA7","F6","True","True","True","UNASSESSED","UNASSESSED","YES","PASS"
"171","US-CM-000171","US-CONST-ATOM-000171","171","F3D63B4F17BA3B732B895DD52B4B0DBBF2B2B3243374C88032F226DE0C8728F3","F6","True","True","True","UNASSESSED","UNASSESSED","YES","PASS"
"172","US-CM-000172","US-CONST-ATOM-000172","172","1D4D10953031BA889F345A4B254B0E3DF988D6C5B14BE0CCC037338974DF4766","F6","True","True","True","UNASSESSED","UNASSESSED","YES","PASS"
"173","US-CM-000173","US-CONST-ATOM-000173","173","56B2BFE9C11B77A9AB2B3A01F0507AFCD3927890241AB4FA81CE448F3316EE5F","F6","True","True","True","UNASSESSED","UNASSESSED","YES","PASS"
"174","US-CM-000174","US-CONST-ATOM-000174","174","659DF1EA7CEA74B1D182C20F2276ECB068A9064E9055A89A12A8A4E957EBF2B8","F6","True","True","True","UNASSESSED","UNASSESSED","YES","PASS"
"175","US-CM-000175","US-CONST-ATOM-000175","175","1BE1C549A5D8F6297229A7BBDC64D19FAF56C3AF6373E84819E1DBFE149266FD","F6","True","True","True","UNASSESSED","UNASSESSED","YES","PASS"
"176","US-CM-000176","US-CONST-ATOM-000176","176","1F84FBA981CE38BDB6722F9E69575125F88E37C6FC63CC61580A63A213BE8026","F6","True","True","True","UNASSESSED","UNASSESSED","YES","PASS"
"177","US-CM-000177","US-CONST-ATOM-000177","177","C91ADB899AEE8A80D3ECF79BFAB79AC957F5D972716DEEE310E44577C090022D","F6","True","True","True","UNASSESSED","UNASSESSED","YES","PASS"
"178","US-CM-000178","US-CONST-ATOM-000178","178","88D826C97CEA9D9A4DCBA24F096B07FB085A5A9D0300AE737C70C53A6D57EBFB","F6","True","True","True","UNASSESSED","UNASSESSED","YES","PASS"
"179","US-CM-000179","US-CONST-ATOM-000179","179","E9574EBCD4C6A85C2C78D682768640A176D6F812F2C2921C114E20875D9D40AC","F3","True","True","True","UNASSESSED","UNASSESSED","YES","PASS"
"180","US-CM-000180","US-CONST-ATOM-000180","180","8145E5B5E4460F19283786D8E12B5AE8AC3623D74D96E3B7F8D7263845AF4CD1","F6","True","True","True","UNASSESSED","UNASSESSED","YES","PASS"
"181","US-CM-000181","US-CONST-ATOM-000181","181","24E24C5B225E5B663AF17C4CDA5FEDD2AB475EFDB0F89EA65CD4C053756E0388","F6","True","True","True","UNASSESSED","UNASSESSED","YES","PASS"
"182","US-CM-000182","US-CONST-ATOM-000182","182","31AA5D45B36D9E29A4D70BDA4D1834C9C7C098BDA8211447FC77178AE0953372","F3","True","True","True","UNASSESSED","UNASSESSED","YES","PASS"
"183","US-CM-000183","US-CONST-ATOM-000183","183","51D5E22AE58929E49B9FBB48861E702E6B744A62057402AD93982184248C25B8","F3","True","True","True","UNASSESSED","UNASSESSED","YES","PASS"
"184","US-CM-000184","US-CONST-ATOM-000184","184","C2A239DB95A58E4E038FE7040B89F4C3A3B7D94F97D24D07242194F3EBD4B728","F3","True","True","True","UNASSESSED","UNASSESSED","YES","PASS"
"185","US-CM-000185","US-CONST-ATOM-000185","185","CD6321372EDDFA2946B03EA924A89339D9715ED46AEB79578B60C512843F06C1","F5","True","True","True","UNASSESSED","UNASSESSED","YES","PASS"
"186","US-CM-000186","US-CONST-ATOM-000186","186","08046410CA9BCB590587336E88ABBE75E52545357E2D5D56D1D6DDB9218987F3","F5","True","True","True","UNASSESSED","UNASSESSED","YES","PASS"
"187","US-CM-000187","US-CONST-ATOM-000187","187","6BE7F61702D7F478DC4F33FBA165BC98B21CA1DDB72DDAB7A4F5EFB7938F1420","F6","True","True","True","UNASSESSED","UNASSESSED","YES","PASS"
"188","US-CM-000188","US-CONST-ATOM-000188","188","8717B97D4B959FCF4F4E52B22E55C8B62FC509ED4CE2DEBE85051C9A0450F90D","F3","True","True","True","UNASSESSED","UNASSESSED","YES","PASS"
"189","US-CM-000189","US-CONST-ATOM-000189","189","CCB659040413A6573B397FE44AEEB35A12C6F8340244BD5D35A0652819BCD9E2","F3","True","True","True","UNASSESSED","UNASSESSED","YES","PASS"
"190","US-CM-000190","US-CONST-ATOM-000190","190","8C5E74DF411945A38B352CE96E048A7720B1C7C261ED96460E3C48698C1523F8","F6","True","True","True","UNASSESSED","UNASSESSED","YES","PASS"
"191","US-CM-000191","US-CONST-ATOM-000191","191","B76A643FC2E21D1AA5A1B12921669D521A2FD2A54810FA9E63E4DF3E91DAB417","F6","True","True","True","UNASSESSED","UNASSESSED","YES","PASS"
"192","US-CM-000192","US-CONST-ATOM-000192","192","D1329F1CE7018967BCC9B832E842284211DD46A834DE495A927CD489D1BCD0C6","F5","True","True","True","UNASSESSED","UNASSESSED","YES","PASS"
"193","US-CM-000193","US-CONST-ATOM-000193","193","6780B910920AAE4064129E6B4E2C78157B3592A0044E7BEEBA82971FA9BE540E","F6","True","True","True","UNASSESSED","UNASSESSED","YES","PASS"
"194","US-CM-000194","US-CONST-ATOM-000194","194","89B794119D38E8FCB7C36FC9A89E3F35829BB2B9FCDDA81C60ACD549CFDB70E0","F3","True","True","True","UNASSESSED","UNASSESSED","YES","PASS"
"195","US-CM-000195","US-CONST-ATOM-000195","195","83BD3B450E746A51BD244BE9D3EACF1C0D37799F971FB8F603AE80504E4BB280","F5","True","True","True","UNASSESSED","UNASSESSED","YES","PASS"
"196","US-CM-000196","US-CONST-ATOM-000196","196","501DD26A44D5ABC885BD6B7959567321845133F8EA6ECA4F8F7426DA630765B0","F4","True","True","True","UNASSESSED","UNASSESSED","YES","PASS"
"197","US-CM-000197","US-CONST-ATOM-000197","197","D8B6BF5A46821EFA139B8FAE1A98684DD9D9EDC774C43DE7A9F6F42A0933F95A","F3","True","True","True","UNASSESSED","UNASSESSED","YES","PASS"
"198","US-CM-000198","US-CONST-ATOM-000198","198","72B34AA0BCE2442ED4EC8DDB53AC00189CBBDB79640328D490553D39D841B6B1","F3","True","True","True","UNASSESSED","UNASSESSED","YES","PASS"
"199","US-CM-000199","US-CONST-ATOM-000199","199","C8B4ED361FA829DB3A5EB0F691A631427A7CF5008111ACE80FEE47D24DEAB2DF","F5","True","True","True","UNASSESSED","UNASSESSED","YES","PASS"
"200","US-CM-000200","US-CONST-ATOM-000200","200","74D68298DB1752E3803E6A7D71A9AABEB49C38F2C7DEFB6B4BA90922188908D8","F3","True","True","True","UNASSESSED","UNASSESSED","YES","PASS"
"201","US-CM-000201","US-CONST-ATOM-000201","201","B9D967A29B20C3E05AE24FF7D4031B98B88E3FD3C70DCCDDB9919AA3ECF75093","F3","True","True","True","UNASSESSED","UNASSESSED","YES","PASS"
"202","US-CM-000202","US-CONST-ATOM-000202","202","568F9F6399D6F599E9475F3B441A1F29B4605758383936E960635CDEDE9A35AD","F3","True","True","True","UNASSESSED","UNASSESSED","YES","PASS"
"203","US-CM-000203","US-CONST-ATOM-000203","203","DBC1F44FF3E9498CADC341B2407515C42245AB70A7ABB8930A4D120A72A328DD","F7","True","True","True","UNASSESSED","UNASSESSED","YES","PASS"
"204","US-CM-000204","US-CONST-ATOM-000204","204","74F5F4B600E3894DBFA0CEB1E9D095A8B7210BE37C5E5D71C0308B14C3BC1E12","F7","True","True","True","UNASSESSED","UNASSESSED","YES","PASS"
"205","US-CM-000205","US-CONST-ATOM-000205","205","E23BC75F2CD05BC43F4707969B3441A67D8C115B38F4072DD0C8014AC337DD8E","F7","True","True","True","UNASSESSED","UNASSESSED","YES","PASS"
"206","US-CM-000206","US-CONST-ATOM-000206","206","A55D4CD29FB5A83FAECA4E2ECDBE18D71A60ED5C18EDF99FBF365E183F7C51D7","F7","True","True","True","UNASSESSED","UNASSESSED","YES","PASS"
"207","US-CM-000207","US-CONST-ATOM-000207","207","8BA11C64F105F0B7D22A6A7ECB38F968026866D56951D5B76D8CD456C30BD0FB","F7","True","True","True","UNASSESSED","UNASSESSED","YES","PASS"
"208","US-CM-000208","US-CONST-ATOM-000208","208","31CADB5011FDC42A0308F39181D2BD96357255D0C57A352B280389003A3E6FA7","F7","True","True","True","UNASSESSED","UNASSESSED","YES","PASS"
"209","US-CM-000209","US-CONST-ATOM-000209","209","8D7F05754D7371EAD74C5F0FF87E354BDEE0B3380218CF44159089B92A91E36F","F3","True","True","True","UNASSESSED","UNASSESSED","YES","PASS"
"210","US-CM-000210","US-CONST-ATOM-000210","210","FAB2E510301338A5B613C1D48A38D79C8BA584403808A057480FDE702E316173","F3","True","True","True","UNASSESSED","UNASSESSED","YES","PASS"
"211","US-CM-000211","US-CONST-ATOM-000211","211","4456479130DB3AD2F81A9143EAFBC27BF2B48BE59F6297BEA915A5EB43B0C437","F3","True","True","True","UNASSESSED","UNASSESSED","YES","PASS"
"212","US-CM-000212","US-CONST-ATOM-000212","212","96C03E5102823BEDE44DBD3484255D5C52C82618FF12E58A2A8C3CD83960BD94","F3","True","True","True","UNASSESSED","UNASSESSED","YES","PASS"
"213","US-CM-000213","US-CONST-ATOM-000213","213","DFE832EFC2EAB23B67C1AD18F644A22A416D6B865E7CE190307CAEB443C7FD11","F3","True","True","True","UNASSESSED","UNASSESSED","YES","PASS"
"214","US-CM-000214","US-CONST-ATOM-000214","214","5A098E67498A50A8416802FEA5DD47097391ED03C9001156C496009C0C8531E8","F5","True","True","True","UNASSESSED","UNASSESSED","YES","PASS"
"215","US-CM-000215","US-CONST-ATOM-000215","215","769B90CB26A1EF1F7FD92501CF16E9434B352F5B8ABC086B2D029870CC577CC6","F4","True","True","True","UNASSESSED","UNASSESSED","YES","PASS"
