"atomic_clause_id","global_ordinal","parent_source_unit_id","parent_atomic_ordinal","article","section","materialization_type","source_candidate_ids","source_candidate_decision","source_child_ordinal","source_child_count","source_text","source_text_sha256","source_text_mutated","atomicity_status","constitutional_role","mechanism_mapping","predicate_mapping","orynth_mapping"
"US-CONST-ATOM-000001","1","US-CONST-ART01-SEC01-CL000","1","1","1","SPLIT-CHILD","US-CONST-ART01-SEC01-CL000-AT001","FURTHER-SPLIT","1","2","All legislative Powers herein granted shall be vested in a
Congress of the United States, ","162C7D727B1143316F9E0A907B3F2C08992C65939955C7463D4BFEF681496ADB","NO","FINAL-ATOMIC","UNASSESSED","NO","NO","NO"
"US-CONST-ATOM-000002","2","US-CONST-ART01-SEC01-CL000","2","1","1","SPLIT-CHILD","US-CONST-ART01-SEC01-CL000-AT001","FURTHER-SPLIT","2","2","which shall consist of a Sen-
ate and House of Representatives.","91CB42B27EC3259FF966F676BD1D29EBFA246CBFC67A3251E531D1B9A7726563","NO","FINAL-ATOMIC","UNASSESSED","NO","NO","NO"
"US-CONST-ATOM-000003","3","US-CONST-ART01-SEC02-CL000","1","1","2","SPLIT-CHILD","US-CONST-ART01-SEC02-CL000-AT001","FURTHER-SPLIT","1","2","The House of Representatives shall be composed of Mem-
bers chosen every second Year by the People of the several
States, ","E0FD29536264AFF88664343387DD5F1E62CA8E023AE181A3878E68795761ABC6","NO","FINAL-ATOMIC","UNASSESSED","NO","NO","NO"
"US-CONST-ATOM-000004","4","US-CONST-ART01-SEC02-CL000","2","1","2","SPLIT-CHILD","US-CONST-ART01-SEC02-CL000-AT001","FURTHER-SPLIT","2","2","and the Electors in each State shall have the Qualifi-
cations requisite for Electors of the most numerous Branch
of the State Legislature.","964B3432564743C1DB30E36F8D431A9D91D9F78137B5FEB74E2394351758C3AD","NO","FINAL-ATOMIC","UNASSESSED","NO","NO","NO"
"US-CONST-ATOM-000005","5","US-CONST-ART01-SEC02-CL000","3","1","2","RETAIN","US-CONST-ART01-SEC02-CL000-AT002","RETAIN","1","1","
No Person shall be a Representative who shall not have
attained to the Age of twenty five Years, and been seven
Years a Citizen of the United States, and who shall not,
when elected, be an Inhabitant of that State in which he
shall be chosen.","7076C30D55C866E40FA774ACC215522F806FB548D1E7293EB4F0476B8000BE13","NO","FINAL-ATOMIC","UNASSESSED","NO","NO","NO"
"US-CONST-ATOM-000006","6","US-CONST-ART01-SEC02-CL000","4","1","2","SPLIT-CHILD","US-CONST-ART01-SEC02-CL000-AT003","FURTHER-SPLIT","1","2","
[Representatives and direct Taxes shall be apportioned
among the several States which may be included within
this Union, according to their respective Numbers, which
shall be determined by adding to the whole Number of
free Persons, including those bound to Service for a Term
of Years, and excluding Indians not taxed, three fifths of
all other Persons.]* ","446F6DB2F58E22B8958AA5A5C4E97FB0DC70025EC2D22BAF2BEAD548AEDE5AD2","NO","FINAL-ATOMIC","UNASSESSED","NO","NO","NO"
"US-CONST-ATOM-000007","7","US-CONST-ART01-SEC02-CL000","5","1","2","SPLIT-CHILD","US-CONST-ART01-SEC02-CL000-AT003","FURTHER-SPLIT","2","2","The actual Enumeration shall be made
within three Years after the first Meeting of the Congress
of the United States, and within every subsequent Term of
ten Years, in such Manner as they shall by Law direct.","682A631C19845CF015861F7E25EE9C9C740085F77B2AFDD4CD403F72A6CC5C3B","NO","FINAL-ATOMIC","UNASSESSED","NO","NO","NO"
"US-CONST-ATOM-000008","8","US-CONST-ART01-SEC02-CL000","6","1","2","SPLIT-CHILD","US-CONST-ART01-SEC02-CL000-AT004","FURTHER-SPLIT","1","2"," The
Number of Representatives shall not exceed one for every
thirty Thousand, ","73657780549899E7F83E49F386BB86BBAFD90245BC84E35DDDDEF188A8A7FC49","NO","FINAL-ATOMIC","UNASSESSED","NO","NO","NO"
"US-CONST-ATOM-000009","9","US-CONST-ART01-SEC02-CL000","7","1","2","SPLIT-CHILD","US-CONST-ART01-SEC02-CL000-AT004","FURTHER-SPLIT","2","2","but each State shall have at Least one
Representative;","F3AF87982C95968596B5A44F0F9677BA4B7996EF7684487C0EF81B77BAFA7081","NO","FINAL-ATOMIC","UNASSESSED","NO","NO","NO"
"US-CONST-ATOM-000010","10","US-CONST-ART01-SEC02-CL000","8","1","2","RETAIN","US-CONST-ART01-SEC02-CL000-AT005","RETAIN","1","1"," and until such enumeration shall be made,
the State of New Hampshire shall be entitled to chuse
three, Massachusetts eight, Rhode-Island and Providence
Plantations one, Connecticut five, New-York six, New
Jersey four, Pennsylvania eight, Delaware one, Maryland
six, Virginia ten, North Carolina five, South Carolina five,
and Georgia three.","258A05D77F8B8BBC22BB94961704F51902162DACAF7CBF1307AC18C1A11A5AB1","NO","FINAL-ATOMIC","UNASSESSED","NO","NO","NO"
"US-CONST-ATOM-000011","11","US-CONST-ART01-SEC02-CL000","9","1","2","RETAIN","US-CONST-ART01-SEC02-CL000-AT006","RETAIN","1","1","
When vacancies happen in the Representation from any
State, the Executive Authority thereof shall issue Writs of
Election to fill such Vacancies.","FB0E83DAA5F9397EAFFCE2EAEE9857EDE86147EF88EAA39A6E2E3DC591AFFFFB","NO","FINAL-ATOMIC","UNASSESSED","NO","NO","NO"
"US-CONST-ATOM-000012","12","US-CONST-ART01-SEC02-CL000","10","1","2","RETAIN","US-CONST-ART01-SEC02-CL000-AT007","RETAIN","1","1","
The House of Representatives shall chuse their
Speaker and other Officers;","B16BEEAE8E4CCCE15C139927C1B575D2A22A8F91260FC20252D35C8BA2ED0318","NO","FINAL-ATOMIC","UNASSESSED","NO","NO","NO"
"US-CONST-ATOM-000013","13","US-CONST-ART01-SEC02-CL000","11","1","2","RETAIN","US-CONST-ART01-SEC02-CL000-AT008","RETAIN","1","1"," and shall have the sole
Power of Impeachment.","5A8D1B94924A3B9690CC0EA0AD2F4038699BA534304B785938755C90B483C686","NO","FINAL-ATOMIC","UNASSESSED","NO","NO","NO"
"US-CONST-ATOM-000014","14","US-CONST-ART01-SEC03-CL000","1","1","3","RETAIN","US-CONST-ART01-SEC03-CL000-AT001","RETAIN","1","1","The Senate of the United States shall be composed of two
Senators from each State, [chosen by the Legislature there-
of,]* for six Years;","5BA06FAE09654B5AE2818CB5EED0E5DD50125862294B707A26E62F1E48790BBF","NO","FINAL-ATOMIC","UNASSESSED","NO","NO","NO"
"US-CONST-ATOM-000015","15","US-CONST-ART01-SEC03-CL000","2","1","3","RETAIN","US-CONST-ART01-SEC03-CL000-AT002","RETAIN","1","1"," and each Senator shall have one Vote.","D0C2C24B36FDBDACBF879C4A15C4B224168C4D69E9F4424CE7A2B5DFC545F421","NO","FINAL-ATOMIC","UNASSESSED","NO","NO","NO"
"US-CONST-ATOM-000016","16","US-CONST-ART01-SEC03-CL000","3","1","3","RETAIN","US-CONST-ART01-SEC03-CL000-AT003","RETAIN","1","1","
Immediately after they shall be assembled in Consequence
of the first Election, they shall be divided as equally as may
be into three Classes.","5D3E2739E1CA3642B12CE1B622C8DFD0132E992EC39256661DF090C2E20556CB","NO","FINAL-ATOMIC","UNASSESSED","NO","NO","NO"
"US-CONST-ATOM-000017","17","US-CONST-ART01-SEC03-CL000","4","1","3","RETAIN","US-CONST-ART01-SEC03-CL000-AT004","RETAIN","1","1"," The Seats of the Senators of the first
Class shall be vacated at the Expiration of the second Year,
of the second Class at the Expiration of the fourth Year, and
of the third Class at the Expiration of the sixth Year, so that
one third may be chosen every second Year;","D3E230D21A4E79621031D9A06A27147B15E53CDE8AA3D3E76C2E17713DF4373B","NO","FINAL-ATOMIC","UNASSESSED","NO","NO","NO"
"US-CONST-ATOM-000018","18","US-CONST-ART01-SEC03-CL000","5","1","3","SPLIT-CHILD","US-CONST-ART01-SEC03-CL000-AT005","FURTHER-SPLIT","1","3"," [and if Vacan-
cies happen by Resignation, or otherwise, during the Recess
of the Legislature of any State, the Executive thereof may
make temporary Appointments until the next Meeting of
the Legislature, which shall then fill such Vacancies.]*

","7EC2BD3EB63276B682D592FD0321D0F2BD40BF191063D0206A50824F8C0E937D","NO","FINAL-ATOMIC","UNASSESSED","NO","NO","NO"
"US-CONST-ATOM-000019","19","US-CONST-ART01-SEC03-CL000","6","1","3","SPLIT-CHILD","US-CONST-ART01-SEC03-CL000-AT005","FURTHER-SPLIT","2","3","No Person shall be a Senator who shall not have attained
to the Age of thirty Years, and been nine Years a Citizen of
the United States, and who shall not, when elected, be an
Inhabitant of that State for which he shall be chosen
","3E59DA59630EFA1BDD24668B118F1C27952A07283EB5F82786DFEDBE33C4E31F","NO","FINAL-ATOMIC","UNASSESSED","NO","NO","NO"
"US-CONST-ATOM-000020","20","US-CONST-ART01-SEC03-CL000","7","1","3","SPLIT-CHILD","US-CONST-ART01-SEC03-CL000-AT005","FURTHER-SPLIT","3","3","The Vice President of the United States shall be
President of the Senate, but shall have no Vote, unless
they be equally divided.","59508EAF9E5A7F8F5E6E8374DE4E0E0A32052B6386852E062922F9E4F6D87D4A","NO","FINAL-ATOMIC","UNASSESSED","NO","NO","NO"
"US-CONST-ATOM-000021","21","US-CONST-ART01-SEC03-CL000","8","1","3","SPLIT-CHILD","US-CONST-ART01-SEC03-CL000-AT006","FURTHER-SPLIT","1","2","
The Senate shall chuse their other Officers, and also a
President pro tempore, in the Absence of the Vice
President, or when he shall exercise the Office of
President of the United States
","9A5614DDB885EB2E2F5CC3980F24EAE3FD2CF9866B228FA0C879DC2AA33C4D33","NO","FINAL-ATOMIC","UNASSESSED","NO","NO","NO"
"US-CONST-ATOM-000022","22","US-CONST-ART01-SEC03-CL000","9","1","3","SPLIT-CHILD","US-CONST-ART01-SEC03-CL000-AT006","FURTHER-SPLIT","2","2","The Senate shall have the sole Power to try all Impeach-
ments.","1B7863B1C0EF7BDE595A3647492E7B37EEAA5A42A5E9AC177EDCA48E2CB19CF7","NO","FINAL-ATOMIC","UNASSESSED","NO","NO","NO"
"US-CONST-ATOM-000023","23","US-CONST-ART01-SEC03-CL000","10","1","3","RETAIN","US-CONST-ART01-SEC03-CL000-AT007","RETAIN","1","1"," When sitting for that Purpose, they shall be on
Oath or Affirmation.","9A820F6046FD1A3203CD91D6198FB33A45639CA9B06C320B43EE9595FF4B61A4","NO","FINAL-ATOMIC","UNASSESSED","NO","NO","NO"
"US-CONST-ATOM-000024","24","US-CONST-ART01-SEC03-CL000","11","1","3","SPLIT-CHILD","US-CONST-ART01-SEC03-CL000-AT008","FURTHER-SPLIT","1","2"," When the President of the United
States is tried, the Chief Justice shall preside: ","8E4C922A5587A15F5D4F89CCAA349CB6C84DECABD9BCD058E529A71E053A2B36","NO","FINAL-ATOMIC","UNASSESSED","NO","NO","NO"
"US-CONST-ATOM-000025","25","US-CONST-ART01-SEC03-CL000","12","1","3","SPLIT-CHILD","US-CONST-ART01-SEC03-CL000-AT008","FURTHER-SPLIT","2","2","And no
Person shall be convicted without the Concurrence of two
thirds of the Members present.","73C24D309D339E3686D22FE99112E6064BC4A0EE1D86014D7FC692D6AC78751E","NO","FINAL-ATOMIC","UNASSESSED","NO","NO","NO"
"US-CONST-ATOM-000026","26","US-CONST-ART01-SEC03-CL000","13","1","3","SPLIT-CHILD","US-CONST-ART01-SEC03-CL000-AT009","FURTHER-SPLIT","1","2","
Judgment in Cases of Imp eachment shall not extend
further than to removal from Office, and disqualification to
hold and enjoy any Office of honor, Trust or Profit under
the United States: ","18D9DB60CD671AA4DC28CB0F52E9297BA08CD68C3632E428E36BBA3289671AB7","NO","FINAL-ATOMIC","UNASSESSED","NO","NO","NO"
"US-CONST-ATOM-000027","27","US-CONST-ART01-SEC03-CL000","14","1","3","SPLIT-CHILD","US-CONST-ART01-SEC03-CL000-AT009","FURTHER-SPLIT","2","2","but the Party convicted shall nevertheless
be liable and subject to Indictment, Trial, Judgment and
Punishment, according to Law.","CF3880C54B71A9F634B959B4991717B6DD883CF6A68E1C5A4289677C8B896589","NO","FINAL-ATOMIC","UNASSESSED","NO","NO","NO"
"US-CONST-ATOM-000028","28","US-CONST-ART01-SEC04-CL000","1","1","4","RETAIN","US-CONST-ART01-SEC04-CL000-AT001","RETAIN","1","1","The Times, Places and Manner of holding Elections for
Senators and Representatives, shall be prescribed in each
State by the Legislature thereof;","EACA99E3705B21115C51043374C308829671EF675866E2939465F6349F887E10","NO","FINAL-ATOMIC","UNASSESSED","NO","NO","NO"
"US-CONST-ATOM-000029","29","US-CONST-ART01-SEC04-CL000","2","1","4","RETAIN","US-CONST-ART01-SEC04-CL000-AT002","RETAIN","1","1"," but the Congress may at
any time by Law make or alter such Regulations, except as
to the Places of chusing Senators.","280AF3B590BF622037B71F62E508AB6BC4DE39D1433AD17483CE149BCFFB82B5","NO","FINAL-ATOMIC","UNASSESSED","NO","NO","NO"
"US-CONST-ATOM-000030","30","US-CONST-ART01-SEC04-CL000","3","1","4","RETAIN","US-CONST-ART01-SEC04-CL000-AT003","RETAIN","1","1","
The Congress shall assemble at least once in every Year, and
such Meeting shall be [on the first Monday in December,]*
unless they shall by Law appoint a different Day.","E2B345016702D78FC1555FE95E07F2A841E15ADB4A8BAF4A14023DA8BEB9468C","NO","FINAL-ATOMIC","UNASSESSED","NO","NO","NO"
"US-CONST-ATOM-000031","31","US-CONST-ART01-SEC05-CL000","1","1","5","SPLIT-CHILD","US-CONST-ART01-SEC05-CL000-AT001","FURTHER-SPLIT","1","2","Each House shall be the Judge of the Elections, Returns
and Qualifications of its own Members, ","EE09D174B474B8FEF9EA5AF2321324D4BE53FCB76BCCF22DF77C7098B07D79A4","NO","FINAL-ATOMIC","UNASSESSED","NO","NO","NO"
"US-CONST-ATOM-000032","32","US-CONST-ART01-SEC05-CL000","2","1","5","SPLIT-CHILD","US-CONST-ART01-SEC05-CL000-AT001","FURTHER-SPLIT","2","2","and a Majority
of each shall constitute a Quorum to do Business;","74730E929CB613A69291DB85270CBF175BC8D1FAE7D3D1E97A2E5524A74A34E3","NO","FINAL-ATOMIC","UNASSESSED","NO","NO","NO"
"US-CONST-ATOM-000033","33","US-CONST-ART01-SEC05-CL000","3","1","5","SPLIT-CHILD","US-CONST-ART01-SEC05-CL000-AT002","FURTHER-SPLIT","1","2"," but a
smaller Number may adjourn from day to day, ","9A8F16EBD2CFCEEB567078807353B0DC6C032255CE61616B67937ABB9AE136A7","NO","FINAL-ATOMIC","UNASSESSED","NO","NO","NO"
"US-CONST-ATOM-000034","34","US-CONST-ART01-SEC05-CL000","4","1","5","SPLIT-CHILD","US-CONST-ART01-SEC05-CL000-AT002","FURTHER-SPLIT","2","2","and may be
authorized to compel the Attendance of absent Members,
in such Manner, and under such Penalties as each House
may provide.","A81C076C591D3D66975490412209EF582A63627795339687285CEEAEC7F3A948","NO","FINAL-ATOMIC","UNASSESSED","NO","NO","NO"
"US-CONST-ATOM-000035","35","US-CONST-ART01-SEC05-CL000","5","1","5","SPLIT-CHILD","US-CONST-ART01-SEC05-CL000-AT003","FURTHER-SPLIT","1","3","
Each House may determine the Rules of its Proceedings,
","5AFB01149D327CBF8F86A9EBA4021BC6282F929277F21037DEFC62EA13F5090B","NO","FINAL-ATOMIC","UNASSESSED","NO","NO","NO"
"US-CONST-ATOM-000036","36","US-CONST-ART01-SEC05-CL000","6","1","5","SPLIT-CHILD","US-CONST-ART01-SEC05-CL000-AT003","FURTHER-SPLIT","2","3","punish its Members for disorderly Behaviour, ","9413E5CA988D3DBEB633C142668DBCD12CB2231A98AC61012DAB18160E465BA3","NO","FINAL-ATOMIC","UNASSESSED","NO","NO","NO"
"US-CONST-ATOM-000037","37","US-CONST-ART01-SEC05-CL000","7","1","5","SPLIT-CHILD","US-CONST-ART01-SEC05-CL000-AT003","FURTHER-SPLIT","3","3","and, with the
Concurrence of two thirds, expel a Member.","C9E644E1C6EEC18671D2F2341E271AE33076050F2E4A5A1AA7979357B10719B8","NO","FINAL-ATOMIC","UNASSESSED","NO","NO","NO"
"US-CONST-ATOM-000038","38","US-CONST-ART01-SEC05-CL000","8","1","5","SPLIT-CHILD","US-CONST-ART01-SEC05-CL000-AT004","FURTHER-SPLIT","1","2","
Each House shall keep a Journal of its Proceedings, ","C614524A1DB4B3F0720C50F90DF514CDEC111789254F6B173222743964839464","NO","FINAL-ATOMIC","UNASSESSED","NO","NO","NO"
"US-CONST-ATOM-000039","39","US-CONST-ART01-SEC05-CL000","9","1","5","SPLIT-CHILD","US-CONST-ART01-SEC05-CL000-AT004","FURTHER-SPLIT","2","2","and
from time to time publish the same, excepting such Parts
as may in their Judgment require Secrecy;","7EB5C71328EA13504B532B479EC998A82E4B23C16A3A5A9035EC161D5CED7358","NO","FINAL-ATOMIC","UNASSESSED","NO","NO","NO"
"US-CONST-ATOM-000040","40","US-CONST-ART01-SEC05-CL000","10","1","5","RETAIN","US-CONST-ART01-SEC05-CL000-AT005","RETAIN","1","1"," and the Yeas
and Nays of the Members of either House on any question
shall, at the Desire of one fifth of those Present, be entered
on the Journal.","EC873CB56C205E97D2844FF42C63456AD54904258FE689297DB786EA0608CFC1","NO","FINAL-ATOMIC","UNASSESSED","NO","NO","NO"
"US-CONST-ATOM-000041","41","US-CONST-ART01-SEC05-CL000","11","1","5","RETAIN","US-CONST-ART01-SEC05-CL000-AT006","RETAIN","1","1","
Neither House, during the Session of Congress, shall, with-
out the Consent of the other, adjourn for more than three
days, nor to any other Place than that in which the two
Houses shall be sitting.","8D1D5FCE21E115E790A267338F49AB80C33BE2070FDA1E50D48CEAC1731E1897","NO","FINAL-ATOMIC","UNASSESSED","NO","NO","NO"
"US-CONST-ATOM-000042","42","US-CONST-ART01-SEC06-CL000","1","1","6","RETAIN","US-CONST-ART01-SEC06-CL000-AT001","RETAIN","1","1","The Senators and Representatives shall receive a Compen-
sation for their Services, to be ascertained by Law, and paid
out of the Treasury of the United States.","30906B9C1852A14256F270851F23D01659DE2A2FEF5CD56F731557C5E198775B","NO","FINAL-ATOMIC","UNASSESSED","NO","NO","NO"
"US-CONST-ATOM-000043","43","US-CONST-ART01-SEC06-CL000","2","1","6","RETAIN","US-CONST-ART01-SEC06-CL000-AT002","RETAIN","1","1"," They shall in all
Cases, except Treason, Felony and Breach of the Peace, be
privileged from Arrest during their Attendance at the Ses-
sion of their respective Houses, and in going to and return-
ing from the same;","E84ACBE6C8113FE2376A2F7C19F030D34E2AD57D4D603132A43FF09362FEB911","NO","FINAL-ATOMIC","UNASSESSED","NO","NO","NO"
"US-CONST-ATOM-000044","44","US-CONST-ART01-SEC06-CL000","3","1","6","RETAIN","US-CONST-ART01-SEC06-CL000-AT003","RETAIN","1","1"," and for any Speech or Debate in either
House, they shall not be questioned in any other Place.","A34B7AD8A1BA84C3F8B98243157FD65E0F1DBACE1DBC0272AB05603BDFAF2043","NO","FINAL-ATOMIC","UNASSESSED","NO","NO","NO"
"US-CONST-ATOM-000045","45","US-CONST-ART01-SEC06-CL000","4","1","6","RETAIN","US-CONST-ART01-SEC06-CL000-AT004","RETAIN","1","1","
No Senator or Representative shall, during the Time for
which he was elected, be appointed to any civil Office
under the Authority of the United States, which shall have
been created, or the Emoluments whereof shall have been
encreased during such time;","6245A7F585AF99047A417D87DC6654122365116A58343273C1458E374814B299","NO","FINAL-ATOMIC","UNASSESSED","NO","NO","NO"
"US-CONST-ATOM-000046","46","US-CONST-ART01-SEC06-CL000","5","1","6","RETAIN","US-CONST-ART01-SEC06-CL000-AT005","RETAIN","1","1"," and no Person holding any
Office under the United States, shall be a Member of either
House during his Continuance in Office.","B48149423F10BDECFD79624E4302484B01EA0921BA16F037F1636BF1E023802F","NO","FINAL-ATOMIC","UNASSESSED","NO","NO","NO"
"US-CONST-ATOM-000047","47","US-CONST-ART01-SEC07-CL000","1","1","7","RETAIN","US-CONST-ART01-SEC07-CL000-AT001","RETAIN","1","1","All Bills for raising Revenue shall originate in the House of
Representatives;","E0BD760172F27646FB3B2C4AC579A518A7476BF6B82FE4C39F3D1EA43331B345","NO","FINAL-ATOMIC","UNASSESSED","NO","NO","NO"
"US-CONST-ATOM-000048","48","US-CONST-ART01-SEC07-CL000","2","1","7","SPLIT-CHILD","US-CONST-ART01-SEC07-CL000-AT002","FURTHER-SPLIT","1","2"," but the Senate may propose or concur with
Amendments as on other Bills
","FB542A88C00D866FC7350C7F3238FACAFB19994E8E5EF3391372864D08F33B1C","NO","FINAL-ATOMIC","UNASSESSED","NO","NO","NO"
"US-CONST-ATOM-000049","49","US-CONST-ART01-SEC07-CL000","3","1","7","SPLIT-CHILD","US-CONST-ART01-SEC07-CL000-AT002","FURTHER-SPLIT","2","2","Every Bill which shall have passed the House of Represen-
tatives and the Senate, shall, before it become a Law, be
presented to the President of the United States;","2D2D4BABA6ADCFBB6E6A9C55DEFB9FD76F4378FCAD48711916911E2F092F2A3A","NO","FINAL-ATOMIC","UNASSESSED","NO","NO","NO"
"US-CONST-ATOM-000050","50","US-CONST-ART01-SEC07-CL000","4","1","7","SPLIT-CHILD","US-CONST-ART01-SEC07-CL000-AT003","FURTHER-SPLIT","1","4"," If he ap-
prove he shall sign it, ","DF558CEF2EE0318711CD35BC1226515FB27FB82FFC82AA090154D09BF1D858C7","NO","FINAL-ATOMIC","UNASSESSED","NO","NO","NO"
"US-CONST-ATOM-000051","51","US-CONST-ART01-SEC07-CL000","5","1","7","SPLIT-CHILD","US-CONST-ART01-SEC07-CL000-AT003","FURTHER-SPLIT","2","4","but if not he shall return it, with his
Objections to that House in which it shall have originated,
","D859B317FE625F2E45E5A8660BA8FB4B81D261099B8D11E347DC6FE476BFBBF6","NO","FINAL-ATOMIC","UNASSESSED","NO","NO","NO"
"US-CONST-ATOM-000052","52","US-CONST-ART01-SEC07-CL000","6","1","7","SPLIT-CHILD","US-CONST-ART01-SEC07-CL000-AT003","FURTHER-SPLIT","3","4","who shall enter the Objections at large on their Journal,
","9B91F3A6A32738C0C6604C9989B6EF4946DBBDB6A2B82E4B9082CC73DA799A8D","NO","FINAL-ATOMIC","UNASSESSED","NO","NO","NO"
"US-CONST-ATOM-000053","53","US-CONST-ART01-SEC07-CL000","7","1","7","SPLIT-CHILD","US-CONST-ART01-SEC07-CL000-AT003","FURTHER-SPLIT","4","4","and proceed to reconsider it.","ED16429A69FFB9AC75F8BFB24D51A14CCA36E978211FBDE926D748831D5976AA","NO","FINAL-ATOMIC","UNASSESSED","NO","NO","NO"
"US-CONST-ATOM-000054","54","US-CONST-ART01-SEC07-CL000","8","1","7","SPLIT-CHILD","US-CONST-ART01-SEC07-CL000-AT004","FURTHER-SPLIT","1","2"," If after such Reconsideration
two thirds of that House shall agree to pass the Bill, it shall
be sent, together with the Objections, to the other House,
by which it shall likewise be reconsidered, ","EC32FBA5CDB0534C786D3D8D429ADCD5B1BD54541591FAC36CF32962D0195B75","NO","FINAL-ATOMIC","UNASSESSED","NO","NO","NO"
"US-CONST-ATOM-000055","55","US-CONST-ART01-SEC07-CL000","9","1","7","SPLIT-CHILD","US-CONST-ART01-SEC07-CL000-AT004","FURTHER-SPLIT","2","2","and if approved
by two thirds of that House, it shall become a Law.","52D74A468D613EAEE491A47930F253B27D9F99697B6CE706FB81E0CBB50D4D4A","NO","FINAL-ATOMIC","UNASSESSED","NO","NO","NO"
"US-CONST-ATOM-000056","56","US-CONST-ART01-SEC07-CL000","10","1","7","SPLIT-CHILD","US-CONST-ART01-SEC07-CL000-AT005","FURTHER-SPLIT","1","4"," But in
all such Cases the Votes of both Houses shall be determined
by Yeas and Nays, ","188E6DBC0064D4DEC48BC266D9F9BB86DCFDECE8BD55CF94D2C42101917F825A","NO","FINAL-ATOMIC","UNASSESSED","NO","NO","NO"
"US-CONST-ATOM-000057","57","US-CONST-ART01-SEC07-CL000","11","1","7","SPLIT-CHILD","US-CONST-ART01-SEC07-CL000-AT005","FURTHER-SPLIT","2","4","and the Names of the Persons voting for
and against the Bill shall be entered on the Journal of each
House respectively, ","C3FDB0176AAC7F71463145DB085A6B63FBAF2354BAE3917B4849CA9288C6CDF5","NO","FINAL-ATOMIC","UNASSESSED","NO","NO","NO"
"US-CONST-ATOM-000058","58","US-CONST-ART01-SEC07-CL000","12","1","7","SPLIT-CHILD","US-CONST-ART01-SEC07-CL000-AT005","FURTHER-SPLIT","3","4","If any Bill shall not be returned by the
President within ten Days (Sundays excepted) after it shall
have been presented to him, the Same shall be a Law, in
like Manner as if he had signed it, unless the Congress by
their Adjournment prevent its Return, in which Case it shall
not be a Law
","D9BCF0B4F7D5EC57200BDD1AB783332997D69EBC3789414F482ECFFE4BC7102F","NO","FINAL-ATOMIC","UNASSESSED","NO","NO","NO"
"US-CONST-ATOM-000059","59","US-CONST-ART01-SEC07-CL000","13","1","7","SPLIT-CHILD","US-CONST-ART01-SEC07-CL000-AT005","FURTHER-SPLIT","4","4","Every Order, Resolution, or Vote to which the Concur-
rence of the Senate and House of Representatives may be
necessary (except on a question of Adjournment) shall be
presented to the President of the United States;","D220DDEE972245799DBB037EACF043E206DC7C64EE89DEDC7E0F7E1ED0989ECF","NO","FINAL-ATOMIC","UNASSESSED","NO","NO","NO"
"US-CONST-ATOM-000060","60","US-CONST-ART01-SEC07-CL000","14","1","7","RETAIN","US-CONST-ART01-SEC07-CL000-AT006","RETAIN","1","1"," and before
the Same shall take Effect, shall be approved by him, or be-
ing disapproved by him, shall be repassed by two thirds of
the Senate and House of Representatives, according to the
Rules and Limitations prescribed in the Case of a Bill.","3103B3356EB7B86515A53083F6F146DA70F4A294D4504044058CF8DDD5CA14B2","NO","FINAL-ATOMIC","UNASSESSED","NO","NO","NO"
"US-CONST-ATOM-000061","61","US-CONST-ART01-SEC08-CL000","1","1","8","RETAIN","US-CONST-ART01-SEC08-CL000-AT001","RETAIN","1","1","The Congress shall have Power To lay and collect Taxes,
Duties, Imposts and Excises, to pay the Debts and provide
for the common Defence and general Welfare of the United
States;","4004EBD82F2D368F4A1007D28F1912154819366DFB5B258AA0E9C29DCE0257CE","NO","FINAL-ATOMIC","UNASSESSED","NO","NO","NO"
"US-CONST-ATOM-000062","62","US-CONST-ART01-SEC08-CL000","2","1","8","RETAIN","US-CONST-ART01-SEC08-CL000-AT002","RETAIN","1","1"," but all Duties, Imposts and Excises shall be uniform
throughout the United States;","E2D6257AF2739604E77F9B2B0114A36CBCD2CAEB84DB1F1BEECCFA935B16DC22","NO","FINAL-ATOMIC","UNASSESSED","NO","NO","NO"
"US-CONST-ATOM-000063","63","US-CONST-ART01-SEC08-CL000","3","1","8","RETAIN","US-CONST-ART01-SEC08-CL000-AT003","RETAIN","1","1","
To borrow Money on the credit of the United States;","F864BD7AE6112D589F079CB922F3C4515EC79759BEA09E1797B340FAC4FCACF9","NO","FINAL-ATOMIC","UNASSESSED","NO","NO","NO"
"US-CONST-ATOM-000064","64","US-CONST-ART01-SEC08-CL000","4","1","8","RETAIN","US-CONST-ART01-SEC08-CL000-AT004","RETAIN","1","1","
To regulate Commerce with foreign Nations, and among
the several States, and with the Indian Tribes;","572E7AFE5C7F3F7524BA599FF629B0FB8682066CE91A3A943A8124C9625BACDE","NO","FINAL-ATOMIC","UNASSESSED","NO","NO","NO"
"US-CONST-ATOM-000065","65","US-CONST-ART01-SEC08-CL000","5","1","8","SPLIT-CHILD","US-CONST-ART01-SEC08-CL000-AT005","FURTHER-SPLIT","1","2","
To establish an uniform Rule of Naturalization, ","0B2083676669DE60A7DF2EEECF81C7B7A2A382D44EC09BDC37203205E4F06986","NO","FINAL-ATOMIC","UNASSESSED","NO","NO","NO"
"US-CONST-ATOM-000066","66","US-CONST-ART01-SEC08-CL000","6","1","8","SPLIT-CHILD","US-CONST-ART01-SEC08-CL000-AT005","FURTHER-SPLIT","2","2","and uni-
form Laws on the subject of Bankruptcies throughout the
United States;","4DDD8BF73D7F2A5A31F7519EE18107DE2E52BA5A22994E7C78E8DD9536C6AB15","NO","FINAL-ATOMIC","UNASSESSED","NO","NO","NO"
"US-CONST-ATOM-000067","67","US-CONST-ART01-SEC08-CL000","7","1","8","SPLIT-CHILD","US-CONST-ART01-SEC08-CL000-AT006","FURTHER-SPLIT","1","3","
To coin Money, ","DE9EFE395BF385AE5E083CD50339FB5D69CAB95DF6B31773D7D4E8D0D0A9FD25","NO","FINAL-ATOMIC","UNASSESSED","NO","NO","NO"
"US-CONST-ATOM-000068","68","US-CONST-ART01-SEC08-CL000","8","1","8","SPLIT-CHILD","US-CONST-ART01-SEC08-CL000-AT006","FURTHER-SPLIT","2","3","regulate the Value thereof, and of foreign
Coin, ","E26B9AE279CB16B34EEAAA31C2D4442BFF89D2B2D61C9292E226DEDA26265D30","NO","FINAL-ATOMIC","UNASSESSED","NO","NO","NO"
"US-CONST-ATOM-000069","69","US-CONST-ART01-SEC08-CL000","9","1","8","SPLIT-CHILD","US-CONST-ART01-SEC08-CL000-AT006","FURTHER-SPLIT","3","3","and fix the Standard of Weights and Measures;","86DE2CFB709E9A4CD94671D71FCC523243ED427A3219EEFD5977F2EDE616E8FA","NO","FINAL-ATOMIC","UNASSESSED","NO","NO","NO"
"US-CONST-ATOM-000070","70","US-CONST-ART01-SEC08-CL000","10","1","8","RETAIN","US-CONST-ART01-SEC08-CL000-AT007","RETAIN","1","1","
To provide for the Punishment of counterfeiting the Securi-
ties and current Coin of the United States;","68A120DF321A5A440308A9F418E9AAC34FC46F13382CB4E67C49FF5AC2E2524C","NO","FINAL-ATOMIC","UNASSESSED","NO","NO","NO"
"US-CONST-ATOM-000071","71","US-CONST-ART01-SEC08-CL000","11","1","8","RETAIN","US-CONST-ART01-SEC08-CL000-AT008","RETAIN","1","1","
To establish Post Offices and post Roads;","C1FD75098AC13E48180A4F492FBFC3F9DF300505F25E8DD1883D22A7529AA5B9","NO","FINAL-ATOMIC","UNASSESSED","NO","NO","NO"
"US-CONST-ATOM-000072","72","US-CONST-ART01-SEC08-CL000","12","1","8","RETAIN","US-CONST-ART01-SEC08-CL000-AT009","RETAIN","1","1","
To promote the Progress of Science and useful Arts, by
securing for limited Times to Authors and Inventors the
exclusive Right to their respective Writings and Discoveries;","E7769B6C26F76B2C17E11057561061DAE726B957094C61BBA462344FEEB19E14","NO","FINAL-ATOMIC","UNASSESSED","NO","NO","NO"
"US-CONST-ATOM-000073","73","US-CONST-ART01-SEC08-CL000","13","1","8","RETAIN","US-CONST-ART01-SEC08-CL000-AT010","RETAIN","1","1","
To constitute Tribunals inferior to the supreme Court;","4469FE85CA84A2C9E56A6213B9D115774230488EB79977E7D1F2B297D5F86E9A","NO","FINAL-ATOMIC","UNASSESSED","NO","NO","NO"
"US-CONST-ATOM-000074","74","US-CONST-ART01-SEC08-CL000","14","1","8","RETAIN","US-CONST-ART01-SEC08-CL000-AT011","RETAIN","1","1","
To define and punish Piracies and Felonies committed on
the high Seas, and Offenses against the Law of Nations;","B62110F8D3B6553BF8D8C4BF849E7F5C2A593E69D0A5ADB1C5B39609DC07B335","NO","FINAL-ATOMIC","UNASSESSED","NO","NO","NO"
"US-CONST-ATOM-000075","75","US-CONST-ART01-SEC08-CL000","15","1","8","SPLIT-CHILD","US-CONST-ART01-SEC08-CL000-AT012","FURTHER-SPLIT","1","3","
To declare War, ","4B9EED05C5D479437E8ADCDF74223233CCC244D4ED1EB169E71971D2392F3AA1","NO","FINAL-ATOMIC","UNASSESSED","NO","NO","NO"
"US-CONST-ATOM-000076","76","US-CONST-ART01-SEC08-CL000","16","1","8","SPLIT-CHILD","US-CONST-ART01-SEC08-CL000-AT012","FURTHER-SPLIT","2","3","grant Letters of Marque and Reprisal, ","A74D1A6FD553026A71B83B66089DE3A0385A767FEABCC2F85A61AEDA4AF144AB","NO","FINAL-ATOMIC","UNASSESSED","NO","NO","NO"
"US-CONST-ATOM-000077","77","US-CONST-ART01-SEC08-CL000","17","1","8","SPLIT-CHILD","US-CONST-ART01-SEC08-CL000-AT012","FURTHER-SPLIT","3","3","and
make Rules concerning Captures on Land and Water;","4EDFEAE135F1FB262517AA4A610F89367031DBA2906FF18EA8754024B2D2B069","NO","FINAL-ATOMIC","UNASSESSED","NO","NO","NO"
"US-CONST-ATOM-000078","78","US-CONST-ART01-SEC08-CL000","18","1","8","SPLIT-CHILD","US-CONST-ART01-SEC08-CL000-AT013","FURTHER-SPLIT","1","2","
To raise and support Armies, ","AD2C085A1C2FBD600B07EB91DB129F5329F062C52DBBD1C948C1489451283847","NO","FINAL-ATOMIC","UNASSESSED","NO","NO","NO"
"US-CONST-ATOM-000079","79","US-CONST-ART01-SEC08-CL000","19","1","8","SPLIT-CHILD","US-CONST-ART01-SEC08-CL000-AT013","FURTHER-SPLIT","2","2","but no Appropriation of
Money to that Use shall be for a longer Term than two
Years;","1495F095CC6D12D47C8FD8214D1629DB95556918A4E758C732DAC2EE529DC011","NO","FINAL-ATOMIC","UNASSESSED","NO","NO","NO"
"US-CONST-ATOM-000080","80","US-CONST-ART01-SEC08-CL000","20","1","8","RETAIN","US-CONST-ART01-SEC08-CL000-AT014","RETAIN","1","1","
To provide and maintain a Navy;","6DFF9804AC5228A13EC32685DAD9C9AB851D657D5AE2D22E739F87714E23D64B","NO","FINAL-ATOMIC","UNASSESSED","NO","NO","NO"
"US-CONST-ATOM-000081","81","US-CONST-ART01-SEC08-CL000","21","1","8","RETAIN","US-CONST-ART01-SEC08-CL000-AT015","RETAIN","1","1","
To make Rules for the Government and Regulation of the
land and naval Forces;","8F050A2123923B89B20064FA7E7CB3ABE0BFDCFBC2DBF3E40F08590A8F016A58","NO","FINAL-ATOMIC","UNASSESSED","NO","NO","NO"
"US-CONST-ATOM-000082","82","US-CONST-ART01-SEC08-CL000","22","1","8","RETAIN","US-CONST-ART01-SEC08-CL000-AT016","RETAIN","1","1","
To provide for calling forth the Militia to execute the Laws
of the Union, suppress Insurrections and repel Invasions;","587BE64972F1C12A44217690F27A84BA0247698D0DB3BACF60CFFA0C9CCDE7CB","NO","FINAL-ATOMIC","UNASSESSED","NO","NO","NO"
"US-CONST-ATOM-000083","83","US-CONST-ART01-SEC08-CL000","23","1","8","SPLIT-CHILD","US-CONST-ART01-SEC08-CL000-AT017","FURTHER-SPLIT","1","4","
To provide for organizing, arming, and disciplining, the
Militia, ","42027CD7CB0D1B283261EDA947E8F6AAF97E64C65126DBB4C3D992781E2C51DE","NO","FINAL-ATOMIC","UNASSESSED","NO","NO","NO"
"US-CONST-ATOM-000084","84","US-CONST-ART01-SEC08-CL000","24","1","8","SPLIT-CHILD","US-CONST-ART01-SEC08-CL000-AT017","FURTHER-SPLIT","2","4","and for governing such Part of them as may be
employed in the Service of the United States, ","CA553E8525E61E6E189C258AD8B4233F12FCE6D484613FBF7A436DA04EAB7E7C","NO","FINAL-ATOMIC","UNASSESSED","NO","NO","NO"
"US-CONST-ATOM-000085","85","US-CONST-ART01-SEC08-CL000","25","1","8","SPLIT-CHILD","US-CONST-ART01-SEC08-CL000-AT017","FURTHER-SPLIT","3","4","reserving to
the States respectively, the Appointment of the Officers,
","FD8ED6A0A9CD1EA83C824D5415E3C2EB2E90351A69EA8EDF28E01AC55AA476F2","NO","FINAL-ATOMIC","UNASSESSED","NO","NO","NO"
"US-CONST-ATOM-000086","86","US-CONST-ART01-SEC08-CL000","26","1","8","SPLIT-CHILD","US-CONST-ART01-SEC08-CL000-AT017","FURTHER-SPLIT","4","4","and the Authority of training the Militia according to the
discipline prescribed by Congress;","C89B1E3CB2CD41F615CA73FB5F4D89C80E4DCE07944179F97D36B0C5672DDEB3","NO","FINAL-ATOMIC","UNASSESSED","NO","NO","NO"
"US-CONST-ATOM-000087","87","US-CONST-ART01-SEC08-CL000","27","1","8","SPLIT-CHILD","US-CONST-ART01-SEC08-CL000-AT018","FURTHER-SPLIT","1","2","To exercise exclusive Legislation in all Cases whatsoever,
over such District (not exceeding ten Miles square) as
may, by Cession of particular States, and the Acceptance
of Congress, become the Seat of the Government of the
United States, ","6065AE1394455B5D29C108EAD51C16171D949827A0EC94B8388F0B18A5D401BD","NO","FINAL-ATOMIC","UNASSESSED","NO","NO","NO"
"US-CONST-ATOM-000088","88","US-CONST-ART01-SEC08-CL000","28","1","8","SPLIT-CHILD","US-CONST-ART01-SEC08-CL000-AT018","FURTHER-SPLIT","2","2","and to exercise like Authority over all Places
purchased by the Consent of the Legislature of the State in
which the Same shall be, for the Erection of Forts, Maga-
zines, Arsenals, dock-Yards and other needful Buildings;","97BDEBD1B440F974FF6BB7736657E6E78C7C85B8DA7C0907D5AE5949CDD9A162","NO","FINAL-ATOMIC","UNASSESSED","NO","NO","NO"
"US-CONST-ATOM-000089","89","US-CONST-ART01-SEC08-CL000","29","1","8","RETAIN","US-CONST-ART01-SEC08-CL000-AT019","RETAIN","1","1","
-And
To make all Laws which shall be necessary and proper for
carrying into Execution the foregoing Powers, and all other
Powers vested by this Constitution in the Government of
the United States, or in any Department or Officer thereof.","FEE1B44D9EF636D00239A8069ED9A655976DCECB112CD04EFC904E3F6711443D","NO","FINAL-ATOMIC","UNASSESSED","NO","NO","NO"
"US-CONST-ATOM-000090","90","US-CONST-ART01-SEC09-CL000","1","1","9","SPLIT-CHILD","US-CONST-ART01-SEC09-CL000-AT001","FURTHER-SPLIT","1","3","The Migration or Importation of such Persons as any of the
States now existing shall think proper to admit, shall not be
prohibited by the Congress prior to the Year one thousand
eight hundred and eight, ","6C5743A6BDBF1B515C7C124A1010BCDE6AD0064F5DD3ADBD58B329371328C1DD","NO","FINAL-ATOMIC","UNASSESSED","NO","NO","NO"
"US-CONST-ATOM-000091","91","US-CONST-ART01-SEC09-CL000","2","1","9","SPLIT-CHILD","US-CONST-ART01-SEC09-CL000-AT001","FURTHER-SPLIT","2","3","but a Tax or duty may be imposed
on such Importation, not exceeding ten dollars for each
Person
","B7092D0E1CA93AC9E7782FC4477F95EE31AF7874845591553A525A8B8AD47836","NO","FINAL-ATOMIC","UNASSESSED","NO","NO","NO"
"US-CONST-ATOM-000092","92","US-CONST-ART01-SEC09-CL000","3","1","9","SPLIT-CHILD","US-CONST-ART01-SEC09-CL000-AT001","FURTHER-SPLIT","3","3","The Privilege of the Writ of Habeas Corpus shall not be
suspended, unless when in Cases of Rebellion or Invasion
the public Safety may require it.","D2BE20D20FDD326BA4F2A0ADD12D489E15A02F4A7878888E5EAD54004AE9EA27","NO","FINAL-ATOMIC","UNASSESSED","NO","NO","NO"
"US-CONST-ATOM-000093","93","US-CONST-ART01-SEC09-CL000","4","1","9","RETAIN","US-CONST-ART01-SEC09-CL000-AT002","RETAIN","1","1","
No Bill of Attainder or ex post facto Law shall be passed.","E2A5F251279272691CF9AEAECEE1C74A60E50EDB899E88DEFBF187DB3B26BD56","NO","FINAL-ATOMIC","UNASSESSED","NO","NO","NO"
"US-CONST-ATOM-000094","94","US-CONST-ART01-SEC09-CL000","5","1","9","SPLIT-CHILD","US-CONST-ART01-SEC09-CL000-AT003","FURTHER-SPLIT","1","4","
[No Capitation, or other direct, Tax shall be laid, unless in
Proportion to the Census or Enumeration herein before
directed to be taken.]*
","702D33A7FFD01B0C3E7CC3F6FC60F375A40D7E47FF502AE9FDA7059B805C370C","NO","FINAL-ATOMIC","UNASSESSED","NO","NO","NO"
"US-CONST-ATOM-000095","95","US-CONST-ART01-SEC09-CL000","6","1","9","SPLIT-CHILD","US-CONST-ART01-SEC09-CL000-AT003","FURTHER-SPLIT","2","4","No Tax or Duty shall be laid on Articles exported from any
State
","4FEFB51D72E89C15BFDD8B865A8213A5558F5C6B7A2031DAD3F4DE57EDFE1321","NO","FINAL-ATOMIC","UNASSESSED","NO","NO","NO"
"US-CONST-ATOM-000096","96","US-CONST-ART01-SEC09-CL000","7","1","9","SPLIT-CHILD","US-CONST-ART01-SEC09-CL000-AT003","FURTHER-SPLIT","3","4","No Preference shall be given by any Regulation of Com-
merce or Revenue to the Ports of one State over those of
another: ","55D50EC88628661108193769F0B3307D1C15F85726B6C5B0118F0BD904451E25","NO","FINAL-ATOMIC","UNASSESSED","NO","NO","NO"
"US-CONST-ATOM-000097","97","US-CONST-ART01-SEC09-CL000","8","1","9","SPLIT-CHILD","US-CONST-ART01-SEC09-CL000-AT003","FURTHER-SPLIT","4","4","nor shall Vessels bound to, or from, one State, be
obliged to enter, clear, or pay Duties in another.","7FBF86916AE08E8627D03DBD34F3ABE7306CBB88D7C2C352F8179FE68E6648CC","NO","FINAL-ATOMIC","UNASSESSED","NO","NO","NO"
"US-CONST-ATOM-000098","98","US-CONST-ART01-SEC09-CL000","9","1","9","RETAIN","US-CONST-ART01-SEC09-CL000-AT004","RETAIN","1","1","
No Money shall be drawn from the Treasury, but in Con-
sequence of Appropriations made by Law;","9468A9D4D65E8DD0969C2CEBC56257C73D9332F63BAE7194FC2A0EE7115F1652","NO","FINAL-ATOMIC","UNASSESSED","NO","NO","NO"
"US-CONST-ATOM-000099","99","US-CONST-ART01-SEC09-CL000","10","1","9","RETAIN","US-CONST-ART01-SEC09-CL000-AT005","RETAIN","1","1"," and a regular
Statement and Account of the Receipts and Expenditures of
all public Money shall be published from time to time.","44574AA1B0F82192FC63E3343BF3AB222784B7ABE80BCAC6C438C9B9433F6800","NO","FINAL-ATOMIC","UNASSESSED","NO","NO","NO"
"US-CONST-ATOM-000100","100","US-CONST-ART01-SEC09-CL000","11","1","9","SPLIT-CHILD","US-CONST-ART01-SEC09-CL000-AT006","FURTHER-SPLIT","1","2","
No Title of Nobility shall be granted by the United States:
","24C9F045C47458D0D37493F8829484ECDD80ED996CF2FF9DAF79C5782F5A21FF","NO","FINAL-ATOMIC","UNASSESSED","NO","NO","NO"
"US-CONST-ATOM-000101","101","US-CONST-ART01-SEC09-CL000","12","1","9","SPLIT-CHILD","US-CONST-ART01-SEC09-CL000-AT006","FURTHER-SPLIT","2","2","And no Person holding any Office of Profit or Trust under
them, shall, without the Consent of the Congress, accept
of any present, Emolument, Office, or Title, of any kind
whatever, from any King, Prince, or foreign State.","75DA112916222EC60E87463864A6F64B5E045FC2C13E62C9C8E0B16B1A310CE8","NO","FINAL-ATOMIC","UNASSESSED","NO","NO","NO"
"US-CONST-ATOM-000102","102","US-CONST-ART01-SEC10-CL000","1","1","10","RETAIN","US-CONST-ART01-SEC10-CL000-AT001","RETAIN","1","1","No State shall enter into any Treaty, Alliance, or Confedera-
tion;","E3DB51060B3CF436CDAE5DFF830FFA33B5C5004BB715E43C6BAD9A0DDF73074E","NO","FINAL-ATOMIC","UNASSESSED","NO","NO","NO"
"US-CONST-ATOM-000103","103","US-CONST-ART01-SEC10-CL000","2","1","10","RETAIN","US-CONST-ART01-SEC10-CL000-AT002","RETAIN","1","1"," grant Letters of Marque and Reprisal;","4075F6A56841C63220DD6A2C9F50731FAF8D4D219EC58CBE71395AF0EE1C5E88","NO","FINAL-ATOMIC","UNASSESSED","NO","NO","NO"
"US-CONST-ATOM-000104","104","US-CONST-ART01-SEC10-CL000","3","1","10","RETAIN","US-CONST-ART01-SEC10-CL000-AT003","RETAIN","1","1"," coin Money;","8AC033CD6DBFAEB6506A717827370FB54589859BE5BB5D28510D2343EC41FF6C","NO","FINAL-ATOMIC","UNASSESSED","NO","NO","NO"
"US-CONST-ATOM-000105","105","US-CONST-ART01-SEC10-CL000","4","1","10","RETAIN","US-CONST-ART01-SEC10-CL000-AT004","RETAIN","1","1","
emit Bills of Credit;","52AA94CC919E14568F3B7DCBF2DF849DDC4FE0139C63B3021F3EF079AF565EF4","NO","FINAL-ATOMIC","UNASSESSED","NO","NO","NO"
"US-CONST-ATOM-000106","106","US-CONST-ART01-SEC10-CL000","5","1","10","RETAIN","US-CONST-ART01-SEC10-CL000-AT005","RETAIN","1","1"," make any Thing but gold and silver
Coin a Tender in Payment of Debts;","DAADA9A27F15A344212314FDAB0CBEDF144151B2DDED1F5C02B1F2E31F8AF0E3","NO","FINAL-ATOMIC","UNASSESSED","NO","NO","NO"
"US-CONST-ATOM-000107","107","US-CONST-ART01-SEC10-CL000","6","1","10","SPLIT-CHILD","US-CONST-ART01-SEC10-CL000-AT006","FURTHER-SPLIT","1","4"," pass any Bill of At-
tainder, ","29B1B2635495E6A6429CD37A14184D981BFD8E66DA3B30C2DFD8C5A12B968112","NO","FINAL-ATOMIC","UNASSESSED","NO","NO","NO"
"US-CONST-ATOM-000108","108","US-CONST-ART01-SEC10-CL000","7","1","10","SPLIT-CHILD","US-CONST-ART01-SEC10-CL000-AT006","FURTHER-SPLIT","2","4","ex post facto Law, ","1816C10FA0EC7B13B4C28FE9DB570BAA2ADB9AF3C0B501C9B64DE0E3D510DED5","NO","FINAL-ATOMIC","UNASSESSED","NO","NO","NO"
"US-CONST-ATOM-000109","109","US-CONST-ART01-SEC10-CL000","8","1","10","SPLIT-CHILD","US-CONST-ART01-SEC10-CL000-AT006","FURTHER-SPLIT","3","4","or Law impairing the Obligation
of Contracts, ","B0D7EA96AD3540668A40E33C369EC86738A2595FC0FDAAFD42DE1504F844D910","NO","FINAL-ATOMIC","UNASSESSED","NO","NO","NO"
"US-CONST-ATOM-000110","110","US-CONST-ART01-SEC10-CL000","9","1","10","SPLIT-CHILD","US-CONST-ART01-SEC10-CL000-AT006","FURTHER-SPLIT","4","4","or grant any Title of Nobility.","A4620EDE7BD7AD5B44DFA2CDBACEF1F0315BE77AFB29C6D7171ABE6F6E9C6243","NO","FINAL-ATOMIC","UNASSESSED","NO","NO","NO"
"US-CONST-ATOM-000111","111","US-CONST-ART01-SEC10-CL000","10","1","10","SPLIT-CHILD","US-CONST-ART01-SEC10-CL000-AT007","FURTHER-SPLIT","1","2","
No State shall, without the Consent of the Congress, lay
any Imposts or Duties on Imports or Exports, except what
may be absolutely necessary for executing itâ€™s inspection
Laws: ","D988AA5DE6047C401BAE02D7A2765C83F138251F76E98ED01BA25CE653D5B353","NO","FINAL-ATOMIC","UNASSESSED","NO","NO","NO"
"US-CONST-ATOM-000112","112","US-CONST-ART01-SEC10-CL000","11","1","10","SPLIT-CHILD","US-CONST-ART01-SEC10-CL000-AT007","FURTHER-SPLIT","2","2","and the net Produce of all Duties and Imposts, laid
by any State on Imports or Exports, shall be for the Use of
the Treasury of the United States;","45964093B62C9CE193807F90CBF6F4EF408F43C3AD0CDA1EAC331B48D39F0C2F","NO","FINAL-ATOMIC","UNASSESSED","NO","NO","NO"
"US-CONST-ATOM-000113","113","US-CONST-ART01-SEC10-CL000","12","1","10","RETAIN","US-CONST-ART01-SEC10-CL000-AT008","RETAIN","1","1"," and all such Laws shall be
subject to the Revision and Controul of the Congress.","98E0830FF0A21F924B7E70C0BED7DFC01706783C7B84371527C03EDD49189D03","NO","FINAL-ATOMIC","UNASSESSED","NO","NO","NO"
"US-CONST-ATOM-000114","114","US-CONST-ART01-SEC10-CL000","13","1","10","SPLIT-CHILD","US-CONST-ART01-SEC10-CL000-AT009","FURTHER-SPLIT","1","4","
No State shall, without the Consent of Congress, lay any
Duty of Tonnage, ","FA1E943A108AF646D075EF3D5DAD3948A062DA5390D6E90A07469A4B2F24BD5A","NO","FINAL-ATOMIC","UNASSESSED","NO","NO","NO"
"US-CONST-ATOM-000115","115","US-CONST-ART01-SEC10-CL000","14","1","10","SPLIT-CHILD","US-CONST-ART01-SEC10-CL000-AT009","FURTHER-SPLIT","2","4","keep Troops, or Ships of War in time of
Peace, ","2AE04DF97CADB9ED8D78ADB1D231BDB054C81B3A63DEE391D17A641F9C3254E4","NO","FINAL-ATOMIC","UNASSESSED","NO","NO","NO"
"US-CONST-ATOM-000116","116","US-CONST-ART01-SEC10-CL000","15","1","10","SPLIT-CHILD","US-CONST-ART01-SEC10-CL000-AT009","FURTHER-SPLIT","3","4","enter into any Agreement or Compact with another
State, or with a foreign Power, ","FDAC61FA9B2BA46A1EF8A94A5A2CDB7EFB986AB46F3618C06A4ED39A430981BF","NO","FINAL-ATOMIC","UNASSESSED","NO","NO","NO"
"US-CONST-ATOM-000117","117","US-CONST-ART01-SEC10-CL000","16","1","10","SPLIT-CHILD","US-CONST-ART01-SEC10-CL000-AT009","FURTHER-SPLIT","4","4","or engage in War, unless
actually invaded, or in such imminent Danger as will not
admit of delay.","F90D0A16F9F2CAA2EE395EAA3008A7B6B22FE0181515ECF0E82B133730531676","NO","FINAL-ATOMIC","UNASSESSED","NO","NO","NO"
"US-CONST-ATOM-000118","118","US-CONST-ART02-SEC01-CL000","1","2","1","RETAIN","US-CONST-ART02-SEC01-CL000-AT001","RETAIN","1","1","The executive Power shall be vested in a President of the
United States of America.","C0E2EF362F3330294F06B48B3EFBCE988BD911B120405989FE590AD77337B840","NO","FINAL-ATOMIC","UNASSESSED","NO","NO","NO"
"US-CONST-ATOM-000119","119","US-CONST-ART02-SEC01-CL000","2","2","1","SPLIT-CHILD","US-CONST-ART02-SEC01-CL000-AT002","FURTHER-SPLIT","1","3"," He shall hold his Office during
the Term of four Years, and, together with the Vice Presi-
dent, chosen for the same Term, be elected, as follows:
","7F1967216BCB9BB54942C234B8E2DCC4238204D89E19E173F6ACC7E7C742E4A0","NO","FINAL-ATOMIC","UNASSESSED","NO","NO","NO"
"US-CONST-ATOM-000120","120","US-CONST-ART02-SEC01-CL000","3","2","1","SPLIT-CHILD","US-CONST-ART02-SEC01-CL000-AT002","FURTHER-SPLIT","2","3","Each State shall appoint, in such Manner as the Legislature
thereof may direct, a Number of Electors, equal to the
whole Number of Senators and Representatives to which
the State may be entitled in the Congress: ","C2894909B2329014434F9D53E97CE84EF2EEC8E89C71FA88026897131FC81397","NO","FINAL-ATOMIC","UNASSESSED","NO","NO","NO"
"US-CONST-ATOM-000121","121","US-CONST-ART02-SEC01-CL000","4","2","1","SPLIT-CHILD","US-CONST-ART02-SEC01-CL000-AT002","FURTHER-SPLIT","3","3","but no Senator or
Representative, or Person holding an Office of Trust or Prof-
it under the United States, shall be appointed an Elector.","DED23434F51663FF05FFD9AF3318758C35FD6C730DDF8156B2A89A220A68857A","NO","FINAL-ATOMIC","UNASSESSED","NO","NO","NO"
"US-CONST-ATOM-000122","122","US-CONST-ART02-SEC01-CL000","5","2","1","RETAIN","US-CONST-ART02-SEC01-CL000-AT003","RETAIN","1","1","
[The Electors shall meet in their respective States, and vote
by Ballot for two Persons, of whom one at least shall not
be an Inhabitant of the same State with themselves.","FBD9F8173BC237F25D70ABB10AE394DE33D58F54347CD6740C0D4EF85005E76A","NO","FINAL-ATOMIC","UNASSESSED","NO","NO","NO"
"US-CONST-ATOM-000123","123","US-CONST-ART02-SEC01-CL000","6","2","1","RETAIN","US-CONST-ART02-SEC01-CL000-AT004","RETAIN","1","1"," And
they shall make a List of all the Persons voted for, and of
the Number of Votes for each;","E87E99AF81F8ABC1B2077A92B21A91F2665F0C9A2B8481F9B9025A57529D8F7B","NO","FINAL-ATOMIC","UNASSESSED","NO","NO","NO"
"US-CONST-ATOM-000124","124","US-CONST-ART02-SEC01-CL000","7","2","1","RETAIN","US-CONST-ART02-SEC01-CL000-AT005","RETAIN","1","1"," which List they shall sign
and certify, and transmit sealed to the Seat of the Govern-
ment of the United States, directed to the President of the
Senate.","7A80BEAB85D8B793C6BDDFAC37A044B89BEF8531CCC6685E235E05E051DE65F6","NO","FINAL-ATOMIC","UNASSESSED","NO","NO","NO"
"US-CONST-ATOM-000125","125","US-CONST-ART02-SEC01-CL000","8","2","1","SPLIT-CHILD","US-CONST-ART02-SEC01-CL000-AT006","FURTHER-SPLIT","1","2"," The President of the Senate shall, in the Presence
of the Senate and House of Representatives, open all the
Certificates, ","02530A058D0ECF6E1BC08B67C2C3D8373D3BC39F3CC01F4E5888D3A41E8C8175","NO","FINAL-ATOMIC","UNASSESSED","NO","NO","NO"
"US-CONST-ATOM-000126","126","US-CONST-ART02-SEC01-CL000","9","2","1","SPLIT-CHILD","US-CONST-ART02-SEC01-CL000-AT006","FURTHER-SPLIT","2","2","and the Votes shall then be counted.","2AE789624A25054AB130F47F2778168CA4EC52901971FCA49F4AA9F77D2B10FC","NO","FINAL-ATOMIC","UNASSESSED","NO","NO","NO"
"US-CONST-ATOM-000127","127","US-CONST-ART02-SEC01-CL000","10","2","1","RETAIN","US-CONST-ART02-SEC01-CL000-AT007","RETAIN","1","1"," The
Person having the greatest Number of Votes shall be the
President, if such Number be a Majority of the whole
Number of Electors appointed;","3C184442A433DE297C917C6FC5F41CB9ACED3167ECB2BC3720C15F0B9D3A03F6","NO","FINAL-ATOMIC","UNASSESSED","NO","NO","NO"
"US-CONST-ATOM-000128","128","US-CONST-ART02-SEC01-CL000","11","2","1","RETAIN","US-CONST-ART02-SEC01-CL000-AT008","RETAIN","1","1"," and if there be more than
one who have such Majority, and have an equal Number of
Votes, then the House of Representatives shall immediately
chuse by Ballot one of them for President;","D934DA2EB7E2777DB92E6C89D516B30AD91641CBF6C969435320AE8AE4A17013","NO","FINAL-ATOMIC","UNASSESSED","NO","NO","NO"
"US-CONST-ATOM-000129","129","US-CONST-ART02-SEC01-CL000","12","2","1","RETAIN","US-CONST-ART02-SEC01-CL000-AT009","RETAIN","1","1"," and if no Person
have a Majority, then from the five highest on the List
the said House shall in like Manner chuse the President.","7AB0AC8A608B1910A466D790FF71227230E1EDC68E56F262A732FF5B6A30B8B7","NO","FINAL-ATOMIC","UNASSESSED","NO","NO","NO"
"US-CONST-ATOM-000130","130","US-CONST-ART02-SEC01-CL000","13","2","1","RETAIN","US-CONST-ART02-SEC01-CL000-AT010","RETAIN","1","1","
But in chusing the President, the Votes shall be taken by
States, the Representation from each State having one Vote;","3A52D3063A83E7B2D19DF09F1777AFE044EEFEAA8C1E076D9FB1153FDA8B6A07","NO","FINAL-ATOMIC","UNASSESSED","NO","NO","NO"
"US-CONST-ATOM-000131","131","US-CONST-ART02-SEC01-CL000","14","2","1","SPLIT-CHILD","US-CONST-ART02-SEC01-CL000-AT011","FURTHER-SPLIT","1","2","
A quorum for this Purpose shall consist of a Member or
Members from two thirds of the States, ","A6704C068CD9BF79C38DDCEEB24105AF4759D5350231338FDA18D204E20E4F45","NO","FINAL-ATOMIC","UNASSESSED","NO","NO","NO"
"US-CONST-ATOM-000132","132","US-CONST-ART02-SEC01-CL000","15","2","1","SPLIT-CHILD","US-CONST-ART02-SEC01-CL000-AT011","FURTHER-SPLIT","2","2","and a Majority of
all the States shall be necessary to a Choice.","028E9853A7004B7BB46CFBCA2EBBFA7A8DACAEF11838194DFEFE4C062EBAE8BC","NO","FINAL-ATOMIC","UNASSESSED","NO","NO","NO"
"US-CONST-ATOM-000133","133","US-CONST-ART02-SEC01-CL000","16","2","1","RETAIN","US-CONST-ART02-SEC01-CL000-AT012","RETAIN","1","1"," In every Case,
after the Choice of the President, the Person having the
greatest Number of Votes of the Electors shall be the Vice
President.","A85F866A419BC56B5A718F79CDE66513E9B4E170747CB707708C991313DA02DC","NO","FINAL-ATOMIC","UNASSESSED","NO","NO","NO"
"US-CONST-ATOM-000134","134","US-CONST-ART02-SEC01-CL000","17","2","1","SPLIT-CHILD","US-CONST-ART02-SEC01-CL000-AT013","FURTHER-SPLIT","1","3"," But if there should remain two or more who
have equal Votes, the Senate shall chuse from them by Bal-
lot the Vice President.]*

","DA2F43594D76DFCB16FC441BBED3F9F4134C280E78DEC1527FCDA1F61B5E5712","NO","FINAL-ATOMIC","UNASSESSED","NO","NO","NO"
"US-CONST-ATOM-000135","135","US-CONST-ART02-SEC01-CL000","18","2","1","SPLIT-CHILD","US-CONST-ART02-SEC01-CL000-AT013","FURTHER-SPLIT","2","3","The Congress may determine the Time of chusing the
Electors, ","262FDD24DDE3433754A7EA401E5DEBFE286A082320F2BD7E82EF2725A241CFB7","NO","FINAL-ATOMIC","UNASSESSED","NO","NO","NO"
"US-CONST-ATOM-000136","136","US-CONST-ART02-SEC01-CL000","19","2","1","SPLIT-CHILD","US-CONST-ART02-SEC01-CL000-AT013","FURTHER-SPLIT","3","3","and the Day on which they shall give their Votes;","5950E01BF494ADC8653EED8C2D3E12F1F5787F7588F1DE0942E4D79E88A61D91","NO","FINAL-ATOMIC","UNASSESSED","NO","NO","NO"
"US-CONST-ATOM-000137","137","US-CONST-ART02-SEC01-CL000","20","2","1","RETAIN","US-CONST-ART02-SEC01-CL000-AT014","RETAIN","1","1","
which Day shall be the same throughout the United States.","6EF1BEC7F394CF4927C7E39A64E5BD99813D12AC92A4D0B036860C06C5543B16","NO","FINAL-ATOMIC","UNASSESSED","NO","NO","NO"
"US-CONST-ATOM-000138","138","US-CONST-ART02-SEC01-CL000","21","2","1","RETAIN","US-CONST-ART02-SEC01-CL000-AT015","RETAIN","1","1","
No Person except a natural born Citizen, or a Citizen
of the United States, at the time of the Adoption of this
Constitution, shall be eligible to the Office of President;","23199B9AAE257FB927EF79B2F280ACA3D30158DE5644378490F0EB1DAA3339F0","NO","FINAL-ATOMIC","UNASSESSED","NO","NO","NO"
"US-CONST-ATOM-000139","139","US-CONST-ART02-SEC01-CL000","22","2","1","SPLIT-CHILD","US-CONST-ART02-SEC01-CL000-AT016","FURTHER-SPLIT","1","6","
neither shall any person be eligible to that Office who shall
not have attained to the Age of thirty five Years, and been
fourteen Years a Resident within the United States
","B1ACF7EFFD8843C2A3D5FB07E9AA993B5375F8CBCB6E299C98CBE1F1CFD2C7ED","NO","FINAL-ATOMIC","UNASSESSED","NO","NO","NO"
"US-CONST-ATOM-000140","140","US-CONST-ART02-SEC01-CL000","23","2","1","SPLIT-CHILD","US-CONST-ART02-SEC01-CL000-AT016","FURTHER-SPLIT","2","6","In Case of the Removal of the President from Office, or of
his Death, Resignation, or Inability to discharge the Powers
and Duties of the said Office, the Same shall devolve on the
Vice President, ","B812870796A14047F514EDFBA0EE6EAF0493C8DADD7F61954C91B7F80A56827D","NO","FINAL-ATOMIC","UNASSESSED","NO","NO","NO"
"US-CONST-ATOM-000141","141","US-CONST-ART02-SEC01-CL000","24","2","1","SPLIT-CHILD","US-CONST-ART02-SEC01-CL000-AT016","FURTHER-SPLIT","3","6","and the Congress may by Law provide for
the Case of Removal, Death, Resignation or Inability, both
of the President and Vice President, declaring what Officer
shall then act as President, and such Officer shall act ac-
cordingly, until the Disability be removed, or a President
shall be elected.]*
","38404D28AE8E39F08D92CF2D4AF252773DEECB5CC2B8C877FF0BC04F0173E63F","NO","FINAL-ATOMIC","UNASSESSED","NO","NO","NO"
"US-CONST-ATOM-000142","142","US-CONST-ART02-SEC01-CL000","25","2","1","SPLIT-CHILD","US-CONST-ART02-SEC01-CL000-AT016","FURTHER-SPLIT","4","6","The President shall, at stated Times, receive for his Services,
a Compensation, ","87120EAAE3B6C8B10F6C464E6C8D0A3A627FDE57928CB497A63659A27CB6377B","NO","FINAL-ATOMIC","UNASSESSED","NO","NO","NO"
"US-CONST-ATOM-000143","143","US-CONST-ART02-SEC01-CL000","26","2","1","SPLIT-CHILD","US-CONST-ART02-SEC01-CL000-AT016","FURTHER-SPLIT","5","6","which shall neither be increased nor
diminished during the Period for which he shall have been
elected, ","1BE3096650DD140E46E7E570D3A1AFC00481227CF2BCF199CA7DCAE5343B0C5D","NO","FINAL-ATOMIC","UNASSESSED","NO","NO","NO"
"US-CONST-ATOM-000144","144","US-CONST-ART02-SEC01-CL000","27","2","1","SPLIT-CHILD","US-CONST-ART02-SEC01-CL000-AT016","FURTHER-SPLIT","6","6","and he shall not receive within that Period any
other Emolument from the United States, or any of them.","E7DCDC52A22AF11D389869B952AC1FF64AAB7E55BC5357B4E4C29F2D8D3D6D92","NO","FINAL-ATOMIC","UNASSESSED","NO","NO","NO"
"US-CONST-ATOM-000145","145","US-CONST-ART02-SEC01-CL000","28","2","1","RETAIN","US-CONST-ART02-SEC01-CL000-AT017","RETAIN","1","1","Before he enter on the Execution of his Office, he shall
take the following Oath or Affirmation:- â€œI do solemnly
swear (or affirm) that I will faithfully execute the Office of
President of the United States, and will to the best of my
Ability, preserve, protect and defend the Constitution of
the United States.â€","2B6B917024A046B023DF52B7C0FD66E441EC4AD2B70BE0EDB6E070BA8387EC56","NO","FINAL-ATOMIC","UNASSESSED","NO","NO","NO"
"US-CONST-ATOM-000146","146","US-CONST-ART02-SEC02-CL000","1","2","2","RETAIN","US-CONST-ART02-SEC02-CL000-AT001","RETAIN","1","1","The President shall be Commander in Chief of the Army
and Navy of the United States, and of the Militia of the
several States, when called into the actual Service of the
United States;","747DCAFE3E79695A0DAC0751EFAFBF78A145CB83C88A9224E6C37E2A480B2D08","NO","FINAL-ATOMIC","UNASSESSED","NO","NO","NO"
"US-CONST-ATOM-000147","147","US-CONST-ART02-SEC02-CL000","2","2","2","SPLIT-CHILD","US-CONST-ART02-SEC02-CL000-AT002","FURTHER-SPLIT","1","2"," he may require the Opinion, in writing, of
the principal Officer in each of the executive Departments,
upon any Subject relating to the Duties of their respective
Offices, ","FC63C32638A8E886DA4609AAE4EBCE9A916F9E5012B77B9438176F642329AD23","NO","FINAL-ATOMIC","UNASSESSED","NO","NO","NO"
"US-CONST-ATOM-000148","148","US-CONST-ART02-SEC02-CL000","3","2","2","SPLIT-CHILD","US-CONST-ART02-SEC02-CL000-AT002","FURTHER-SPLIT","2","2","and he shall have Power to grant Reprieves and
Pardons for Offenses against the United States, except in
Cases of Impeachment.","24842F7CB32B9DD46D56A2EBD4BF36157C40DA07A964E0F1542A6D5467493A6F","NO","FINAL-ATOMIC","UNASSESSED","NO","NO","NO"
"US-CONST-ATOM-000149","149","US-CONST-ART02-SEC02-CL000","4","2","2","RETAIN","US-CONST-ART02-SEC02-CL000-AT003","RETAIN","1","1","
He shall have Power, by and with the Advice and Consent
of the Senate, to make Treaties, provided two thirds of the
Senators present concur;","BB2B2758A836880ED2B237A95F466E8347FD20400715D8729C3C111DD769F8A5","NO","FINAL-ATOMIC","UNASSESSED","NO","NO","NO"
"US-CONST-ATOM-000150","150","US-CONST-ART02-SEC02-CL000","5","2","2","SPLIT-CHILD","US-CONST-ART02-SEC02-CL000-AT004","FURTHER-SPLIT","1","3"," and he shall nominate, ","227C9084470220CE185DD4F2AEEEFFBCA31CC18D19777AA33CEE371C5927DD54","NO","FINAL-ATOMIC","UNASSESSED","NO","NO","NO"
"US-CONST-ATOM-000151","151","US-CONST-ART02-SEC02-CL000","6","2","2","SPLIT-CHILD","US-CONST-ART02-SEC02-CL000-AT004","FURTHER-SPLIT","2","3","and by and
with the Advice and Consent of the Senate, shall appoint
Ambassadors, other public Ministers and Consuls, Judges
of the supreme Court, and all other Officers of the United
States, whose Appointments are not herein otherwise
provided for, and which shall be established by Law: ","09A137D015B09E165C24573DF0B79D2F3517600727842126E6D99A58B5E2A33B","NO","FINAL-ATOMIC","UNASSESSED","NO","NO","NO"
"US-CONST-ATOM-000152","152","US-CONST-ART02-SEC02-CL000","7","2","2","SPLIT-CHILD","US-CONST-ART02-SEC02-CL000-AT004","FURTHER-SPLIT","3","3","but
the Congress may by Law vest the Appointment of such in-
ferior Officers, as they think proper, in the President alone,
in the Courts of Law, or in the Heads of Departments.","1E2736B6AA63896BFBFB667906DAE3D80E1EF33BDE36C2128069A5C5BEFCB92B","NO","FINAL-ATOMIC","UNASSESSED","NO","NO","NO"
"US-CONST-ATOM-000153","153","US-CONST-ART02-SEC02-CL000","8","2","2","SPLIT-CHILD","US-CONST-ART02-SEC02-CL000-AT005","FURTHER-SPLIT","1","2","
The President shall have Power to fill up all Vacancies
that may happen during the Recess of the Senate, by
granting Commissions ","B1B76402F47654FAD2CDA437A4D2C7460AADC0541B69EBEF098A5FA1CA0BFC85","NO","FINAL-ATOMIC","UNASSESSED","NO","NO","NO"
"US-CONST-ATOM-000154","154","US-CONST-ART02-SEC02-CL000","9","2","2","SPLIT-CHILD","US-CONST-ART02-SEC02-CL000-AT005","FURTHER-SPLIT","2","2","which shall expire at the End of
their next Session","B690565E83BA065DD19FD8C9F7BEC5BD446B91F38755688887A1A26BDD2F5FAD","NO","FINAL-ATOMIC","UNASSESSED","NO","NO","NO"
"US-CONST-ATOM-000155","155","US-CONST-ART02-SEC03-CL000","1","2","3","SPLIT-CHILD","US-CONST-ART02-SEC03-CL000-AT001","FURTHER-SPLIT","1","2","He shall from time to time give to the Congress Informa-
tion of the State of the Union, ","56F3131A948B2BE360441F446C272460E4E8847B98664F6A631988850CFB7F7C","NO","FINAL-ATOMIC","UNASSESSED","NO","NO","NO"
"US-CONST-ATOM-000156","156","US-CONST-ART02-SEC03-CL000","2","2","3","SPLIT-CHILD","US-CONST-ART02-SEC03-CL000-AT001","FURTHER-SPLIT","2","2","and recommend to their
Consideration such Measures as he shall judge neces-
sary and expedient;","9D9396764FF4E1075546FF5C768D07D3550771018B3E7EBE59B40B03A0EDA6D4","NO","FINAL-ATOMIC","UNASSESSED","NO","NO","NO"
"US-CONST-ATOM-000157","157","US-CONST-ART02-SEC03-CL000","3","2","3","SPLIT-CHILD","US-CONST-ART02-SEC03-CL000-AT002","FURTHER-SPLIT","1","2"," he may, on extraordinary Occasions,
convene both Houses, or either of them, ","F38E83D2665BF8C27F84F26E44D0C6F3D7F8CFD9960297CAD4EF38831A5E608E","NO","FINAL-ATOMIC","UNASSESSED","NO","NO","NO"
"US-CONST-ATOM-000158","158","US-CONST-ART02-SEC03-CL000","4","2","3","SPLIT-CHILD","US-CONST-ART02-SEC03-CL000-AT002","FURTHER-SPLIT","2","2","and in Case of
Disagreement between them, with Respect to the Time of
Adjournment, he may adjourn them to such Time as he
shall think proper;","6A4F00FDE43C388BE855641C12FFAACBAFE5BE085744C0A3273DDA795611E113","NO","FINAL-ATOMIC","UNASSESSED","NO","NO","NO"
"US-CONST-ATOM-000159","159","US-CONST-ART02-SEC03-CL000","5","2","3","RETAIN","US-CONST-ART02-SEC03-CL000-AT003","RETAIN","1","1"," he shall receive Ambassadors and other
public Ministers;","D177A495FDB8D1ACC1A9135681D8F48F799E0D55E042C106AB91326F11B20266","NO","FINAL-ATOMIC","UNASSESSED","NO","NO","NO"
"US-CONST-ATOM-000160","160","US-CONST-ART02-SEC03-CL000","6","2","3","SPLIT-CHILD","US-CONST-ART02-SEC03-CL000-AT004","FURTHER-SPLIT","1","2"," he shall take Care that the Laws be faith-
fully executed, ","BD632D939AB2E45764DEF3A178DA6D6C6E79066A3058A7BA400B9457B4BC91F9","NO","FINAL-ATOMIC","UNASSESSED","NO","NO","NO"
"US-CONST-ATOM-000161","161","US-CONST-ART02-SEC03-CL000","7","2","3","SPLIT-CHILD","US-CONST-ART02-SEC03-CL000-AT004","FURTHER-SPLIT","2","2","and shall Commission all the Officers of the
United States","B4DA4A81B725583B7ADF4A454E8B2BBB305190EAF718472D6B35642BFE9D56D3","NO","FINAL-ATOMIC","UNASSESSED","NO","NO","NO"
"US-CONST-ATOM-000162","162","US-CONST-ART02-SEC04-CL000","1","2","4","RETAIN","US-CONST-ART02-SEC04-CL000-AT001","RETAIN","1","1","The President, Vice President and all civil Officers of the
United States, shall be removed from Office on Impeach-
ment for, and Conviction of, Treason, Bribery, or other
high Crimes and Misdemeanors.","67484423C885E6AF789EF82552F00270A69403737692C6B732365B55E82C3E34","NO","FINAL-ATOMIC","UNASSESSED","NO","NO","NO"
"US-CONST-ATOM-000163","163","US-CONST-ART03-SEC01-CL000","1","3","1","SPLIT-CHILD","US-CONST-ART03-SEC01-CL000-AT001","FURTHER-SPLIT","1","2","The judicial Power of the United States, shall be vested
in one supreme Court, ","67EA0CF3F35E46F62776FB51CBB34D57290864E4853C7B326C2E162CC3B3867A","NO","FINAL-ATOMIC","UNASSESSED","NO","NO","NO"
"US-CONST-ATOM-000164","164","US-CONST-ART03-SEC01-CL000","2","3","1","SPLIT-CHILD","US-CONST-ART03-SEC01-CL000-AT001","FURTHER-SPLIT","2","2","and in such inferior Courts as the
Congress may from time to time ordain and establish.","13D2E4A153F0931E59801546AA7301584EAC5FA201531B9AA0A7C512BAE728B4","NO","FINAL-ATOMIC","UNASSESSED","NO","NO","NO"
"US-CONST-ATOM-000165","165","US-CONST-ART03-SEC01-CL000","3","3","1","SPLIT-CHILD","US-CONST-ART03-SEC01-CL000-AT002","FURTHER-SPLIT","1","3"," The
Judges, both of the supreme and inferior Courts, shall hold
their Offices during good Behaviour, ","83A91E3BCBC13173421ED64283C756D111855AF324964037F3FC59D96C31EE6F","NO","FINAL-ATOMIC","UNASSESSED","NO","NO","NO"
"US-CONST-ATOM-000166","166","US-CONST-ART03-SEC01-CL000","4","3","1","SPLIT-CHILD","US-CONST-ART03-SEC01-CL000-AT002","FURTHER-SPLIT","2","3","and shall at stated
Times, receive for their Services, a Compensation, ","DD2E9BB80B919C9EB1D595933ECD4150EA988C94A974797379E8DD95BA7889DB","NO","FINAL-ATOMIC","UNASSESSED","NO","NO","NO"
"US-CONST-ATOM-000167","167","US-CONST-ART03-SEC01-CL000","5","3","1","SPLIT-CHILD","US-CONST-ART03-SEC01-CL000-AT002","FURTHER-SPLIT","3","3","which
shall not be diminished during their Continuance in Office.","790172010F40B4B5FC7BB5466D60F19C6F89781159A2E05C557F097DEB04A38D","NO","FINAL-ATOMIC","UNASSESSED","NO","NO","NO"
"US-CONST-ATOM-000168","168","US-CONST-ART03-SEC02-CL000","1","3","2","RETAIN","US-CONST-ART03-SEC02-CL000-AT001","RETAIN","1","1","The judicial Power shall extend to all Cases, in Law and
Equity, arising under this Constitution, the Laws of the
United States, and Treaties made, or which shall be made,
under their Authority;","30C4E89D815D92EB54D3E4F634ACB6458D231035ACBA642C9C954ECABCEB71B3","NO","FINAL-ATOMIC","UNASSESSED","NO","NO","NO"
"US-CONST-ATOM-000169","169","US-CONST-ART03-SEC02-CL000","2","3","2","RETAIN","US-CONST-ART03-SEC02-CL000-AT002","RETAIN","1","1"," - to all Cases affecting Ambassa-
dors, other public Ministers and Consuls;","A109A1F5D45CB61D3451D8E79CD8AB908012B3EFFA23CA3A7C2D2227CB49CE5C","NO","FINAL-ATOMIC","UNASSESSED","NO","NO","NO"
"US-CONST-ATOM-000170","170","US-CONST-ART03-SEC02-CL000","3","3","2","RETAIN","US-CONST-ART03-SEC02-CL000-AT003","RETAIN","1","1"," - to all Cases of
admiralty and maritime Jurisdiction;","5D18BC0D6586AE9F7B61BBB9C8F375C0F77A12F120E2179427559897A44ADBA7","NO","FINAL-ATOMIC","UNASSESSED","NO","NO","NO"
"US-CONST-ATOM-000171","171","US-CONST-ART03-SEC02-CL000","4","3","2","RETAIN","US-CONST-ART03-SEC02-CL000-AT004","RETAIN","1","1"," - to Controversies to
which the United States shall be a Party;","F3D63B4F17BA3B732B895DD52B4B0DBBF2B2B3243374C88032F226DE0C8728F3","NO","FINAL-ATOMIC","UNASSESSED","NO","NO","NO"
"US-CONST-ATOM-000172","172","US-CONST-ART03-SEC02-CL000","5","3","2","RETAIN","US-CONST-ART03-SEC02-CL000-AT005","RETAIN","1","1"," - to Controversies
between two or more States;","1D4D10953031BA889F345A4B254B0E3DF988D6C5B14BE0CCC037338974DF4766","NO","FINAL-ATOMIC","UNASSESSED","NO","NO","NO"
"US-CONST-ATOM-000173","173","US-CONST-ART03-SEC02-CL000","6","3","2","SPLIT-CHILD","US-CONST-ART03-SEC02-CL000-AT006","FURTHER-SPLIT","1","5"," - [between a State and Citizens
of another State;-]* ","56B2BFE9C11B77A9AB2B3A01F0507AFCD3927890241AB4FA81CE448F3316EE5F","NO","FINAL-ATOMIC","UNASSESSED","NO","NO","NO"
"US-CONST-ATOM-000174","174","US-CONST-ART03-SEC02-CL000","7","3","2","SPLIT-CHILD","US-CONST-ART03-SEC02-CL000-AT006","FURTHER-SPLIT","2","5","between Citizens of different States,
- ","659DF1EA7CEA74B1D182C20F2276ECB068A9064E9055A89A12A8A4E957EBF2B8","NO","FINAL-ATOMIC","UNASSESSED","NO","NO","NO"
"US-CONST-ATOM-000175","175","US-CONST-ART03-SEC02-CL000","8","3","2","SPLIT-CHILD","US-CONST-ART03-SEC02-CL000-AT006","FURTHER-SPLIT","3","5","between Citizens of the same State claiming Lands under
Grants of different States, ","1BE1C549A5D8F6297229A7BBDC64D19FAF56C3AF6373E84819E1DBFE149266FD","NO","FINAL-ATOMIC","UNASSESSED","NO","NO","NO"
"US-CONST-ATOM-000176","176","US-CONST-ART03-SEC02-CL000","9","3","2","SPLIT-CHILD","US-CONST-ART03-SEC02-CL000-AT006","FURTHER-SPLIT","4","5","[and between a State, or the Citi-
zens thereof;- and foreign States, Citizens or Subjects.]*
","1F84FBA981CE38BDB6722F9E69575125F88E37C6FC63CC61580A63A213BE8026","NO","FINAL-ATOMIC","UNASSESSED","NO","NO","NO"
"US-CONST-ATOM-000177","177","US-CONST-ART03-SEC02-CL000","10","3","2","SPLIT-CHILD","US-CONST-ART03-SEC02-CL000-AT006","FURTHER-SPLIT","5","5","In all Cases affecting Ambassadors, other public Ministers
and Consuls, and those in which a State shall be Party, the
supreme Court shall have original Jurisdiction.","C91ADB899AEE8A80D3ECF79BFAB79AC957F5D972716DEEE310E44577C090022D","NO","FINAL-ATOMIC","UNASSESSED","NO","NO","NO"
"US-CONST-ATOM-000178","178","US-CONST-ART03-SEC02-CL000","11","3","2","RETAIN","US-CONST-ART03-SEC02-CL000-AT007","RETAIN","1","1"," In all the
other Cases before mentioned, the supreme Court shall
have appellate Jurisdiction, both as to Law and Fact, with
such Exceptions, and under such Regulations as the Con-
gress shall make.","88D826C97CEA9D9A4DCBA24F096B07FB085A5A9D0300AE737C70C53A6D57EBFB","NO","FINAL-ATOMIC","UNASSESSED","NO","NO","NO"
"US-CONST-ATOM-000179","179","US-CONST-ART03-SEC02-CL000","12","3","2","MERGED-PAIR","US-CONST-ART03-SEC02-CL000-AT008;US-CONST-ART03-SEC02-CL000-AT009","MERGE-PAIR","1","1","
The Trial of all Crimes, except in Cases of Impeachment;
shall be by Jury;","E9574EBCD4C6A85C2C78D682768640A176D6F812F2C2921C114E20875D9D40AC","NO","FINAL-ATOMIC","UNASSESSED","NO","NO","NO"
"US-CONST-ATOM-000180","180","US-CONST-ART03-SEC02-CL000","13","3","2","RETAIN","US-CONST-ART03-SEC02-CL000-AT010","RETAIN","1","1"," and such Trial shall be held in the State
where the said Crimes shall have been committed;","8145E5B5E4460F19283786D8E12B5AE8AC3623D74D96E3B7F8D7263845AF4CD1","NO","FINAL-ATOMIC","UNASSESSED","NO","NO","NO"
"US-CONST-ATOM-000181","181","US-CONST-ART03-SEC02-CL000","14","3","2","RETAIN","US-CONST-ART03-SEC02-CL000-AT011","RETAIN","1","1"," but when
not committed within any State, the Trial shall be at such
Place or Places as the Congress may by Law have directed.","24E24C5B225E5B663AF17C4CDA5FEDD2AB475EFDB0F89EA65CD4C053756E0388","NO","FINAL-ATOMIC","UNASSESSED","NO","NO","NO"
"US-CONST-ATOM-000182","182","US-CONST-ART03-SEC03-CL000","1","3","3","RETAIN","US-CONST-ART03-SEC03-CL000-AT001","RETAIN","1","1","Treason against the United States, shall consist only in levy-
ing War against them, or in adhering to their Enemies, giv-
ing them Aid and Comfort.","31AA5D45B36D9E29A4D70BDA4D1834C9C7C098BDA8211447FC77178AE0953372","NO","FINAL-ATOMIC","UNASSESSED","NO","NO","NO"
"US-CONST-ATOM-000183","183","US-CONST-ART03-SEC03-CL000","2","3","3","RETAIN","US-CONST-ART03-SEC03-CL000-AT002","RETAIN","1","1"," No Person shall be convicted
of Treason unless on the Testimony of two Witnesses to the
same overt Act, or on Confession in open Court.","51D5E22AE58929E49B9FBB48861E702E6B744A62057402AD93982184248C25B8","NO","FINAL-ATOMIC","UNASSESSED","NO","NO","NO"
"US-CONST-ATOM-000184","184","US-CONST-ART03-SEC03-CL000","3","3","3","SPLIT-CHILD","US-CONST-ART03-SEC03-CL000-AT003","FURTHER-SPLIT","1","3","The Congress shall have Power to declare the Punishment
of Treason, ","C2A239DB95A58E4E038FE7040B89F4C3A3B7D94F97D24D07242194F3EBD4B728","NO","FINAL-ATOMIC","UNASSESSED","NO","NO","NO"
"US-CONST-ATOM-000185","185","US-CONST-ART03-SEC03-CL000","4","3","3","SPLIT-CHILD","US-CONST-ART03-SEC03-CL000-AT003","FURTHER-SPLIT","2","3","but no Attainder of Treason shall work Corrup-
tion of Blood, ","CD6321372EDDFA2946B03EA924A89339D9715ED46AEB79578B60C512843F06C1","NO","FINAL-ATOMIC","UNASSESSED","NO","NO","NO"
"US-CONST-ATOM-000186","186","US-CONST-ART03-SEC03-CL000","5","3","3","SPLIT-CHILD","US-CONST-ART03-SEC03-CL000-AT003","FURTHER-SPLIT","3","3","or Forfeiture except during the Life of the
Person attainted","08046410CA9BCB590587336E88ABBE75E52545357E2D5D56D1D6DDB9218987F3","NO","FINAL-ATOMIC","UNASSESSED","NO","NO","NO"
"US-CONST-ATOM-000187","187","US-CONST-ART04-SEC01-CL000","1","4","1","RETAIN","US-CONST-ART04-SEC01-CL000-AT001","RETAIN","1","1","Full Faith and Credit shall be given in each State to the
public Acts, Records, and judicial Proceedings of every oth-
er State.","6BE7F61702D7F478DC4F33FBA165BC98B21CA1DDB72DDAB7A4F5EFB7938F1420","NO","FINAL-ATOMIC","UNASSESSED","NO","NO","NO"
"US-CONST-ATOM-000188","188","US-CONST-ART04-SEC01-CL000","2","4","1","SPLIT-CHILD","US-CONST-ART04-SEC01-CL000-AT002","FURTHER-SPLIT","1","2"," And the Congress may by general Laws prescribe
the Manner in which such Acts, Records and Proceedings
shall be proved, ","8717B97D4B959FCF4F4E52B22E55C8B62FC509ED4CE2DEBE85051C9A0450F90D","NO","FINAL-ATOMIC","UNASSESSED","NO","NO","NO"
"US-CONST-ATOM-000189","189","US-CONST-ART04-SEC01-CL000","3","4","1","SPLIT-CHILD","US-CONST-ART04-SEC01-CL000-AT002","FURTHER-SPLIT","2","2","and the Effect thereof.","CCB659040413A6573B397FE44AEEB35A12C6F8340244BD5D35A0652819BCD9E2","NO","FINAL-ATOMIC","UNASSESSED","NO","NO","NO"
"US-CONST-ATOM-000190","190","US-CONST-ART04-SEC02-CL000","1","4","2","SPLIT-CHILD","US-CONST-ART04-SEC02-CL000-AT001","FURTHER-SPLIT","1","2","The Citizens of each State shall be entitled to all Privileges
and Immunities of Citizens in the several States
","8C5E74DF411945A38B352CE96E048A7720B1C7C261ED96460E3C48698C1523F8","NO","FINAL-ATOMIC","UNASSESSED","NO","NO","NO"
"US-CONST-ATOM-000191","191","US-CONST-ART04-SEC02-CL000","2","4","2","SPLIT-CHILD","US-CONST-ART04-SEC02-CL000-AT001","FURTHER-SPLIT","2","2","A Person charged in any State with Treason, Felony, or
other Crime, who shall flee from Justice, and be found in
another State, shall on Demand of the executive Author-
ity of the State from which he fled, be delivered up, to be
removed to the State having Jurisdiction of the Crime.","B76A643FC2E21D1AA5A1B12921669D521A2FD2A54810FA9E63E4DF3E91DAB417","NO","FINAL-ATOMIC","UNASSESSED","NO","NO","NO"
"US-CONST-ATOM-000192","192","US-CONST-ART04-SEC02-CL000","3","4","2","SPLIT-CHILD","US-CONST-ART04-SEC02-CL000-AT002","FURTHER-SPLIT","1","2","
No Person held to Service or Labour in one State, under
the Laws thereof, escaping into another, shall, in Conse-
quence of any Law or Regulation therein, be discharged
from such Service or Labour, ","D1329F1CE7018967BCC9B832E842284211DD46A834DE495A927CD489D1BCD0C6","NO","FINAL-ATOMIC","UNASSESSED","NO","NO","NO"
"US-CONST-ATOM-000193","193","US-CONST-ART04-SEC02-CL000","4","4","2","SPLIT-CHILD","US-CONST-ART04-SEC02-CL000-AT002","FURTHER-SPLIT","2","2","but shall be delivered up on
Claim of the Party to whom such Service or Labour may be
due.]*","6780B910920AAE4064129E6B4E2C78157B3592A0044E7BEEBA82971FA9BE540E","NO","FINAL-ATOMIC","UNASSESSED","NO","NO","NO"
"US-CONST-ATOM-000194","194","US-CONST-ART04-SEC03-CL000","1","4","3","RETAIN","US-CONST-ART04-SEC03-CL000-AT001","RETAIN","1","1","New States may be admitted by the Congress into this
Union;","89B794119D38E8FCB7C36FC9A89E3F35829BB2B9FCDDA81C60ACD549CFDB70E0","NO","FINAL-ATOMIC","UNASSESSED","NO","NO","NO"
"US-CONST-ATOM-000195","195","US-CONST-ART04-SEC03-CL000","2","4","3","RETAIN","US-CONST-ART04-SEC03-CL000-AT002","RETAIN","1","1"," but no new State shall be formed or erected within
the Jurisdiction of any other State;","83BD3B450E746A51BD244BE9D3EACF1C0D37799F971FB8F603AE80504E4BB280","NO","FINAL-ATOMIC","UNASSESSED","NO","NO","NO"
"US-CONST-ATOM-000196","196","US-CONST-ART04-SEC03-CL000","3","4","3","RETAIN","US-CONST-ART04-SEC03-CL000-AT003","RETAIN","1","1"," nor any State be formed
by the Junction of two or more States, or Parts of States,
without the Consent of the Legislatures of the States con-
cerned as well as of the Congress.","501DD26A44D5ABC885BD6B7959567321845133F8EA6ECA4F8F7426DA630765B0","NO","FINAL-ATOMIC","UNASSESSED","NO","NO","NO"
"US-CONST-ATOM-000197","197","US-CONST-ART04-SEC03-CL000","4","4","3","SPLIT-CHILD","US-CONST-ART04-SEC03-CL000-AT004","FURTHER-SPLIT","1","2","
The Congress shall have Power to dispose of ","D8B6BF5A46821EFA139B8FAE1A98684DD9D9EDC774C43DE7A9F6F42A0933F95A","NO","FINAL-ATOMIC","UNASSESSED","NO","NO","NO"
"US-CONST-ATOM-000198","198","US-CONST-ART04-SEC03-CL000","5","4","3","SPLIT-CHILD","US-CONST-ART04-SEC03-CL000-AT004","FURTHER-SPLIT","2","2","and make all
needful Rules and Regulations respecting the Territory or
other Property belonging to the United States;","72B34AA0BCE2442ED4EC8DDB53AC00189CBBDB79640328D490553D39D841B6B1","NO","FINAL-ATOMIC","UNASSESSED","NO","NO","NO"
"US-CONST-ATOM-000199","199","US-CONST-ART04-SEC03-CL000","6","4","3","RETAIN","US-CONST-ART04-SEC03-CL000-AT005","RETAIN","1","1"," and nothing
in this Constitution shall be so construed as to Prejudice
any Claims of the United States, or of any particular State.","C8B4ED361FA829DB3A5EB0F691A631427A7CF5008111ACE80FEE47D24DEAB2DF","NO","FINAL-ATOMIC","UNASSESSED","NO","NO","NO"
"US-CONST-ATOM-000200","200","US-CONST-ART04-SEC04-CL000","1","4","4","SPLIT-CHILD","US-CONST-ART04-SEC04-CL000-AT001","FURTHER-SPLIT","1","2","The United States shall guarantee to every State in this
Union a Republican Form of Government, ","74D68298DB1752E3803E6A7D71A9AABEB49C38F2C7DEFB6B4BA90922188908D8","NO","FINAL-ATOMIC","UNASSESSED","NO","NO","NO"
"US-CONST-ATOM-000201","201","US-CONST-ART04-SEC04-CL000","2","4","4","SPLIT-CHILD","US-CONST-ART04-SEC04-CL000-AT001","FURTHER-SPLIT","2","2","and shall
protect each of them against Invasion;","B9D967A29B20C3E05AE24FF7D4031B98B88E3FD3C70DCCDDB9919AA3ECF75093","NO","FINAL-ATOMIC","UNASSESSED","NO","NO","NO"
"US-CONST-ATOM-000202","202","US-CONST-ART04-SEC04-CL000","3","4","4","RETAIN","US-CONST-ART04-SEC04-CL000-AT002","RETAIN","1","1"," and on Application
of the Legislature, or of the Executive (when the Legislature
cannot be convened) against domestic Violence.","568F9F6399D6F599E9475F3B441A1F29B4605758383936E960635CDEDE9A35AD","NO","FINAL-ATOMIC","UNASSESSED","NO","NO","NO"
"US-CONST-ATOM-000203","203","US-CONST-ART05-SEC00-CL000","1","5","0","SPLIT-CHILD","US-CONST-ART05-SEC00-CL000-AT001","FURTHER-SPLIT","1","4","The Congress, whenever two thirds of both Houses shall
deem it necessary, shall propose Amendments to this Con-
stitution, ","DBC1F44FF3E9498CADC341B2407515C42245AB70A7ABB8930A4D120A72A328DD","NO","FINAL-ATOMIC","UNASSESSED","NO","NO","NO"
"US-CONST-ATOM-000204","204","US-CONST-ART05-SEC00-CL000","2","5","0","SPLIT-CHILD","US-CONST-ART05-SEC00-CL000-AT001","FURTHER-SPLIT","2","4","or, on the Application of the Legislatures of two
thirds of the several States, shall call a Convention for pro-
posing Amendments, ","74F5F4B600E3894DBFA0CEB1E9D095A8B7210BE37C5E5D71C0308B14C3BC1E12","NO","FINAL-ATOMIC","UNASSESSED","NO","NO","NO"
"US-CONST-ATOM-000205","205","US-CONST-ART05-SEC00-CL000","3","5","0","SPLIT-CHILD","US-CONST-ART05-SEC00-CL000-AT001","FURTHER-SPLIT","3","4","which in either Case, shall be valid to
all Intents and Purposes, as Part of this Constitution, when
ratified by the Legislatures of three-fourths of the several
States, or by Conventions in three fourths thereof, ","E23BC75F2CD05BC43F4707969B3441A67D8C115B38F4072DD0C8014AC337DD8E","NO","FINAL-ATOMIC","UNASSESSED","NO","NO","NO"
"US-CONST-ATOM-000206","206","US-CONST-ART05-SEC00-CL000","4","5","0","SPLIT-CHILD","US-CONST-ART05-SEC00-CL000-AT001","FURTHER-SPLIT","4","4","as the
one or the other Mode of Ratification may be proposed by
the Congress;","A55D4CD29FB5A83FAECA4E2ECDBE18D71A60ED5C18EDF99FBF365E183F7C51D7","NO","FINAL-ATOMIC","UNASSESSED","NO","NO","NO"
"US-CONST-ATOM-000207","207","US-CONST-ART05-SEC00-CL000","5","5","0","RETAIN","US-CONST-ART05-SEC00-CL000-AT002","RETAIN","1","1"," Provided that no Amendment which may be
made prior to the Year One thousand eight hundred and
eight shall in any Manner affect the first and fourth Clauses
in the Ninth Section of the first Article;","8BA11C64F105F0B7D22A6A7ECB38F968026866D56951D5B76D8CD456C30BD0FB","NO","FINAL-ATOMIC","UNASSESSED","NO","NO","NO"
"US-CONST-ATOM-000208","208","US-CONST-ART05-SEC00-CL000","6","5","0","RETAIN","US-CONST-ART05-SEC00-CL000-AT003","RETAIN","1","1"," and that no State,
without its Consent, shall be deprived of its equal Suffrage
in the Senate","31CADB5011FDC42A0308F39181D2BD96357255D0C57A352B280389003A3E6FA7","NO","FINAL-ATOMIC","UNASSESSED","NO","NO","NO"
"US-CONST-ATOM-000209","209","US-CONST-ART06-SEC00-CL000","1","6","0","SPLIT-CHILD","US-CONST-ART06-SEC00-CL000-AT001","FURTHER-SPLIT","1","2","All Debts contracted and Engagements entered into, before
the Adoption of this Constitution, shall be as valid against
the United States under this Constitution, as under the
Confederation
","8D7F05754D7371EAD74C5F0FF87E354BDEE0B3380218CF44159089B92A91E36F","NO","FINAL-ATOMIC","UNASSESSED","NO","NO","NO"
"US-CONST-ATOM-000210","210","US-CONST-ART06-SEC00-CL000","2","6","0","SPLIT-CHILD","US-CONST-ART06-SEC00-CL000-AT001","FURTHER-SPLIT","2","2","This Constitution, and the Laws of the United States
which shall be made in Pursuance thereof;","FAB2E510301338A5B613C1D48A38D79C8BA584403808A057480FDE702E316173","NO","FINAL-ATOMIC","UNASSESSED","NO","NO","NO"
"US-CONST-ATOM-000211","211","US-CONST-ART06-SEC00-CL000","3","6","0","RETAIN","US-CONST-ART06-SEC00-CL000-AT002","RETAIN","1","1"," and all Treaties
made, or which shall be made, under the Authority of the
United States, shall be the supreme Law of the Land;","4456479130DB3AD2F81A9143EAFBC27BF2B48BE59F6297BEA915A5EB43B0C437","NO","FINAL-ATOMIC","UNASSESSED","NO","NO","NO"
"US-CONST-ATOM-000212","212","US-CONST-ART06-SEC00-CL000","4","6","0","RETAIN","US-CONST-ART06-SEC00-CL000-AT003","RETAIN","1","1"," and
the Judges in every State shall be bound thereby, any Thing
in the Constitution or Laws of any State to the Contrary
notwithstanding.","96C03E5102823BEDE44DBD3484255D5C52C82618FF12E58A2A8C3CD83960BD94","NO","FINAL-ATOMIC","UNASSESSED","NO","NO","NO"
"US-CONST-ATOM-000213","213","US-CONST-ART06-SEC00-CL000","5","6","0","RETAIN","US-CONST-ART06-SEC00-CL000-AT004","RETAIN","1","1","
The Senators and Representatives before mentioned, and
the Members of the several State Legislatures, and all execu-
tive and judicial Officers, both of the United States and of
the several States, shall be bound by Oath or Affirmation,
to support this Constitution;","DFE832EFC2EAB23B67C1AD18F644A22A416D6B865E7CE190307CAEB443C7FD11","NO","FINAL-ATOMIC","UNASSESSED","NO","NO","NO"
"US-CONST-ATOM-000214","214","US-CONST-ART06-SEC00-CL000","6","6","0","RETAIN","US-CONST-ART06-SEC00-CL000-AT005","RETAIN","1","1"," but no religious Test shall ever
be required as a Qualification to any Office or public Trust
under the United States","5A098E67498A50A8416802FEA5DD47097391ED03C9001156C496009C0C8531E8","NO","FINAL-ATOMIC","UNASSESSED","NO","NO","NO"
"US-CONST-ATOM-000215","215","US-CONST-ART07-SEC00-CL000","1","7","0","RETAIN","US-CONST-ART07-SEC00-CL000-AT001","RETAIN","1","1","The Ratification of the Conventions of nine States, shall
be sufficient for the Establishment of this Constitution
between the States so ratifying the Same.","769B90CB26A1EF1F7FD92501CF16E9434B352F5B8ABC086B2D029870CC577CC6","NO","FINAL-ATOMIC","UNASSESSED","NO","NO","NO"
