"crosswalk_id","mechanism_id","orynth_repository","orynth_component","file_path","invariant_id","proof_id","test_id","baseline_commit","preexisting_status","correspondence_grade","review_status","evidence_precedent_crosswalk_id","correspondence_rationale"
"US-CW-000216","US-CM-000216","ORYNTH-systems/orynth-constitutional-state-integrity","SOURCE-ANCHORED CONSTITUTIONAL PROHIBITION / LIMITATION","02-constitutional-object-model/registry/PROHIBITION.yaml;02-constitutional-object-model/registry/LIMITATION.yaml;04-authority-lineage/AUTHORITY_LINEAGE_REGISTRY.yaml","","","","3a292dbf660893b07da93749bfe80a8de4bba835","YES","C1","AMENDMENT-ADJUDICATED","US-CW-000109","Existing Article precedent demonstrates pre-crosswalk source-anchored prohibition/limitation architecture. This supports the negative-constraint structure only, not substantive doctrine."
"US-CW-000217","US-CM-000217","ORYNTH-systems/orynth-constitutional-state-integrity","SOURCE-ANCHORED CONSTITUTIONAL PROHIBITION / LIMITATION","02-constitutional-object-model/registry/PROHIBITION.yaml;02-constitutional-object-model/registry/LIMITATION.yaml;04-authority-lineage/AUTHORITY_LINEAGE_REGISTRY.yaml","","","","3a292dbf660893b07da93749bfe80a8de4bba835","YES","C1","AMENDMENT-ADJUDICATED","US-CW-000109","Existing Article precedent demonstrates pre-crosswalk source-anchored prohibition/limitation architecture. This supports the negative-constraint structure only, not substantive doctrine."
"US-CW-000218","US-CM-000218","ORYNTH-systems/orynth-constitutional-state-integrity","SOURCE-ANCHORED CONSTITUTIONAL PROHIBITION / LIMITATION","02-constitutional-object-model/registry/PROHIBITION.yaml;02-constitutional-object-model/registry/LIMITATION.yaml;04-authority-lineage/AUTHORITY_LINEAGE_REGISTRY.yaml","","","","3a292dbf660893b07da93749bfe80a8de4bba835","YES","C1","AMENDMENT-ADJUDICATED","US-CW-000109","Existing Article precedent demonstrates pre-crosswalk source-anchored prohibition/limitation architecture. This supports the negative-constraint structure only, not substantive doctrine."
"US-CW-000219","US-CM-000219","ORYNTH-systems/orynth-constitutional-state-integrity","SOURCE-ANCHORED CONSTITUTIONAL PROHIBITION / LIMITATION","02-constitutional-object-model/registry/PROHIBITION.yaml;02-constitutional-object-model/registry/LIMITATION.yaml;04-authority-lineage/AUTHORITY_LINEAGE_REGISTRY.yaml","","","","3a292dbf660893b07da93749bfe80a8de4bba835","YES","C1","AMENDMENT-ADJUDICATED","US-CW-000109","Existing Article precedent demonstrates pre-crosswalk source-anchored prohibition/limitation architecture. This supports the negative-constraint structure only, not substantive doctrine."
"US-CW-000220","US-CM-000220","ORYNTH-systems/orynth-constitutional-state-integrity","SOURCE-ANCHORED CONSTITUTIONAL PROHIBITION / LIMITATION","02-constitutional-object-model/registry/PROHIBITION.yaml;02-constitutional-object-model/registry/LIMITATION.yaml;04-authority-lineage/AUTHORITY_LINEAGE_REGISTRY.yaml","","","","3a292dbf660893b07da93749bfe80a8de4bba835","YES","C1","AMENDMENT-ADJUDICATED","US-CW-000109","Existing Article precedent demonstrates pre-crosswalk source-anchored prohibition/limitation architecture. This supports the negative-constraint structure only, not substantive doctrine."
"US-CW-000221","US-CM-000221","ORYNTH-systems/orynth-constitutional-state-integrity","SOURCE-ANCHORED CONSTITUTIONAL PROHIBITION / LIMITATION","02-constitutional-object-model/registry/PROHIBITION.yaml;02-constitutional-object-model/registry/LIMITATION.yaml;04-authority-lineage/AUTHORITY_LINEAGE_REGISTRY.yaml","","","","3a292dbf660893b07da93749bfe80a8de4bba835","YES","C1","AMENDMENT-ADJUDICATED","US-CW-000109","Existing Article precedent demonstrates pre-crosswalk source-anchored prohibition/limitation architecture. This supports the negative-constraint structure only, not substantive doctrine."
"US-CW-000222","US-CM-000222","ORYNTH-systems/orynth-constitutional-state-integrity","SOURCE-ANCHORED CONSTITUTIONAL PROHIBITION / LIMITATION","02-constitutional-object-model/registry/PROHIBITION.yaml;02-constitutional-object-model/registry/LIMITATION.yaml;04-authority-lineage/AUTHORITY_LINEAGE_REGISTRY.yaml","","","","3a292dbf660893b07da93749bfe80a8de4bba835","YES","C1","AMENDMENT-ADJUDICATED","US-CW-000109","Existing Article precedent demonstrates pre-crosswalk source-anchored prohibition/limitation architecture. This supports the negative-constraint structure only, not substantive doctrine."
"US-CW-000223","US-CM-000223","ORYNTH-systems/orynth-constitutional-state-integrity","SOURCE-ANCHORED CONSTITUTIONAL PROHIBITION / LIMITATION","02-constitutional-object-model/registry/PROHIBITION.yaml;02-constitutional-object-model/registry/LIMITATION.yaml;04-authority-lineage/AUTHORITY_LINEAGE_REGISTRY.yaml","","","","3a292dbf660893b07da93749bfe80a8de4bba835","YES","C1","AMENDMENT-ADJUDICATED","US-CW-000109","Existing Article precedent demonstrates pre-crosswalk source-anchored prohibition/limitation architecture. This supports the negative-constraint structure only, not substantive doctrine."
"US-CW-000224","US-CM-000224","ORYNTH-systems/orynth-constitutional-state-integrity","SOURCE-ANCHORED CONSTITUTIONAL PROHIBITION / LIMITATION","02-constitutional-object-model/registry/PROHIBITION.yaml;02-constitutional-object-model/registry/LIMITATION.yaml;04-authority-lineage/AUTHORITY_LINEAGE_REGISTRY.yaml","","","","3a292dbf660893b07da93749bfe80a8de4bba835","YES","C1","AMENDMENT-ADJUDICATED","US-CW-000109","Existing Article precedent demonstrates pre-crosswalk source-anchored prohibition/limitation architecture. This supports the negative-constraint structure only, not substantive doctrine."
"US-CW-000225","US-CM-000225","ORYNTH-systems/orynth-constitutional-state-integrity","SOURCE-ANCHORED CONSTITUTIONAL PROHIBITION / LIMITATION","02-constitutional-object-model/registry/PROHIBITION.yaml;02-constitutional-object-model/registry/LIMITATION.yaml;04-authority-lineage/AUTHORITY_LINEAGE_REGISTRY.yaml","","","","3a292dbf660893b07da93749bfe80a8de4bba835","YES","C1","AMENDMENT-ADJUDICATED","US-CW-000109","Existing Article precedent demonstrates pre-crosswalk source-anchored prohibition/limitation architecture. This supports the negative-constraint structure only, not substantive doctrine."
"US-CW-000226","US-CM-000226","ORYNTH-systems/orynth-constitutional-state-integrity","SOURCE-ANCHORED CONSTITUTIONAL PROHIBITION / LIMITATION","02-constitutional-object-model/registry/PROHIBITION.yaml;02-constitutional-object-model/registry/LIMITATION.yaml;04-authority-lineage/AUTHORITY_LINEAGE_REGISTRY.yaml","","","","3a292dbf660893b07da93749bfe80a8de4bba835","YES","C1","AMENDMENT-ADJUDICATED","US-CW-000109","Existing Article precedent demonstrates pre-crosswalk source-anchored prohibition/limitation architecture. This supports the negative-constraint structure only, not substantive doctrine."
"US-CW-000227","US-CM-000227","ORYNTH-systems/orynth-constitutional-state-integrity","SOURCE-ANCHORED CONSTITUTIONAL PROHIBITION / LIMITATION","02-constitutional-object-model/registry/PROHIBITION.yaml;02-constitutional-object-model/registry/LIMITATION.yaml;04-authority-lineage/AUTHORITY_LINEAGE_REGISTRY.yaml","","","","3a292dbf660893b07da93749bfe80a8de4bba835","YES","C1","AMENDMENT-ADJUDICATED","US-CW-000109","Existing Article precedent demonstrates pre-crosswalk source-anchored prohibition/limitation architecture. This supports the negative-constraint structure only, not substantive doctrine."
"US-CW-000228","US-CM-000228","ORYNTH-systems/orynth-constitutional-state-integrity","SOURCE-ANCHORED CONSTITUTIONAL PROHIBITION / LIMITATION","02-constitutional-object-model/registry/PROHIBITION.yaml;02-constitutional-object-model/registry/LIMITATION.yaml;04-authority-lineage/AUTHORITY_LINEAGE_REGISTRY.yaml","","","","3a292dbf660893b07da93749bfe80a8de4bba835","YES","C1","AMENDMENT-ADJUDICATED","US-CW-000109","Existing Article precedent demonstrates pre-crosswalk source-anchored prohibition/limitation architecture. This supports the negative-constraint structure only, not substantive doctrine."
"US-CW-000229","US-CM-000229","ORYNTH-systems/orynth-constitutional-state-integrity","SOURCE-ANCHORED CONSTITUTIONAL PROHIBITION / LIMITATION","02-constitutional-object-model/registry/PROHIBITION.yaml;02-constitutional-object-model/registry/LIMITATION.yaml;04-authority-lineage/AUTHORITY_LINEAGE_REGISTRY.yaml","","","","3a292dbf660893b07da93749bfe80a8de4bba835","YES","C1","AMENDMENT-ADJUDICATED","US-CW-000109","Existing Article precedent demonstrates pre-crosswalk source-anchored prohibition/limitation architecture. This supports the negative-constraint structure only, not substantive doctrine."
"US-CW-000230","US-CM-000230","ORYNTH-systems/orynth-constitutional-state-integrity","SOURCE-ANCHORED CONSTITUTIONAL PROHIBITION / LIMITATION","02-constitutional-object-model/registry/PROHIBITION.yaml;02-constitutional-object-model/registry/LIMITATION.yaml;04-authority-lineage/AUTHORITY_LINEAGE_REGISTRY.yaml","","","","3a292dbf660893b07da93749bfe80a8de4bba835","YES","C1","AMENDMENT-ADJUDICATED","US-CW-000109","Existing Article precedent demonstrates pre-crosswalk source-anchored prohibition/limitation architecture. This supports the negative-constraint structure only, not substantive doctrine."
"US-CW-000231","US-CM-000231","ORYNTH-systems/orynth-constitutional-state-integrity","SOURCE-ANCHORED CONSTITUTIONAL PROHIBITION / LIMITATION","02-constitutional-object-model/registry/PROHIBITION.yaml;02-constitutional-object-model/registry/LIMITATION.yaml;04-authority-lineage/AUTHORITY_LINEAGE_REGISTRY.yaml","","","","3a292dbf660893b07da93749bfe80a8de4bba835","YES","C1","AMENDMENT-ADJUDICATED","US-CW-000109","Existing Article precedent demonstrates pre-crosswalk source-anchored prohibition/limitation architecture. This supports the negative-constraint structure only, not substantive doctrine."
"US-CW-000232","US-CM-000232","ORYNTH-systems/orynth-constitutional-state-integrity","SOURCE-ANCHORED CONSTITUTIONAL-PROCESS CONCEPT","01-constitutional-source-map/source-integrity/anchors/CONSTITUTIONAL_SOURCE_ANCHORS.json","","","","3a292dbf660893b07da93749bfe80a8de4bba835","YES","C1","AMENDMENT-ADJUDICATED","US-CW-000049","Existing Article precedent demonstrates pre-crosswalk source-anchored constitutional-process architecture. This supports the scoped procedural structure only."
"US-CW-000233","US-CM-000233","ORYNTH-systems/orynth-constitutional-state-integrity","SOURCE-ANCHORED CONSTITUTIONAL-PROCESS CONCEPT","01-constitutional-source-map/source-integrity/anchors/CONSTITUTIONAL_SOURCE_ANCHORS.json","","","","3a292dbf660893b07da93749bfe80a8de4bba835","YES","C1","AMENDMENT-ADJUDICATED","US-CW-000049","Existing Article precedent demonstrates pre-crosswalk source-anchored constitutional-process architecture. This supports the scoped procedural structure only."
"US-CW-000234","US-CM-000234","ORYNTH-systems/orynth-constitutional-state-integrity","SOURCE-ANCHORED CONSTITUTIONAL-PROCESS CONCEPT","01-constitutional-source-map/source-integrity/anchors/CONSTITUTIONAL_SOURCE_ANCHORS.json","","","","3a292dbf660893b07da93749bfe80a8de4bba835","YES","C1","AMENDMENT-ADJUDICATED","US-CW-000049","Existing Article precedent demonstrates pre-crosswalk source-anchored constitutional-process architecture. This supports the scoped procedural structure only."
"US-CW-000235","US-CM-000235","ORYNTH-systems/orynth-constitutional-state-integrity","SOURCE-ANCHORED CONSTITUTIONAL-PROCESS CONCEPT","01-constitutional-source-map/source-integrity/anchors/CONSTITUTIONAL_SOURCE_ANCHORS.json","","","","3a292dbf660893b07da93749bfe80a8de4bba835","YES","C1","AMENDMENT-ADJUDICATED","US-CW-000049","Existing Article precedent demonstrates pre-crosswalk source-anchored constitutional-process architecture. This supports the scoped procedural structure only."
"US-CW-000236","US-CM-000236","ORYNTH-systems/orynth-constitutional-state-integrity","SOURCE-ANCHORED CONSTITUTIONAL-PROCESS CONCEPT","01-constitutional-source-map/source-integrity/anchors/CONSTITUTIONAL_SOURCE_ANCHORS.json","","","","3a292dbf660893b07da93749bfe80a8de4bba835","YES","C1","AMENDMENT-ADJUDICATED","US-CW-000049","Existing Article precedent demonstrates pre-crosswalk source-anchored constitutional-process architecture. This supports the scoped procedural structure only."
"US-CW-000237","US-CM-000237","ORYNTH-systems/orynth-constitutional-state-integrity","SOURCE-ANCHORED CONSTITUTIONAL-PROCESS CONCEPT","01-constitutional-source-map/source-integrity/anchors/CONSTITUTIONAL_SOURCE_ANCHORS.json","","","","3a292dbf660893b07da93749bfe80a8de4bba835","YES","C1","AMENDMENT-ADJUDICATED","US-CW-000049","Existing Article precedent demonstrates pre-crosswalk source-anchored constitutional-process architecture. This supports the scoped procedural structure only."
"US-CW-000238","US-CM-000238","ORYNTH-systems/orynth-constitutional-state-integrity","SOURCE-ANCHORED CONSTITUTIONAL-PROCESS CONCEPT","01-constitutional-source-map/source-integrity/anchors/CONSTITUTIONAL_SOURCE_ANCHORS.json","","","","3a292dbf660893b07da93749bfe80a8de4bba835","YES","C1","AMENDMENT-ADJUDICATED","US-CW-000049","Existing Article precedent demonstrates pre-crosswalk source-anchored constitutional-process architecture. This supports the scoped procedural structure only."
"US-CW-000239","US-CM-000239","ORYNTH-systems/orynth-constitutional-state-integrity","SOURCE-ANCHORED CONSTITUTIONAL PROHIBITION / LIMITATION","02-constitutional-object-model/registry/PROHIBITION.yaml;02-constitutional-object-model/registry/LIMITATION.yaml;04-authority-lineage/AUTHORITY_LINEAGE_REGISTRY.yaml","","","","3a292dbf660893b07da93749bfe80a8de4bba835","YES","C1","AMENDMENT-ADJUDICATED","US-CW-000109","Existing Article precedent demonstrates pre-crosswalk source-anchored prohibition/limitation architecture. This supports the negative-constraint structure only, not substantive doctrine."
"US-CW-000240","US-CM-000240","ORYNTH-systems/orynth-constitutional-state-integrity","SOURCE-ANCHORED CONSTITUTIONAL PROHIBITION / LIMITATION","02-constitutional-object-model/registry/PROHIBITION.yaml;02-constitutional-object-model/registry/LIMITATION.yaml;04-authority-lineage/AUTHORITY_LINEAGE_REGISTRY.yaml","","","","3a292dbf660893b07da93749bfe80a8de4bba835","YES","C1","AMENDMENT-ADJUDICATED","US-CW-000109","Existing Article precedent demonstrates pre-crosswalk source-anchored prohibition/limitation architecture. This supports the negative-constraint structure only, not substantive doctrine."
"US-CW-000241","US-CM-000241","ORYNTH-systems/orynth-constitutional-state-integrity","SOURCE-ANCHORED CONSTITUTIONAL PROHIBITION / LIMITATION","02-constitutional-object-model/registry/PROHIBITION.yaml;02-constitutional-object-model/registry/LIMITATION.yaml;04-authority-lineage/AUTHORITY_LINEAGE_REGISTRY.yaml","","","","3a292dbf660893b07da93749bfe80a8de4bba835","YES","C1","AMENDMENT-ADJUDICATED","US-CW-000109","Existing Article precedent demonstrates pre-crosswalk source-anchored prohibition/limitation architecture. This supports the negative-constraint structure only, not substantive doctrine."
"US-CW-000242","US-CM-000242","ORYNTH-systems/orynth-constitutional-state-integrity","SOURCE-ANCHORED CONSTITUTIONAL PROHIBITION / LIMITATION","02-constitutional-object-model/registry/PROHIBITION.yaml;02-constitutional-object-model/registry/LIMITATION.yaml;04-authority-lineage/AUTHORITY_LINEAGE_REGISTRY.yaml","","","","3a292dbf660893b07da93749bfe80a8de4bba835","YES","C1","AMENDMENT-ADJUDICATED","US-CW-000109","Existing Article precedent demonstrates pre-crosswalk source-anchored prohibition/limitation architecture. This supports the negative-constraint structure only, not substantive doctrine."
"US-CW-000243","US-CM-000243","ORYNTH-systems/orynth-constitutional-state-integrity","SOURCE-ANCHORED CONSTITUTIONAL PROHIBITION / LIMITATION","02-constitutional-object-model/registry/PROHIBITION.yaml;02-constitutional-object-model/registry/LIMITATION.yaml;04-authority-lineage/AUTHORITY_LINEAGE_REGISTRY.yaml","","","","3a292dbf660893b07da93749bfe80a8de4bba835","YES","C1","AMENDMENT-ADJUDICATED","US-CW-000109","Existing Article precedent demonstrates pre-crosswalk source-anchored prohibition/limitation architecture. This supports the negative-constraint structure only, not substantive doctrine."
"US-CW-000244","US-CM-000244","ORYNTH-systems/orynth-constitutional-state-integrity","SOURCE-ANCHORED JURISDICTIONAL POWER","01-constitutional-source-map/source-integrity/anchors/CONSTITUTIONAL_SOURCE_ANCHORS.json","","","","3a292dbf660893b07da93749bfe80a8de4bba835","YES","C2","AMENDMENT-ADJUDICATED","US-CW-000064","Existing Article precedent demonstrates pre-crosswalk source-anchored jurisdictional-power architecture. This supports the jurisdiction/status/allocation structure only."
"US-CW-000245","US-CM-000245","ORYNTH-systems/orynth-constitutional-state-integrity","JUDICIAL-JURISDICTION / SOURCE-NEXUS ARCHITECTURE","03-constitutional-dependency-graph/source/CORE_CONSTITUTIONAL_ARCHITECTURE.yaml","","","","3a292dbf660893b07da93749bfe80a8de4bba835","YES","C2","AMENDMENT-ADJUDICATED","US-CW-000168","Existing Article precedent demonstrates pre-crosswalk judicial-jurisdiction/source-nexus architecture. This supports the jurisdictional structure without importing doctrine."
"US-CW-000246","US-CM-000246","ORYNTH-systems/orynth-constitutional-state-integrity","ARCHITECTURAL AUTHORITY / ELECTION / TEMPORAL CONTROL","07-constitutional-state-integrity/elections/federal/FEDERAL_ELECTION_CONSTITUTIONAL_GRAPH.yaml;09-uaa-bridge/elections/actors/UAA_ELECTION_ACTOR_TAXONOMY.yaml;04-authority-lineage/AUTHORITY_LINEAGE_REGISTRY.yaml;07-constitutional-state-integrity/temporal/TEMPORAL_AUTHORITY.schema.json","","","","3a292dbf660893b07da93749bfe80a8de4bba835","YES","C2","AMENDMENT-ADJUDICATED","US-CW-000113","Existing Article precedent demonstrates pre-crosswalk authority/election/temporal-control architecture. This supports the institutional election/authority structure without treating correspondence as proof."
"US-CW-000247","US-CM-000247","ORYNTH-systems/orynth-constitutional-state-integrity","ARCHITECTURAL AUTHORITY / ELECTION / TEMPORAL CONTROL","07-constitutional-state-integrity/elections/federal/FEDERAL_ELECTION_CONSTITUTIONAL_GRAPH.yaml;09-uaa-bridge/elections/actors/UAA_ELECTION_ACTOR_TAXONOMY.yaml;04-authority-lineage/AUTHORITY_LINEAGE_REGISTRY.yaml;07-constitutional-state-integrity/temporal/TEMPORAL_AUTHORITY.schema.json","","","","3a292dbf660893b07da93749bfe80a8de4bba835","YES","C2","AMENDMENT-ADJUDICATED","US-CW-000113","Existing Article precedent demonstrates pre-crosswalk authority/election/temporal-control architecture. This supports the institutional election/authority structure without treating correspondence as proof."
"US-CW-000248","US-CM-000248","ORYNTH-systems/orynth-constitutional-state-integrity","ARCHITECTURAL AUTHORITY / ELECTION / TEMPORAL CONTROL","07-constitutional-state-integrity/elections/federal/FEDERAL_ELECTION_CONSTITUTIONAL_GRAPH.yaml;09-uaa-bridge/elections/actors/UAA_ELECTION_ACTOR_TAXONOMY.yaml;04-authority-lineage/AUTHORITY_LINEAGE_REGISTRY.yaml;07-constitutional-state-integrity/temporal/TEMPORAL_AUTHORITY.schema.json","","","","3a292dbf660893b07da93749bfe80a8de4bba835","YES","C2","AMENDMENT-ADJUDICATED","US-CW-000113","Existing Article precedent demonstrates pre-crosswalk authority/election/temporal-control architecture. This supports the institutional election/authority structure without treating correspondence as proof."
"US-CW-000249","US-CM-000249","ORYNTH-systems/orynth-constitutional-state-integrity","ARCHITECTURAL AUTHORITY / ELECTION / TEMPORAL CONTROL","07-constitutional-state-integrity/elections/federal/FEDERAL_ELECTION_CONSTITUTIONAL_GRAPH.yaml;09-uaa-bridge/elections/actors/UAA_ELECTION_ACTOR_TAXONOMY.yaml;04-authority-lineage/AUTHORITY_LINEAGE_REGISTRY.yaml;07-constitutional-state-integrity/temporal/TEMPORAL_AUTHORITY.schema.json","","","","3a292dbf660893b07da93749bfe80a8de4bba835","YES","C2","AMENDMENT-ADJUDICATED","US-CW-000113","Existing Article precedent demonstrates pre-crosswalk authority/election/temporal-control architecture. This supports the institutional election/authority structure without treating correspondence as proof."
"US-CW-000250","US-CM-000250","ORYNTH-systems/orynth-constitutional-state-integrity","ARCHITECTURAL AUTHORITY / ELECTION / TEMPORAL CONTROL","07-constitutional-state-integrity/elections/federal/FEDERAL_ELECTION_CONSTITUTIONAL_GRAPH.yaml;09-uaa-bridge/elections/actors/UAA_ELECTION_ACTOR_TAXONOMY.yaml;04-authority-lineage/AUTHORITY_LINEAGE_REGISTRY.yaml;07-constitutional-state-integrity/temporal/TEMPORAL_AUTHORITY.schema.json","","","","3a292dbf660893b07da93749bfe80a8de4bba835","YES","C2","AMENDMENT-ADJUDICATED","US-CW-000113","Existing Article precedent demonstrates pre-crosswalk authority/election/temporal-control architecture. This supports the institutional election/authority structure without treating correspondence as proof."
"US-CW-000251","US-CM-000251","ORYNTH-systems/orynth-constitutional-state-integrity","ARCHITECTURAL AUTHORITY / ELECTION / TEMPORAL CONTROL","07-constitutional-state-integrity/elections/federal/FEDERAL_ELECTION_CONSTITUTIONAL_GRAPH.yaml;09-uaa-bridge/elections/actors/UAA_ELECTION_ACTOR_TAXONOMY.yaml;04-authority-lineage/AUTHORITY_LINEAGE_REGISTRY.yaml;07-constitutional-state-integrity/temporal/TEMPORAL_AUTHORITY.schema.json","","","","3a292dbf660893b07da93749bfe80a8de4bba835","YES","C2","AMENDMENT-ADJUDICATED","US-CW-000113","Existing Article precedent demonstrates pre-crosswalk authority/election/temporal-control architecture. This supports the institutional election/authority structure without treating correspondence as proof."
"US-CW-000252","US-CM-000252","ORYNTH-systems/orynth-constitutional-state-integrity","ARCHITECTURAL AUTHORITY / ELECTION / TEMPORAL CONTROL","07-constitutional-state-integrity/elections/federal/FEDERAL_ELECTION_CONSTITUTIONAL_GRAPH.yaml;09-uaa-bridge/elections/actors/UAA_ELECTION_ACTOR_TAXONOMY.yaml;04-authority-lineage/AUTHORITY_LINEAGE_REGISTRY.yaml;07-constitutional-state-integrity/temporal/TEMPORAL_AUTHORITY.schema.json","","","","3a292dbf660893b07da93749bfe80a8de4bba835","YES","C2","AMENDMENT-ADJUDICATED","US-CW-000113","Existing Article precedent demonstrates pre-crosswalk authority/election/temporal-control architecture. This supports the institutional election/authority structure without treating correspondence as proof."
"US-CW-000253","US-CM-000253","ORYNTH-systems/orynth-constitutional-state-integrity","ARCHITECTURAL AUTHORITY / ELECTION / TEMPORAL CONTROL","07-constitutional-state-integrity/elections/federal/FEDERAL_ELECTION_CONSTITUTIONAL_GRAPH.yaml;09-uaa-bridge/elections/actors/UAA_ELECTION_ACTOR_TAXONOMY.yaml;04-authority-lineage/AUTHORITY_LINEAGE_REGISTRY.yaml;07-constitutional-state-integrity/temporal/TEMPORAL_AUTHORITY.schema.json","","","","3a292dbf660893b07da93749bfe80a8de4bba835","YES","C2","AMENDMENT-ADJUDICATED","US-CW-000113","Existing Article precedent demonstrates pre-crosswalk authority/election/temporal-control architecture. This supports the institutional election/authority structure without treating correspondence as proof."
"US-CW-000254","US-CM-000254","ORYNTH-systems/orynth-constitutional-state-integrity","ARCHITECTURAL AUTHORITY / ELECTION / TEMPORAL CONTROL","07-constitutional-state-integrity/elections/federal/FEDERAL_ELECTION_CONSTITUTIONAL_GRAPH.yaml;09-uaa-bridge/elections/actors/UAA_ELECTION_ACTOR_TAXONOMY.yaml;04-authority-lineage/AUTHORITY_LINEAGE_REGISTRY.yaml;07-constitutional-state-integrity/temporal/TEMPORAL_AUTHORITY.schema.json","","","","3a292dbf660893b07da93749bfe80a8de4bba835","YES","C2","AMENDMENT-ADJUDICATED","US-CW-000113","Existing Article precedent demonstrates pre-crosswalk authority/election/temporal-control architecture. This supports the institutional election/authority structure without treating correspondence as proof."
"US-CW-000255","US-CM-000255","ORYNTH-systems/orynth-constitutional-state-integrity","ARCHITECTURAL AUTHORITY / ELECTION / TEMPORAL CONTROL","07-constitutional-state-integrity/elections/federal/FEDERAL_ELECTION_CONSTITUTIONAL_GRAPH.yaml;09-uaa-bridge/elections/actors/UAA_ELECTION_ACTOR_TAXONOMY.yaml;04-authority-lineage/AUTHORITY_LINEAGE_REGISTRY.yaml;07-constitutional-state-integrity/temporal/TEMPORAL_AUTHORITY.schema.json","","","","3a292dbf660893b07da93749bfe80a8de4bba835","YES","C2","AMENDMENT-ADJUDICATED","US-CW-000113","Existing Article precedent demonstrates pre-crosswalk authority/election/temporal-control architecture. This supports the institutional election/authority structure without treating correspondence as proof."
"US-CW-000256","US-CM-000256","ORYNTH-systems/orynth-constitutional-state-integrity","ARCHITECTURAL AUTHORITY / ELECTION / TEMPORAL CONTROL","07-constitutional-state-integrity/elections/federal/FEDERAL_ELECTION_CONSTITUTIONAL_GRAPH.yaml;09-uaa-bridge/elections/actors/UAA_ELECTION_ACTOR_TAXONOMY.yaml;04-authority-lineage/AUTHORITY_LINEAGE_REGISTRY.yaml;07-constitutional-state-integrity/temporal/TEMPORAL_AUTHORITY.schema.json","","","","3a292dbf660893b07da93749bfe80a8de4bba835","YES","C2","AMENDMENT-ADJUDICATED","US-CW-000113","Existing Article precedent demonstrates pre-crosswalk authority/election/temporal-control architecture. This supports the institutional election/authority structure without treating correspondence as proof."
"US-CW-000257","US-CM-000257","ORYNTH-systems/orynth-constitutional-state-integrity","ARCHITECTURAL AUTHORITY / ELECTION / TEMPORAL CONTROL","07-constitutional-state-integrity/elections/federal/FEDERAL_ELECTION_CONSTITUTIONAL_GRAPH.yaml;09-uaa-bridge/elections/actors/UAA_ELECTION_ACTOR_TAXONOMY.yaml;04-authority-lineage/AUTHORITY_LINEAGE_REGISTRY.yaml;07-constitutional-state-integrity/temporal/TEMPORAL_AUTHORITY.schema.json","","","","3a292dbf660893b07da93749bfe80a8de4bba835","YES","C2","AMENDMENT-ADJUDICATED","US-CW-000113","Existing Article precedent demonstrates pre-crosswalk authority/election/temporal-control architecture. This supports the institutional election/authority structure without treating correspondence as proof."
"US-CW-000258","US-CM-000258","ORYNTH-systems/orynth-constitutional-state-integrity","ARCHITECTURAL AUTHORITY / ELECTION / TEMPORAL CONTROL","07-constitutional-state-integrity/elections/federal/FEDERAL_ELECTION_CONSTITUTIONAL_GRAPH.yaml;09-uaa-bridge/elections/actors/UAA_ELECTION_ACTOR_TAXONOMY.yaml;04-authority-lineage/AUTHORITY_LINEAGE_REGISTRY.yaml;07-constitutional-state-integrity/temporal/TEMPORAL_AUTHORITY.schema.json","","","","3a292dbf660893b07da93749bfe80a8de4bba835","YES","C2","AMENDMENT-ADJUDICATED","US-CW-000113","Existing Article precedent demonstrates pre-crosswalk authority/election/temporal-control architecture. This supports the institutional election/authority structure without treating correspondence as proof."
"US-CW-000259","US-CM-000259","ORYNTH-systems/orynth-constitutional-state-integrity","ARCHITECTURAL AUTHORITY / ELECTION / TEMPORAL CONTROL","07-constitutional-state-integrity/elections/federal/FEDERAL_ELECTION_CONSTITUTIONAL_GRAPH.yaml;09-uaa-bridge/elections/actors/UAA_ELECTION_ACTOR_TAXONOMY.yaml;04-authority-lineage/AUTHORITY_LINEAGE_REGISTRY.yaml;07-constitutional-state-integrity/temporal/TEMPORAL_AUTHORITY.schema.json","","","","3a292dbf660893b07da93749bfe80a8de4bba835","YES","C2","AMENDMENT-ADJUDICATED","US-CW-000113","Existing Article precedent demonstrates pre-crosswalk authority/election/temporal-control architecture. This supports the institutional election/authority structure without treating correspondence as proof."
"US-CW-000260","US-CM-000260","ORYNTH-systems/orynth-constitutional-state-integrity","ARCHITECTURAL AUTHORITY / ELECTION / TEMPORAL CONTROL","07-constitutional-state-integrity/elections/federal/FEDERAL_ELECTION_CONSTITUTIONAL_GRAPH.yaml;09-uaa-bridge/elections/actors/UAA_ELECTION_ACTOR_TAXONOMY.yaml;04-authority-lineage/AUTHORITY_LINEAGE_REGISTRY.yaml;07-constitutional-state-integrity/temporal/TEMPORAL_AUTHORITY.schema.json","","","","3a292dbf660893b07da93749bfe80a8de4bba835","YES","C2","AMENDMENT-ADJUDICATED","US-CW-000113","Existing Article precedent demonstrates pre-crosswalk authority/election/temporal-control architecture. This supports the institutional election/authority structure without treating correspondence as proof."
"US-CW-000261","US-CM-000261","ORYNTH-systems/orynth-constitutional-state-integrity","ARCHITECTURAL AUTHORITY / ELECTION / TEMPORAL CONTROL","07-constitutional-state-integrity/elections/federal/FEDERAL_ELECTION_CONSTITUTIONAL_GRAPH.yaml;09-uaa-bridge/elections/actors/UAA_ELECTION_ACTOR_TAXONOMY.yaml;04-authority-lineage/AUTHORITY_LINEAGE_REGISTRY.yaml;07-constitutional-state-integrity/temporal/TEMPORAL_AUTHORITY.schema.json","","","","3a292dbf660893b07da93749bfe80a8de4bba835","YES","C2","AMENDMENT-ADJUDICATED","US-CW-000113","Existing Article precedent demonstrates pre-crosswalk authority/election/temporal-control architecture. This supports the institutional election/authority structure without treating correspondence as proof."
"US-CW-000262","US-CM-000262","ORYNTH-systems/orynth-constitutional-state-integrity","ARCHITECTURAL AUTHORITY / ELECTION / TEMPORAL CONTROL","07-constitutional-state-integrity/elections/federal/FEDERAL_ELECTION_CONSTITUTIONAL_GRAPH.yaml;09-uaa-bridge/elections/actors/UAA_ELECTION_ACTOR_TAXONOMY.yaml;04-authority-lineage/AUTHORITY_LINEAGE_REGISTRY.yaml;07-constitutional-state-integrity/temporal/TEMPORAL_AUTHORITY.schema.json","","","","3a292dbf660893b07da93749bfe80a8de4bba835","YES","C2","AMENDMENT-ADJUDICATED","US-CW-000113","Existing Article precedent demonstrates pre-crosswalk authority/election/temporal-control architecture. This supports the institutional election/authority structure without treating correspondence as proof."
"US-CW-000263","US-CM-000263","ORYNTH-systems/orynth-constitutional-state-integrity","SOURCE-ANCHORED CONSTITUTIONAL-PROCESS CONCEPT","01-constitutional-source-map/source-integrity/anchors/CONSTITUTIONAL_SOURCE_ANCHORS.json","","","","3a292dbf660893b07da93749bfe80a8de4bba835","YES","C1","AMENDMENT-ADJUDICATED","US-CW-000049","Existing Article precedent demonstrates pre-crosswalk source-anchored constitutional-process architecture. This supports the scoped procedural structure only."
"US-CW-000264","US-CM-000264","ORYNTH-systems/orynth-constitutional-state-integrity","SOURCE-ANCHORED CONSTITUTIONAL PROHIBITION / LIMITATION","02-constitutional-object-model/registry/PROHIBITION.yaml;02-constitutional-object-model/registry/LIMITATION.yaml;04-authority-lineage/AUTHORITY_LINEAGE_REGISTRY.yaml","","","","3a292dbf660893b07da93749bfe80a8de4bba835","YES","C1","AMENDMENT-ADJUDICATED","US-CW-000109","Existing Article precedent demonstrates pre-crosswalk source-anchored prohibition/limitation architecture. This supports the negative-constraint structure only, not substantive doctrine."
"US-CW-000265","US-CM-000265","ORYNTH-systems/orynth-constitutional-state-integrity","SOURCE-ANCHORED CONSTITUTIONAL PROHIBITION / LIMITATION","02-constitutional-object-model/registry/PROHIBITION.yaml;02-constitutional-object-model/registry/LIMITATION.yaml;04-authority-lineage/AUTHORITY_LINEAGE_REGISTRY.yaml","","","","3a292dbf660893b07da93749bfe80a8de4bba835","YES","C1","AMENDMENT-ADJUDICATED","US-CW-000109","Existing Article precedent demonstrates pre-crosswalk source-anchored prohibition/limitation architecture. This supports the negative-constraint structure only, not substantive doctrine."
"US-CW-000266","US-CM-000266","ORYNTH-systems/orynth-constitutional-state-integrity","ARTICLE-I-SECTION-8 ENUMERATED-POWER CONCEPT","01-constitutional-source-map/source-integrity/anchors/CONSTITUTIONAL_SOURCE_ANCHORS.json","","","","3a292dbf660893b07da93749bfe80a8de4bba835","YES","C1","AMENDMENT-ADJUDICATED","US-CW-000061","Existing Article precedent demonstrates pre-crosswalk source-anchored enumerated-power architecture. This supports the expressly granted congressional power structure only."
"US-CW-000267","US-CM-000267","ORYNTH-systems/orynth-constitutional-state-integrity","NATURALIZATION / CITIZENSHIP PREDICATE ARCHITECTURE","01-constitutional-source-map/source-integrity/anchors/CONSTITUTIONAL_SOURCE_ANCHORS.json","","","","3a292dbf660893b07da93749bfe80a8de4bba835","YES","C2","AMENDMENT-ADJUDICATED","US-CW-000065","Existing Article precedent demonstrates a pre-crosswalk naturalization/citizenship predicate architecture. This supports structural citizenship correspondence only."
"US-CW-000268","US-CM-000268","ORYNTH-systems/orynth-constitutional-state-integrity","SOURCE-ANCHORED CONSTITUTIONAL PROHIBITION / LIMITATION","02-constitutional-object-model/registry/PROHIBITION.yaml;02-constitutional-object-model/registry/LIMITATION.yaml;04-authority-lineage/AUTHORITY_LINEAGE_REGISTRY.yaml","","","","3a292dbf660893b07da93749bfe80a8de4bba835","YES","C1","AMENDMENT-ADJUDICATED","US-CW-000109","Existing Article precedent demonstrates pre-crosswalk source-anchored prohibition/limitation architecture. This supports the negative-constraint structure only, not substantive doctrine."
"US-CW-000269","US-CM-000269","ORYNTH-systems/orynth-constitutional-state-integrity","SOURCE-ANCHORED CONSTITUTIONAL PROHIBITION / LIMITATION","02-constitutional-object-model/registry/PROHIBITION.yaml;02-constitutional-object-model/registry/LIMITATION.yaml;04-authority-lineage/AUTHORITY_LINEAGE_REGISTRY.yaml","","","","3a292dbf660893b07da93749bfe80a8de4bba835","YES","C1","AMENDMENT-ADJUDICATED","US-CW-000109","Existing Article precedent demonstrates pre-crosswalk source-anchored prohibition/limitation architecture. This supports the negative-constraint structure only, not substantive doctrine."
"US-CW-000270","US-CM-000270","ORYNTH-systems/orynth-constitutional-state-integrity","SOURCE-ANCHORED CONSTITUTIONAL PROHIBITION / LIMITATION","02-constitutional-object-model/registry/PROHIBITION.yaml;02-constitutional-object-model/registry/LIMITATION.yaml;04-authority-lineage/AUTHORITY_LINEAGE_REGISTRY.yaml","","","","3a292dbf660893b07da93749bfe80a8de4bba835","YES","C1","AMENDMENT-ADJUDICATED","US-CW-000109","Existing Article precedent demonstrates pre-crosswalk source-anchored prohibition/limitation architecture. This supports the negative-constraint structure only, not substantive doctrine."
"US-CW-000271","US-CM-000271","ORYNTH-systems/orynth-constitutional-state-integrity","SOURCE-ANCHORED JURISDICTIONAL POWER","01-constitutional-source-map/source-integrity/anchors/CONSTITUTIONAL_SOURCE_ANCHORS.json","","","","3a292dbf660893b07da93749bfe80a8de4bba835","YES","C2","AMENDMENT-ADJUDICATED","US-CW-000064","Existing Article precedent demonstrates pre-crosswalk source-anchored jurisdictional-power architecture. This supports the jurisdiction/status/allocation structure only."
"US-CW-000272","US-CM-000272","ORYNTH-systems/orynth-constitutional-state-integrity","SOURCE-ANCHORED JURISDICTIONAL POWER","01-constitutional-source-map/source-integrity/anchors/CONSTITUTIONAL_SOURCE_ANCHORS.json","","","","3a292dbf660893b07da93749bfe80a8de4bba835","YES","C2","AMENDMENT-ADJUDICATED","US-CW-000064","Existing Article precedent demonstrates pre-crosswalk source-anchored jurisdictional-power architecture. This supports the jurisdiction/status/allocation structure only."
"US-CW-000273","US-CM-000273","ORYNTH-systems/orynth-constitutional-state-integrity","SOURCE-ANCHORED CONSTITUTIONAL PROHIBITION / LIMITATION","02-constitutional-object-model/registry/PROHIBITION.yaml;02-constitutional-object-model/registry/LIMITATION.yaml;04-authority-lineage/AUTHORITY_LINEAGE_REGISTRY.yaml","","","","3a292dbf660893b07da93749bfe80a8de4bba835","YES","C1","AMENDMENT-ADJUDICATED","US-CW-000109","Existing Article precedent demonstrates pre-crosswalk source-anchored prohibition/limitation architecture. This supports the negative-constraint structure only, not substantive doctrine."
"US-CW-000274","US-CM-000274","ORYNTH-systems/orynth-constitutional-state-integrity","ACTOR-OPERATION AUTHORITY SCOPE","02-constitutional-object-model/registry/AUTHORITY.yaml","","","","3a292dbf660893b07da93749bfe80a8de4bba835","YES","C2","AMENDMENT-ADJUDICATED","US-CW-000012","Existing Article precedent demonstrates pre-crosswalk actor-operation authority scoping. This supports the concurrence/threshold authority condition at an architectural level."
"US-CW-000275","US-CM-000275","ORYNTH-systems/orynth-constitutional-state-integrity","SOURCE-ANCHORED CONSTITUTIONAL PROHIBITION / LIMITATION","02-constitutional-object-model/registry/PROHIBITION.yaml;02-constitutional-object-model/registry/LIMITATION.yaml;04-authority-lineage/AUTHORITY_LINEAGE_REGISTRY.yaml","","","","3a292dbf660893b07da93749bfe80a8de4bba835","YES","C1","AMENDMENT-ADJUDICATED","US-CW-000109","Existing Article precedent demonstrates pre-crosswalk source-anchored prohibition/limitation architecture. This supports the negative-constraint structure only, not substantive doctrine."
"US-CW-000276","US-CM-000276","ORYNTH-systems/orynth-constitutional-state-integrity","SOURCE-ANCHORED CONSTITUTIONAL PROHIBITION / LIMITATION","02-constitutional-object-model/registry/PROHIBITION.yaml;02-constitutional-object-model/registry/LIMITATION.yaml;04-authority-lineage/AUTHORITY_LINEAGE_REGISTRY.yaml","","","","3a292dbf660893b07da93749bfe80a8de4bba835","YES","C1","AMENDMENT-ADJUDICATED","US-CW-000109","Existing Article precedent demonstrates pre-crosswalk source-anchored prohibition/limitation architecture. This supports the negative-constraint structure only, not substantive doctrine."
"US-CW-000277","US-CM-000277","ORYNTH-systems/orynth-constitutional-state-integrity","SOURCE-ANCHORED CONSTITUTIONAL PROHIBITION / LIMITATION","02-constitutional-object-model/registry/PROHIBITION.yaml;02-constitutional-object-model/registry/LIMITATION.yaml;04-authority-lineage/AUTHORITY_LINEAGE_REGISTRY.yaml","","","","3a292dbf660893b07da93749bfe80a8de4bba835","YES","C1","AMENDMENT-ADJUDICATED","US-CW-000109","Existing Article precedent demonstrates pre-crosswalk source-anchored prohibition/limitation architecture. This supports the negative-constraint structure only, not substantive doctrine."
"US-CW-000278","US-CM-000278","ORYNTH-systems/orynth-constitutional-state-integrity","ARTICLE-I-SECTION-8 ENUMERATED-POWER CONCEPT","01-constitutional-source-map/source-integrity/anchors/CONSTITUTIONAL_SOURCE_ANCHORS.json","","","","3a292dbf660893b07da93749bfe80a8de4bba835","YES","C1","AMENDMENT-ADJUDICATED","US-CW-000061","Existing Article precedent demonstrates pre-crosswalk source-anchored enumerated-power architecture. This supports the expressly granted congressional power structure only."
"US-CW-000279","US-CM-000279","ORYNTH-systems/orynth-constitutional-state-integrity","SOURCE-ANCHORED CONSTITUTIONAL PROHIBITION / LIMITATION","02-constitutional-object-model/registry/PROHIBITION.yaml;02-constitutional-object-model/registry/LIMITATION.yaml;04-authority-lineage/AUTHORITY_LINEAGE_REGISTRY.yaml","","","","3a292dbf660893b07da93749bfe80a8de4bba835","YES","C1","AMENDMENT-ADJUDICATED","US-CW-000109","Existing Article precedent demonstrates pre-crosswalk source-anchored prohibition/limitation architecture. This supports the negative-constraint structure only, not substantive doctrine."
"US-CW-000280","US-CM-000280","ORYNTH-systems/orynth-constitutional-state-integrity","ARTICLE-I-SECTION-8 ENUMERATED-POWER CONCEPT","01-constitutional-source-map/source-integrity/anchors/CONSTITUTIONAL_SOURCE_ANCHORS.json","","","","3a292dbf660893b07da93749bfe80a8de4bba835","YES","C1","AMENDMENT-ADJUDICATED","US-CW-000061","Existing Article precedent demonstrates pre-crosswalk source-anchored enumerated-power architecture. This supports the expressly granted congressional power structure only."
"US-CW-000281","US-CM-000281","ORYNTH-systems/orynth-constitutional-state-integrity","ARTICLE-I-SECTION-8 ENUMERATED-POWER CONCEPT","01-constitutional-source-map/source-integrity/anchors/CONSTITUTIONAL_SOURCE_ANCHORS.json","","","","3a292dbf660893b07da93749bfe80a8de4bba835","YES","C1","AMENDMENT-ADJUDICATED","US-CW-000061","Existing Article precedent demonstrates pre-crosswalk source-anchored enumerated-power architecture. This supports the expressly granted congressional power structure only."
"US-CW-000282","US-CM-000282","ORYNTH-systems/orynth-constitutional-state-integrity","ARCHITECTURAL AUTHORITY / ELECTION / TEMPORAL CONTROL","07-constitutional-state-integrity/elections/federal/FEDERAL_ELECTION_CONSTITUTIONAL_GRAPH.yaml;09-uaa-bridge/elections/actors/UAA_ELECTION_ACTOR_TAXONOMY.yaml;04-authority-lineage/AUTHORITY_LINEAGE_REGISTRY.yaml;07-constitutional-state-integrity/temporal/TEMPORAL_AUTHORITY.schema.json","","","","3a292dbf660893b07da93749bfe80a8de4bba835","YES","C2","AMENDMENT-ADJUDICATED","US-CW-000113","Existing Article precedent demonstrates pre-crosswalk authority/election/temporal-control architecture. This supports the institutional election/authority structure without treating correspondence as proof."
"US-CW-000283","US-CM-000283","ORYNTH-systems/orynth-constitutional-state-integrity","ARCHITECTURAL AUTHORITY / ELECTION / TEMPORAL CONTROL","07-constitutional-state-integrity/elections/federal/FEDERAL_ELECTION_CONSTITUTIONAL_GRAPH.yaml;09-uaa-bridge/elections/actors/UAA_ELECTION_ACTOR_TAXONOMY.yaml;04-authority-lineage/AUTHORITY_LINEAGE_REGISTRY.yaml;07-constitutional-state-integrity/temporal/TEMPORAL_AUTHORITY.schema.json","","","","3a292dbf660893b07da93749bfe80a8de4bba835","YES","C2","AMENDMENT-ADJUDICATED","US-CW-000113","Existing Article precedent demonstrates pre-crosswalk authority/election/temporal-control architecture. This supports the institutional election/authority structure without treating correspondence as proof."
"US-CW-000284","US-CM-000284","ORYNTH-systems/orynth-constitutional-state-integrity","ARCHITECTURAL AUTHORITY / ELECTION / TEMPORAL CONTROL","07-constitutional-state-integrity/elections/federal/FEDERAL_ELECTION_CONSTITUTIONAL_GRAPH.yaml;09-uaa-bridge/elections/actors/UAA_ELECTION_ACTOR_TAXONOMY.yaml;04-authority-lineage/AUTHORITY_LINEAGE_REGISTRY.yaml;07-constitutional-state-integrity/temporal/TEMPORAL_AUTHORITY.schema.json","","","","3a292dbf660893b07da93749bfe80a8de4bba835","YES","C2","AMENDMENT-ADJUDICATED","US-CW-000113","Existing Article precedent demonstrates pre-crosswalk authority/election/temporal-control architecture. This supports the institutional election/authority structure without treating correspondence as proof."
"US-CW-000285","US-CM-000285","ORYNTH-systems/orynth-constitutional-state-integrity","ARCHITECTURAL AUTHORITY / ELECTION / TEMPORAL CONTROL","07-constitutional-state-integrity/elections/federal/FEDERAL_ELECTION_CONSTITUTIONAL_GRAPH.yaml;09-uaa-bridge/elections/actors/UAA_ELECTION_ACTOR_TAXONOMY.yaml;04-authority-lineage/AUTHORITY_LINEAGE_REGISTRY.yaml;07-constitutional-state-integrity/temporal/TEMPORAL_AUTHORITY.schema.json","","","","3a292dbf660893b07da93749bfe80a8de4bba835","YES","C2","AMENDMENT-ADJUDICATED","US-CW-000113","Existing Article precedent demonstrates pre-crosswalk authority/election/temporal-control architecture. This supports the institutional election/authority structure without treating correspondence as proof."
"US-CW-000286","US-CM-000286","ORYNTH-systems/orynth-constitutional-state-integrity","ARCHITECTURAL AUTHORITY / ELECTION / TEMPORAL CONTROL","07-constitutional-state-integrity/elections/federal/FEDERAL_ELECTION_CONSTITUTIONAL_GRAPH.yaml;09-uaa-bridge/elections/actors/UAA_ELECTION_ACTOR_TAXONOMY.yaml;04-authority-lineage/AUTHORITY_LINEAGE_REGISTRY.yaml;07-constitutional-state-integrity/temporal/TEMPORAL_AUTHORITY.schema.json","","","","3a292dbf660893b07da93749bfe80a8de4bba835","YES","C2","AMENDMENT-ADJUDICATED","US-CW-000113","Existing Article precedent demonstrates pre-crosswalk authority/election/temporal-control architecture. This supports the institutional election/authority structure without treating correspondence as proof."
"US-CW-000287","US-CM-000287","ORYNTH-systems/orynth-constitutional-state-integrity","ARCHITECTURAL AUTHORITY / ELECTION / TEMPORAL CONTROL","07-constitutional-state-integrity/elections/federal/FEDERAL_ELECTION_CONSTITUTIONAL_GRAPH.yaml;09-uaa-bridge/elections/actors/UAA_ELECTION_ACTOR_TAXONOMY.yaml;04-authority-lineage/AUTHORITY_LINEAGE_REGISTRY.yaml;07-constitutional-state-integrity/temporal/TEMPORAL_AUTHORITY.schema.json","","","","3a292dbf660893b07da93749bfe80a8de4bba835","YES","C2","AMENDMENT-ADJUDICATED","US-CW-000113","Existing Article precedent demonstrates pre-crosswalk authority/election/temporal-control architecture. This supports the institutional election/authority structure without treating correspondence as proof."
"US-CW-000288","US-CM-000288","ORYNTH-systems/orynth-constitutional-state-integrity","ARCHITECTURAL AUTHORITY / ELECTION / TEMPORAL CONTROL","07-constitutional-state-integrity/elections/federal/FEDERAL_ELECTION_CONSTITUTIONAL_GRAPH.yaml;09-uaa-bridge/elections/actors/UAA_ELECTION_ACTOR_TAXONOMY.yaml;04-authority-lineage/AUTHORITY_LINEAGE_REGISTRY.yaml;07-constitutional-state-integrity/temporal/TEMPORAL_AUTHORITY.schema.json","","","","3a292dbf660893b07da93749bfe80a8de4bba835","YES","C2","AMENDMENT-ADJUDICATED","US-CW-000113","Existing Article precedent demonstrates pre-crosswalk authority/election/temporal-control architecture. This supports the institutional election/authority structure without treating correspondence as proof."
"US-CW-000289","US-CM-000289","ORYNTH-systems/orynth-constitutional-state-integrity","SOURCE-ANCHORED TEMPORAL EFFECT CONTROL","01-constitutional-source-map/source-integrity/anchors/CONSTITUTIONAL_SOURCE_ANCHORS.json","","","","3a292dbf660893b07da93749bfe80a8de4bba835","YES","C2","AMENDMENT-ADJUDICATED","US-CW-000058","Existing Article precedent demonstrates pre-crosswalk source-anchored temporal-effect control. This supports the source-defined transition/effect timing structure only."
"US-CW-000290","US-CM-000290","ORYNTH-systems/orynth-constitutional-state-integrity","SOURCE-ANCHORED CONSTITUTIONAL PROHIBITION / LIMITATION","02-constitutional-object-model/registry/PROHIBITION.yaml;02-constitutional-object-model/registry/LIMITATION.yaml;04-authority-lineage/AUTHORITY_LINEAGE_REGISTRY.yaml","","","","3a292dbf660893b07da93749bfe80a8de4bba835","YES","C1","AMENDMENT-ADJUDICATED","US-CW-000109","Existing Article precedent demonstrates pre-crosswalk source-anchored prohibition/limitation architecture. This supports the negative-constraint structure only, not substantive doctrine."
"US-CW-000291","US-CM-000291","ORYNTH-systems/orynth-constitutional-state-integrity","ARTICLE-I-SECTION-8 ENUMERATED-POWER CONCEPT","01-constitutional-source-map/source-integrity/anchors/CONSTITUTIONAL_SOURCE_ANCHORS.json","","","","3a292dbf660893b07da93749bfe80a8de4bba835","YES","C1","AMENDMENT-ADJUDICATED","US-CW-000061","Existing Article precedent demonstrates pre-crosswalk source-anchored enumerated-power architecture. This supports the expressly granted congressional power structure only."
"US-CW-000292","US-CM-000292","ORYNTH-systems/orynth-constitutional-state-integrity","SOURCE-ANCHORED TEMPORAL EFFECT CONTROL","01-constitutional-source-map/source-integrity/anchors/CONSTITUTIONAL_SOURCE_ANCHORS.json","","","","3a292dbf660893b07da93749bfe80a8de4bba835","YES","C2","AMENDMENT-ADJUDICATED","US-CW-000058","Existing Article precedent demonstrates pre-crosswalk source-anchored temporal-effect control. This supports the source-defined transition/effect timing structure only."
"US-CW-000293","US-CM-000293","ORYNTH-systems/orynth-constitutional-state-integrity","SOURCE-ANCHORED CONSTITUTIONAL PROHIBITION / LIMITATION","02-constitutional-object-model/registry/PROHIBITION.yaml;02-constitutional-object-model/registry/LIMITATION.yaml;04-authority-lineage/AUTHORITY_LINEAGE_REGISTRY.yaml","","","","3a292dbf660893b07da93749bfe80a8de4bba835","YES","C1","AMENDMENT-ADJUDICATED","US-CW-000109","Existing Article precedent demonstrates pre-crosswalk source-anchored prohibition/limitation architecture. This supports the negative-constraint structure only, not substantive doctrine."
"US-CW-000294","US-CM-000294","ORYNTH-systems/orynth-constitutional-state-integrity","ARTICLE-I-SECTION-8 ENUMERATED-POWER CONCEPT","01-constitutional-source-map/source-integrity/anchors/CONSTITUTIONAL_SOURCE_ANCHORS.json","","","","3a292dbf660893b07da93749bfe80a8de4bba835","YES","C1","AMENDMENT-ADJUDICATED","US-CW-000061","Existing Article precedent demonstrates pre-crosswalk source-anchored enumerated-power architecture. This supports the expressly granted congressional power structure only."
"US-CW-000295","US-CM-000295","ORYNTH-systems/orynth-constitutional-state-integrity","SOURCE-ANCHORED TEMPORAL EFFECT CONTROL","01-constitutional-source-map/source-integrity/anchors/CONSTITUTIONAL_SOURCE_ANCHORS.json","","","","3a292dbf660893b07da93749bfe80a8de4bba835","YES","C2","AMENDMENT-ADJUDICATED","US-CW-000058","Existing Article precedent demonstrates pre-crosswalk source-anchored temporal-effect control. This supports the source-defined transition/effect timing structure only."
"US-CW-000296","US-CM-000296","ORYNTH-systems/orynth-constitutional-state-integrity","SOURCE-ANCHORED TEMPORAL EFFECT CONTROL","01-constitutional-source-map/source-integrity/anchors/CONSTITUTIONAL_SOURCE_ANCHORS.json","","","","3a292dbf660893b07da93749bfe80a8de4bba835","YES","C2","AMENDMENT-ADJUDICATED","US-CW-000058","Existing Article precedent demonstrates pre-crosswalk source-anchored temporal-effect control. This supports the source-defined transition/effect timing structure only."
"US-CW-000297","US-CM-000297","ORYNTH-systems/orynth-constitutional-state-integrity","SOURCE-ANCHORED TEMPORAL EFFECT CONTROL","01-constitutional-source-map/source-integrity/anchors/CONSTITUTIONAL_SOURCE_ANCHORS.json","","","","3a292dbf660893b07da93749bfe80a8de4bba835","YES","C2","AMENDMENT-ADJUDICATED","US-CW-000058","Existing Article precedent demonstrates pre-crosswalk source-anchored temporal-effect control. This supports the source-defined transition/effect timing structure only."
"US-CW-000298","US-CM-000298","ORYNTH-systems/orynth-constitutional-state-integrity","SOURCE-ANCHORED CONSTITUTIONAL-PROCESS CONCEPT","01-constitutional-source-map/source-integrity/anchors/CONSTITUTIONAL_SOURCE_ANCHORS.json","","","","3a292dbf660893b07da93749bfe80a8de4bba835","YES","C1","AMENDMENT-ADJUDICATED","US-CW-000049","Existing Article precedent demonstrates pre-crosswalk source-anchored constitutional-process architecture. This supports the scoped procedural structure only."
"US-CW-000299","US-CM-000299","ORYNTH-systems/orynth-constitutional-state-integrity","SOURCE-ANCHORED CONSTITUTIONAL-PROCESS CONCEPT","01-constitutional-source-map/source-integrity/anchors/CONSTITUTIONAL_SOURCE_ANCHORS.json","","","","3a292dbf660893b07da93749bfe80a8de4bba835","YES","C1","AMENDMENT-ADJUDICATED","US-CW-000049","Existing Article precedent demonstrates pre-crosswalk source-anchored constitutional-process architecture. This supports the scoped procedural structure only."
"US-CW-000300","US-CM-000300","ORYNTH-systems/orynth-constitutional-state-integrity","ARCHITECTURAL AUTHORITY / ELECTION / TEMPORAL CONTROL","07-constitutional-state-integrity/elections/federal/FEDERAL_ELECTION_CONSTITUTIONAL_GRAPH.yaml;09-uaa-bridge/elections/actors/UAA_ELECTION_ACTOR_TAXONOMY.yaml;04-authority-lineage/AUTHORITY_LINEAGE_REGISTRY.yaml;07-constitutional-state-integrity/temporal/TEMPORAL_AUTHORITY.schema.json","","","","3a292dbf660893b07da93749bfe80a8de4bba835","YES","C2","AMENDMENT-ADJUDICATED","US-CW-000113","Existing Article precedent demonstrates pre-crosswalk authority/election/temporal-control architecture. This supports the institutional election/authority structure without treating correspondence as proof."
"US-CW-000301","US-CM-000301","ORYNTH-systems/orynth-constitutional-state-integrity","ARCHITECTURAL AUTHORITY / ELECTION / TEMPORAL CONTROL","07-constitutional-state-integrity/elections/federal/FEDERAL_ELECTION_CONSTITUTIONAL_GRAPH.yaml;09-uaa-bridge/elections/actors/UAA_ELECTION_ACTOR_TAXONOMY.yaml;04-authority-lineage/AUTHORITY_LINEAGE_REGISTRY.yaml;07-constitutional-state-integrity/temporal/TEMPORAL_AUTHORITY.schema.json","","","","3a292dbf660893b07da93749bfe80a8de4bba835","YES","C2","AMENDMENT-ADJUDICATED","US-CW-000113","Existing Article precedent demonstrates pre-crosswalk authority/election/temporal-control architecture. This supports the institutional election/authority structure without treating correspondence as proof."
"US-CW-000302","US-CM-000302","ORYNTH-systems/orynth-constitutional-state-integrity","SOURCE-ANCHORED CONSTITUTIONAL-PROCESS CONCEPT","01-constitutional-source-map/source-integrity/anchors/CONSTITUTIONAL_SOURCE_ANCHORS.json","","","","3a292dbf660893b07da93749bfe80a8de4bba835","YES","C1","AMENDMENT-ADJUDICATED","US-CW-000049","Existing Article precedent demonstrates pre-crosswalk source-anchored constitutional-process architecture. This supports the scoped procedural structure only."
"US-CW-000303","US-CM-000303","ORYNTH-systems/orynth-constitutional-state-integrity","ARCHITECTURAL AUTHORITY / ELECTION / TEMPORAL CONTROL","07-constitutional-state-integrity/elections/federal/FEDERAL_ELECTION_CONSTITUTIONAL_GRAPH.yaml;09-uaa-bridge/elections/actors/UAA_ELECTION_ACTOR_TAXONOMY.yaml;04-authority-lineage/AUTHORITY_LINEAGE_REGISTRY.yaml;07-constitutional-state-integrity/temporal/TEMPORAL_AUTHORITY.schema.json","","","","3a292dbf660893b07da93749bfe80a8de4bba835","YES","C2","AMENDMENT-ADJUDICATED","US-CW-000113","Existing Article precedent demonstrates pre-crosswalk authority/election/temporal-control architecture. This supports the institutional election/authority structure without treating correspondence as proof."
"US-CW-000304","US-CM-000304","ORYNTH-systems/orynth-constitutional-state-integrity","SOURCE-ANCHORED CONSTITUTIONAL-PROCESS CONCEPT","01-constitutional-source-map/source-integrity/anchors/CONSTITUTIONAL_SOURCE_ANCHORS.json","","","","3a292dbf660893b07da93749bfe80a8de4bba835","YES","C1","AMENDMENT-ADJUDICATED","US-CW-000049","Existing Article precedent demonstrates pre-crosswalk source-anchored constitutional-process architecture. This supports the scoped procedural structure only."
"US-CW-000305","US-CM-000305","ORYNTH-systems/orynth-constitutional-state-integrity","SOURCE-ANCHORED CONSTITUTIONAL-PROCESS CONCEPT","01-constitutional-source-map/source-integrity/anchors/CONSTITUTIONAL_SOURCE_ANCHORS.json","","","","3a292dbf660893b07da93749bfe80a8de4bba835","YES","C1","AMENDMENT-ADJUDICATED","US-CW-000049","Existing Article precedent demonstrates pre-crosswalk source-anchored constitutional-process architecture. This supports the scoped procedural structure only."
"US-CW-000306","US-CM-000306","ORYNTH-systems/orynth-constitutional-state-integrity","SOURCE-ANCHORED TEMPORAL EFFECT CONTROL","01-constitutional-source-map/source-integrity/anchors/CONSTITUTIONAL_SOURCE_ANCHORS.json","","","","3a292dbf660893b07da93749bfe80a8de4bba835","YES","C2","AMENDMENT-ADJUDICATED","US-CW-000058","Existing Article precedent demonstrates pre-crosswalk source-anchored temporal-effect control. This supports the source-defined transition/effect timing structure only."
"US-CW-000307","US-CM-000307","ORYNTH-systems/orynth-constitutional-state-integrity","SOURCE-ANCHORED TEMPORAL EFFECT CONTROL","01-constitutional-source-map/source-integrity/anchors/CONSTITUTIONAL_SOURCE_ANCHORS.json","","","","3a292dbf660893b07da93749bfe80a8de4bba835","YES","C2","AMENDMENT-ADJUDICATED","US-CW-000058","Existing Article precedent demonstrates pre-crosswalk source-anchored temporal-effect control. This supports the source-defined transition/effect timing structure only."
"US-CW-000308","US-CM-000308","ORYNTH-systems/orynth-constitutional-state-integrity","SOURCE-ANCHORED TEMPORAL EFFECT CONTROL","01-constitutional-source-map/source-integrity/anchors/CONSTITUTIONAL_SOURCE_ANCHORS.json","","","","3a292dbf660893b07da93749bfe80a8de4bba835","YES","C2","AMENDMENT-ADJUDICATED","US-CW-000058","Existing Article precedent demonstrates pre-crosswalk source-anchored temporal-effect control. This supports the source-defined transition/effect timing structure only."
"US-CW-000309","US-CM-000309","ORYNTH-systems/orynth-constitutional-state-integrity","SOURCE-ANCHORED CONSTITUTIONAL PROHIBITION / LIMITATION","02-constitutional-object-model/registry/PROHIBITION.yaml;02-constitutional-object-model/registry/LIMITATION.yaml;04-authority-lineage/AUTHORITY_LINEAGE_REGISTRY.yaml","","","","3a292dbf660893b07da93749bfe80a8de4bba835","YES","C1","AMENDMENT-ADJUDICATED","US-CW-000109","Existing Article precedent demonstrates pre-crosswalk source-anchored prohibition/limitation architecture. This supports the negative-constraint structure only, not substantive doctrine."
"US-CW-000310","US-CM-000310","ORYNTH-systems/orynth-constitutional-state-integrity","SOURCE-ANCHORED TEMPORAL EFFECT CONTROL","01-constitutional-source-map/source-integrity/anchors/CONSTITUTIONAL_SOURCE_ANCHORS.json","","","","3a292dbf660893b07da93749bfe80a8de4bba835","YES","C2","AMENDMENT-ADJUDICATED","US-CW-000058","Existing Article precedent demonstrates pre-crosswalk source-anchored temporal-effect control. This supports the source-defined transition/effect timing structure only."
"US-CW-000311","US-CM-000311","ORYNTH-systems/orynth-constitutional-state-integrity","ARCHITECTURAL AUTHORITY / ELECTION / TEMPORAL CONTROL","07-constitutional-state-integrity/elections/federal/FEDERAL_ELECTION_CONSTITUTIONAL_GRAPH.yaml;09-uaa-bridge/elections/actors/UAA_ELECTION_ACTOR_TAXONOMY.yaml;04-authority-lineage/AUTHORITY_LINEAGE_REGISTRY.yaml;07-constitutional-state-integrity/temporal/TEMPORAL_AUTHORITY.schema.json","","","","3a292dbf660893b07da93749bfe80a8de4bba835","YES","C2","AMENDMENT-ADJUDICATED","US-CW-000113","Existing Article precedent demonstrates pre-crosswalk authority/election/temporal-control architecture. This supports the institutional election/authority structure without treating correspondence as proof."
"US-CW-000312","US-CM-000312","ORYNTH-systems/orynth-constitutional-state-integrity","ARCHITECTURAL AUTHORITY / ELECTION / TEMPORAL CONTROL","07-constitutional-state-integrity/elections/federal/FEDERAL_ELECTION_CONSTITUTIONAL_GRAPH.yaml;09-uaa-bridge/elections/actors/UAA_ELECTION_ACTOR_TAXONOMY.yaml;04-authority-lineage/AUTHORITY_LINEAGE_REGISTRY.yaml;07-constitutional-state-integrity/temporal/TEMPORAL_AUTHORITY.schema.json","","","","3a292dbf660893b07da93749bfe80a8de4bba835","YES","C2","AMENDMENT-ADJUDICATED","US-CW-000113","Existing Article precedent demonstrates pre-crosswalk authority/election/temporal-control architecture. This supports the institutional election/authority structure without treating correspondence as proof."
"US-CW-000313","US-CM-000313","ORYNTH-systems/orynth-constitutional-state-integrity","SOURCE-ANCHORED TEMPORAL EFFECT CONTROL","01-constitutional-source-map/source-integrity/anchors/CONSTITUTIONAL_SOURCE_ANCHORS.json","","","","3a292dbf660893b07da93749bfe80a8de4bba835","YES","C2","AMENDMENT-ADJUDICATED","US-CW-000058","Existing Article precedent demonstrates pre-crosswalk source-anchored temporal-effect control. This supports the source-defined transition/effect timing structure only."
"US-CW-000314","US-CM-000314","ORYNTH-systems/orynth-constitutional-state-integrity","SOURCE-ANCHORED TEMPORAL EFFECT CONTROL","01-constitutional-source-map/source-integrity/anchors/CONSTITUTIONAL_SOURCE_ANCHORS.json","","","","3a292dbf660893b07da93749bfe80a8de4bba835","YES","C2","AMENDMENT-ADJUDICATED","US-CW-000058","Existing Article precedent demonstrates pre-crosswalk source-anchored temporal-effect control. This supports the source-defined transition/effect timing structure only."
"US-CW-000315","US-CM-000315","ORYNTH-systems/orynth-constitutional-state-integrity","SOURCE-ANCHORED TEMPORAL EFFECT CONTROL","01-constitutional-source-map/source-integrity/anchors/CONSTITUTIONAL_SOURCE_ANCHORS.json","","","","3a292dbf660893b07da93749bfe80a8de4bba835","YES","C2","AMENDMENT-ADJUDICATED","US-CW-000058","Existing Article precedent demonstrates pre-crosswalk source-anchored temporal-effect control. This supports the source-defined transition/effect timing structure only."
"US-CW-000316","US-CM-000316","ORYNTH-systems/orynth-constitutional-state-integrity","ARCHITECTURAL AUTHORITY / ELECTION / TEMPORAL CONTROL","07-constitutional-state-integrity/elections/federal/FEDERAL_ELECTION_CONSTITUTIONAL_GRAPH.yaml;09-uaa-bridge/elections/actors/UAA_ELECTION_ACTOR_TAXONOMY.yaml;04-authority-lineage/AUTHORITY_LINEAGE_REGISTRY.yaml;07-constitutional-state-integrity/temporal/TEMPORAL_AUTHORITY.schema.json","","","","3a292dbf660893b07da93749bfe80a8de4bba835","YES","C2","AMENDMENT-ADJUDICATED","US-CW-000113","Existing Article precedent demonstrates pre-crosswalk authority/election/temporal-control architecture. This supports the institutional election/authority structure without treating correspondence as proof."
"US-CW-000317","US-CM-000317","ORYNTH-systems/orynth-constitutional-state-integrity","ARCHITECTURAL AUTHORITY / ELECTION / TEMPORAL CONTROL","07-constitutional-state-integrity/elections/federal/FEDERAL_ELECTION_CONSTITUTIONAL_GRAPH.yaml;09-uaa-bridge/elections/actors/UAA_ELECTION_ACTOR_TAXONOMY.yaml;04-authority-lineage/AUTHORITY_LINEAGE_REGISTRY.yaml;07-constitutional-state-integrity/temporal/TEMPORAL_AUTHORITY.schema.json","","","","3a292dbf660893b07da93749bfe80a8de4bba835","YES","C2","AMENDMENT-ADJUDICATED","US-CW-000113","Existing Article precedent demonstrates pre-crosswalk authority/election/temporal-control architecture. This supports the institutional election/authority structure without treating correspondence as proof."
"US-CW-000318","US-CM-000318","ORYNTH-systems/orynth-constitutional-state-integrity","ARCHITECTURAL AUTHORITY / ELECTION / TEMPORAL CONTROL","07-constitutional-state-integrity/elections/federal/FEDERAL_ELECTION_CONSTITUTIONAL_GRAPH.yaml;09-uaa-bridge/elections/actors/UAA_ELECTION_ACTOR_TAXONOMY.yaml;04-authority-lineage/AUTHORITY_LINEAGE_REGISTRY.yaml;07-constitutional-state-integrity/temporal/TEMPORAL_AUTHORITY.schema.json","","","","3a292dbf660893b07da93749bfe80a8de4bba835","YES","C2","AMENDMENT-ADJUDICATED","US-CW-000113","Existing Article precedent demonstrates pre-crosswalk authority/election/temporal-control architecture. This supports the institutional election/authority structure without treating correspondence as proof."
"US-CW-000319","US-CM-000319","ORYNTH-systems/orynth-constitutional-state-integrity","ARTICLE-I-SECTION-8 ENUMERATED-POWER CONCEPT","01-constitutional-source-map/source-integrity/anchors/CONSTITUTIONAL_SOURCE_ANCHORS.json","","","","3a292dbf660893b07da93749bfe80a8de4bba835","YES","C1","AMENDMENT-ADJUDICATED","US-CW-000061","Existing Article precedent demonstrates pre-crosswalk source-anchored enumerated-power architecture. This supports the expressly granted congressional power structure only."
"US-CW-000320","US-CM-000320","ORYNTH-systems/orynth-constitutional-state-integrity","SOURCE-ANCHORED CONSTITUTIONAL PROHIBITION / LIMITATION","02-constitutional-object-model/registry/PROHIBITION.yaml;02-constitutional-object-model/registry/LIMITATION.yaml;04-authority-lineage/AUTHORITY_LINEAGE_REGISTRY.yaml","","","","3a292dbf660893b07da93749bfe80a8de4bba835","YES","C1","AMENDMENT-ADJUDICATED","US-CW-000109","Existing Article precedent demonstrates pre-crosswalk source-anchored prohibition/limitation architecture. This supports the negative-constraint structure only, not substantive doctrine."
"US-CW-000321","US-CM-000321","ORYNTH-systems/orynth-constitutional-state-integrity","ARTICLE-I-SECTION-8 ENUMERATED-POWER CONCEPT","01-constitutional-source-map/source-integrity/anchors/CONSTITUTIONAL_SOURCE_ANCHORS.json","","","","3a292dbf660893b07da93749bfe80a8de4bba835","YES","C1","AMENDMENT-ADJUDICATED","US-CW-000061","Existing Article precedent demonstrates pre-crosswalk source-anchored enumerated-power architecture. This supports the expressly granted congressional power structure only."
"US-CW-000322","US-CM-000322","ORYNTH-systems/orynth-constitutional-state-integrity","ARCHITECTURAL AUTHORITY / ELECTION / TEMPORAL CONTROL","07-constitutional-state-integrity/elections/federal/FEDERAL_ELECTION_CONSTITUTIONAL_GRAPH.yaml;09-uaa-bridge/elections/actors/UAA_ELECTION_ACTOR_TAXONOMY.yaml;04-authority-lineage/AUTHORITY_LINEAGE_REGISTRY.yaml;07-constitutional-state-integrity/temporal/TEMPORAL_AUTHORITY.schema.json","","","","3a292dbf660893b07da93749bfe80a8de4bba835","YES","C2","AMENDMENT-ADJUDICATED","US-CW-000113","Existing Article precedent demonstrates pre-crosswalk authority/election/temporal-control architecture. This supports the institutional election/authority structure without treating correspondence as proof."
"US-CW-000323","US-CM-000323","ORYNTH-systems/orynth-constitutional-state-integrity","ARCHITECTURAL AUTHORITY / ELECTION / TEMPORAL CONTROL","07-constitutional-state-integrity/elections/federal/FEDERAL_ELECTION_CONSTITUTIONAL_GRAPH.yaml;09-uaa-bridge/elections/actors/UAA_ELECTION_ACTOR_TAXONOMY.yaml;04-authority-lineage/AUTHORITY_LINEAGE_REGISTRY.yaml;07-constitutional-state-integrity/temporal/TEMPORAL_AUTHORITY.schema.json","","","","3a292dbf660893b07da93749bfe80a8de4bba835","YES","C2","AMENDMENT-ADJUDICATED","US-CW-000113","Existing Article precedent demonstrates pre-crosswalk authority/election/temporal-control architecture. This supports the institutional election/authority structure without treating correspondence as proof."
"US-CW-000324","US-CM-000324","ORYNTH-systems/orynth-constitutional-state-integrity","ARCHITECTURAL AUTHORITY / ELECTION / TEMPORAL CONTROL","07-constitutional-state-integrity/elections/federal/FEDERAL_ELECTION_CONSTITUTIONAL_GRAPH.yaml;09-uaa-bridge/elections/actors/UAA_ELECTION_ACTOR_TAXONOMY.yaml;04-authority-lineage/AUTHORITY_LINEAGE_REGISTRY.yaml;07-constitutional-state-integrity/temporal/TEMPORAL_AUTHORITY.schema.json","","","","3a292dbf660893b07da93749bfe80a8de4bba835","YES","C2","AMENDMENT-ADJUDICATED","US-CW-000113","Existing Article precedent demonstrates pre-crosswalk authority/election/temporal-control architecture. This supports the institutional election/authority structure without treating correspondence as proof."
"US-CW-000325","US-CM-000325","ORYNTH-systems/orynth-constitutional-state-integrity","ARCHITECTURAL AUTHORITY / ELECTION / TEMPORAL CONTROL","07-constitutional-state-integrity/elections/federal/FEDERAL_ELECTION_CONSTITUTIONAL_GRAPH.yaml;09-uaa-bridge/elections/actors/UAA_ELECTION_ACTOR_TAXONOMY.yaml;04-authority-lineage/AUTHORITY_LINEAGE_REGISTRY.yaml;07-constitutional-state-integrity/temporal/TEMPORAL_AUTHORITY.schema.json","","","","3a292dbf660893b07da93749bfe80a8de4bba835","YES","C2","AMENDMENT-ADJUDICATED","US-CW-000113","Existing Article precedent demonstrates pre-crosswalk authority/election/temporal-control architecture. This supports the institutional election/authority structure without treating correspondence as proof."
"US-CW-000326","US-CM-000326","ORYNTH-systems/orynth-constitutional-state-integrity","ARCHITECTURAL AUTHORITY / ELECTION / TEMPORAL CONTROL","07-constitutional-state-integrity/elections/federal/FEDERAL_ELECTION_CONSTITUTIONAL_GRAPH.yaml;09-uaa-bridge/elections/actors/UAA_ELECTION_ACTOR_TAXONOMY.yaml;04-authority-lineage/AUTHORITY_LINEAGE_REGISTRY.yaml;07-constitutional-state-integrity/temporal/TEMPORAL_AUTHORITY.schema.json","","","","3a292dbf660893b07da93749bfe80a8de4bba835","YES","C2","AMENDMENT-ADJUDICATED","US-CW-000113","Existing Article precedent demonstrates pre-crosswalk authority/election/temporal-control architecture. This supports the institutional election/authority structure without treating correspondence as proof."
"US-CW-000327","US-CM-000327","ORYNTH-systems/orynth-constitutional-state-integrity","ARCHITECTURAL AUTHORITY / ELECTION / TEMPORAL CONTROL","07-constitutional-state-integrity/elections/federal/FEDERAL_ELECTION_CONSTITUTIONAL_GRAPH.yaml;09-uaa-bridge/elections/actors/UAA_ELECTION_ACTOR_TAXONOMY.yaml;04-authority-lineage/AUTHORITY_LINEAGE_REGISTRY.yaml;07-constitutional-state-integrity/temporal/TEMPORAL_AUTHORITY.schema.json","","","","3a292dbf660893b07da93749bfe80a8de4bba835","YES","C2","AMENDMENT-ADJUDICATED","US-CW-000113","Existing Article precedent demonstrates pre-crosswalk authority/election/temporal-control architecture. This supports the institutional election/authority structure without treating correspondence as proof."
"US-CW-000328","US-CM-000328","ORYNTH-systems/orynth-constitutional-state-integrity","ARCHITECTURAL AUTHORITY / ELECTION / TEMPORAL CONTROL","07-constitutional-state-integrity/elections/federal/FEDERAL_ELECTION_CONSTITUTIONAL_GRAPH.yaml;09-uaa-bridge/elections/actors/UAA_ELECTION_ACTOR_TAXONOMY.yaml;04-authority-lineage/AUTHORITY_LINEAGE_REGISTRY.yaml;07-constitutional-state-integrity/temporal/TEMPORAL_AUTHORITY.schema.json","","","","3a292dbf660893b07da93749bfe80a8de4bba835","YES","C2","AMENDMENT-ADJUDICATED","US-CW-000113","Existing Article precedent demonstrates pre-crosswalk authority/election/temporal-control architecture. This supports the institutional election/authority structure without treating correspondence as proof."
"US-CW-000329","US-CM-000329","ORYNTH-systems/orynth-constitutional-state-integrity","SOURCE-ANCHORED CONSTITUTIONAL-PROCESS CONCEPT","01-constitutional-source-map/source-integrity/anchors/CONSTITUTIONAL_SOURCE_ANCHORS.json","","","","3a292dbf660893b07da93749bfe80a8de4bba835","YES","C1","AMENDMENT-ADJUDICATED","US-CW-000049","Existing Article precedent demonstrates pre-crosswalk source-anchored constitutional-process architecture. This supports the scoped procedural structure only."
"US-CW-000330","US-CM-000330","ORYNTH-systems/orynth-constitutional-state-integrity","SOURCE-ANCHORED CONSTITUTIONAL-PROCESS CONCEPT","01-constitutional-source-map/source-integrity/anchors/CONSTITUTIONAL_SOURCE_ANCHORS.json","","","","3a292dbf660893b07da93749bfe80a8de4bba835","YES","C1","AMENDMENT-ADJUDICATED","US-CW-000049","Existing Article precedent demonstrates pre-crosswalk source-anchored constitutional-process architecture. This supports the scoped procedural structure only."
"US-CW-000331","US-CM-000331","ORYNTH-systems/orynth-constitutional-state-integrity","ACTOR-OPERATION AUTHORITY SCOPE","02-constitutional-object-model/registry/AUTHORITY.yaml","","","","3a292dbf660893b07da93749bfe80a8de4bba835","YES","C2","AMENDMENT-ADJUDICATED","US-CW-000012","Existing Article precedent demonstrates pre-crosswalk actor-operation authority scoping. This supports the concurrence/threshold authority condition at an architectural level."
"US-CW-000332","US-CM-000332","ORYNTH-systems/orynth-constitutional-state-integrity","ARCHITECTURAL AUTHORITY / ELECTION / TEMPORAL CONTROL","07-constitutional-state-integrity/elections/federal/FEDERAL_ELECTION_CONSTITUTIONAL_GRAPH.yaml;09-uaa-bridge/elections/actors/UAA_ELECTION_ACTOR_TAXONOMY.yaml;04-authority-lineage/AUTHORITY_LINEAGE_REGISTRY.yaml;07-constitutional-state-integrity/temporal/TEMPORAL_AUTHORITY.schema.json","","","","3a292dbf660893b07da93749bfe80a8de4bba835","YES","C2","AMENDMENT-ADJUDICATED","US-CW-000113","Existing Article precedent demonstrates pre-crosswalk authority/election/temporal-control architecture. This supports the institutional election/authority structure without treating correspondence as proof."
"US-CW-000333","US-CM-000333","ORYNTH-systems/orynth-constitutional-state-integrity","ARCHITECTURAL AUTHORITY / ELECTION / TEMPORAL CONTROL","07-constitutional-state-integrity/elections/federal/FEDERAL_ELECTION_CONSTITUTIONAL_GRAPH.yaml;09-uaa-bridge/elections/actors/UAA_ELECTION_ACTOR_TAXONOMY.yaml;04-authority-lineage/AUTHORITY_LINEAGE_REGISTRY.yaml;07-constitutional-state-integrity/temporal/TEMPORAL_AUTHORITY.schema.json","","","","3a292dbf660893b07da93749bfe80a8de4bba835","YES","C2","AMENDMENT-ADJUDICATED","US-CW-000113","Existing Article precedent demonstrates pre-crosswalk authority/election/temporal-control architecture. This supports the institutional election/authority structure without treating correspondence as proof."
"US-CW-000334","US-CM-000334","ORYNTH-systems/orynth-constitutional-state-integrity","SOURCE-ANCHORED CONSTITUTIONAL PROHIBITION / LIMITATION","02-constitutional-object-model/registry/PROHIBITION.yaml;02-constitutional-object-model/registry/LIMITATION.yaml;04-authority-lineage/AUTHORITY_LINEAGE_REGISTRY.yaml","","","","3a292dbf660893b07da93749bfe80a8de4bba835","YES","C1","AMENDMENT-ADJUDICATED","US-CW-000109","Existing Article precedent demonstrates pre-crosswalk source-anchored prohibition/limitation architecture. This supports the negative-constraint structure only, not substantive doctrine."
"US-CW-000335","US-CM-000335","ORYNTH-systems/orynth-constitutional-state-integrity","ARTICLE-I-SECTION-8 ENUMERATED-POWER CONCEPT","01-constitutional-source-map/source-integrity/anchors/CONSTITUTIONAL_SOURCE_ANCHORS.json","","","","3a292dbf660893b07da93749bfe80a8de4bba835","YES","C1","AMENDMENT-ADJUDICATED","US-CW-000061","Existing Article precedent demonstrates pre-crosswalk source-anchored enumerated-power architecture. This supports the expressly granted congressional power structure only."
"US-CW-000336","US-CM-000336","ORYNTH-systems/orynth-constitutional-state-integrity","SOURCE-ANCHORED TEMPORAL EFFECT CONTROL","01-constitutional-source-map/source-integrity/anchors/CONSTITUTIONAL_SOURCE_ANCHORS.json","","","","3a292dbf660893b07da93749bfe80a8de4bba835","YES","C2","AMENDMENT-ADJUDICATED","US-CW-000058","Existing Article precedent demonstrates pre-crosswalk source-anchored temporal-effect control. This supports the source-defined transition/effect timing structure only."
