"crosswalk_id","mechanism_id","source_clause_id","mechanism_family","jurisdiction_scope","normalized_mechanism","orynth_component","file_path","baseline_commit","correspondence_grade","review_status"
"US-CW-000001","US-CM-000001","US-CONST-ATOM-000001","F1","UNITED-STATES/FEDERAL/LEGISLATIVE","Legislative powers granted by the Constitution are vested in the Congress of the United States.","CONSTITUTIONAL-AUTHORITY-LINEAGE / OPERATION-SCOPED-AUTHORITY","00-governance/CANONICAL_AUTHORITY_POLICY.md","3a292dbf660893b07da93749bfe80a8de4bba835","C3","WAVE-01-ADJUDICATED"
"US-CW-000004","US-CM-000004","US-CONST-ATOM-000004","F3","UNITED-STATES/HOUSE/STATE-ELECTOR-QUALIFICATIONS","Eligibility to participate as a House elector in each State is bounded by the qualifications required for electors of that State's most numerous legislative branch.","ARTICLE-I-S2 VOTER-QUALIFICATION DEPENDENCY","02-constitutional-object-model/registry/QUALIFICATION.yaml","3a292dbf660893b07da93749bfe80a8de4bba835","C3","WAVE-01-ADJUDICATED"
"US-CW-000018","US-CM-000018","US-CONST-ATOM-000018","F1","UNITED-STATES/SENATE/STATE-VACANCIES","During the stated vacancy and legislative-recess condition, a State Executive may make a temporary Senate appointment until the legislature next meets.","TEMPORARY-APPOINTMENT / TEMPORAL-AUTHORITY","13-invariants/CSI_FEDERAL_ELECTION_INVARIANTS.md","3a292dbf660893b07da93749bfe80a8de4bba835","C3","WAVE-01-ADJUDICATED"
"US-CW-000028","US-CM-000028","US-CONST-ATOM-000028","F6","UNITED-STATES/STATES/CONGRESSIONAL-ELECTIONS","State legislatures hold the initial authority to prescribe the times, places, and manner of congressional elections within their respective States.","STATE-LEGISLATURE DEFINE_CONGRESSIONAL_ELECTION_RULE","09-uaa-bridge/elections/resolver/UAA_AUTHORITY_RULES.json","3a292dbf660893b07da93749bfe80a8de4bba835","C3","WAVE-01-ADJUDICATED"
"US-CW-000120","US-CM-000120","US-CONST-ATOM-000120","F6","UNITED-STATES/STATES/PRESIDENTIAL-ELECTORS","Each State appoints electors in the manner directed by its legislature, with the number equal to that State's total Senators and Representatives in Congress.","FORMAL ARTICLE-II ELECTION / QUALIFICATION ARCHITECTURE","03-constitutional-dependency-graph/elections/article-ii/ARTICLE_II_SECTION_1_ELECTOR_ARCHITECTURE.yaml;07-constitutional-state-integrity/elections/jurisdiction/ELECTION_JURISDICTION_MATRIX.yaml;09-uaa-bridge/elections/actors/UAA_ELECTION_ACTOR_TAXONOMY.yaml","3a292dbf660893b07da93749bfe80a8de4bba835","C3","WAVE-04-ADJUDICATED"
"US-CW-000121","US-CM-000121","US-CONST-ATOM-000121","F5","UNITED-STATES/PRESIDENTIAL-ELECTORS/INELIGIBILITY","A Senator, Representative, or person holding an office of trust or profit under the United States may not be appointed an elector.","FORMAL ARTICLE-II ELECTION / QUALIFICATION ARCHITECTURE","03-constitutional-dependency-graph/elections/article-ii/ARTICLE_II_SECTION_1_ELECTOR_ARCHITECTURE.yaml;07-constitutional-state-integrity/elections/jurisdiction/ELECTION_JURISDICTION_MATRIX.yaml;09-uaa-bridge/elections/actors/UAA_ELECTION_ACTOR_TAXONOMY.yaml","3a292dbf660893b07da93749bfe80a8de4bba835","C3","WAVE-04-ADJUDICATED"
"US-CW-000135","US-CM-000135","US-CONST-ATOM-000135","F3","UNITED-STATES/CONGRESS/PRESIDENTIAL-ELECTION/TIMING","Congress may determine the time for choosing presidential electors.","FORMAL ARTICLE-II ELECTION / QUALIFICATION ARCHITECTURE","03-constitutional-dependency-graph/elections/article-ii/ARTICLE_II_SECTION_1_ELECTOR_ARCHITECTURE.yaml;07-constitutional-state-integrity/elections/jurisdiction/ELECTION_JURISDICTION_MATRIX.yaml;09-uaa-bridge/elections/actors/UAA_ELECTION_ACTOR_TAXONOMY.yaml","3a292dbf660893b07da93749bfe80a8de4bba835","C3","WAVE-04-ADJUDICATED"
"US-CW-000136","US-CM-000136","US-CONST-ATOM-000136","F3","UNITED-STATES/CONGRESS/PRESIDENTIAL-ELECTION/VOTING-DAY","Congress may determine the day on which presidential electors cast their votes.","FORMAL ARTICLE-II ELECTION / QUALIFICATION ARCHITECTURE","03-constitutional-dependency-graph/elections/article-ii/ARTICLE_II_SECTION_1_ELECTOR_ARCHITECTURE.yaml;07-constitutional-state-integrity/elections/jurisdiction/ELECTION_JURISDICTION_MATRIX.yaml;09-uaa-bridge/elections/actors/UAA_ELECTION_ACTOR_TAXONOMY.yaml","3a292dbf660893b07da93749bfe80a8de4bba835","C3","WAVE-04-ADJUDICATED"
"US-CW-000138","US-CM-000138","US-CONST-ATOM-000138","F3","UNITED-STATES/PRESIDENT/ELIGIBILITY/CITIZENSHIP","Eligibility for the Presidency is bounded by the citizenship qualification stated in the source.","FORMAL ARTICLE-II ELECTION / QUALIFICATION ARCHITECTURE","03-constitutional-dependency-graph/elections/article-ii/ARTICLE_II_SECTION_1_ELECTOR_ARCHITECTURE.yaml;07-constitutional-state-integrity/elections/jurisdiction/ELECTION_JURISDICTION_MATRIX.yaml;09-uaa-bridge/elections/actors/UAA_ELECTION_ACTOR_TAXONOMY.yaml","3a292dbf660893b07da93749bfe80a8de4bba835","C3","WAVE-04-ADJUDICATED"
"US-CW-000139","US-CM-000139","US-CONST-ATOM-000139","F3","UNITED-STATES/PRESIDENT/ELIGIBILITY/AGE-RESIDENCE","Eligibility for the Presidency is bounded by a minimum age of thirty-five years and fourteen years of residence within the United States.","FORMAL ARTICLE-II ELECTION / QUALIFICATION ARCHITECTURE","03-constitutional-dependency-graph/elections/article-ii/ARTICLE_II_SECTION_1_ELECTOR_ARCHITECTURE.yaml;07-constitutional-state-integrity/elections/jurisdiction/ELECTION_JURISDICTION_MATRIX.yaml;09-uaa-bridge/elections/actors/UAA_ELECTION_ACTOR_TAXONOMY.yaml","3a292dbf660893b07da93749bfe80a8de4bba835","C3","WAVE-04-ADJUDICATED"
