"segment_id","amendment_number","amendment_roman","source_object_id","source_path","source_line","amendment_segment_ordinal","section_number","segment_class","source_text","extraction_status","interpretation_status"
"US-AM-SEG-000001","1","I","CONST.AMENDMENT.01","01-constitutional-source-map/authoritative-source/national-archives/bill-of-rights-transcript.html","421","1","","HEADING","Amendment I","EXTRACTED","NONE"
"US-AM-SEG-000002","1","I","CONST.AMENDMENT.01","01-constitutional-source-map/authoritative-source/national-archives/bill-of-rights-transcript.html","423","2","","OPERATIVE_TEXT","Congress shall make no law respecting an establishment of religion, or prohibiting the free exercise thereof; or abridging the freedom of speech, or of the press; or the right of the people peaceably to assemble, and to petition the Government for a redress of grievances.","EXTRACTED","NONE"
"US-AM-SEG-000003","2","II","CONST.AMENDMENT.02","01-constitutional-source-map/authoritative-source/national-archives/bill-of-rights-transcript.html","425","1","","HEADING","Amendment II","EXTRACTED","NONE"
"US-AM-SEG-000004","2","II","CONST.AMENDMENT.02","01-constitutional-source-map/authoritative-source/national-archives/bill-of-rights-transcript.html","427","2","","OPERATIVE_TEXT","A well regulated Militia, being necessary to the security of a free State, the right of the people to keep and bear Arms, shall not be infringed.","EXTRACTED","NONE"
"US-AM-SEG-000005","3","III","CONST.AMENDMENT.03","01-constitutional-source-map/authoritative-source/national-archives/bill-of-rights-transcript.html","429","1","","HEADING","Amendment III","EXTRACTED","NONE"
"US-AM-SEG-000006","3","III","CONST.AMENDMENT.03","01-constitutional-source-map/authoritative-source/national-archives/bill-of-rights-transcript.html","431","2","","OPERATIVE_TEXT","No Soldier shall, in time of peace be quartered in any house, without the consent of the Owner, nor in time of war, but in a manner to be prescribed by law.","EXTRACTED","NONE"
"US-AM-SEG-000007","4","IV","CONST.AMENDMENT.04","01-constitutional-source-map/authoritative-source/national-archives/bill-of-rights-transcript.html","433","1","","HEADING","Amendment IV","EXTRACTED","NONE"
"US-AM-SEG-000008","4","IV","CONST.AMENDMENT.04","01-constitutional-source-map/authoritative-source/national-archives/bill-of-rights-transcript.html","435","2","","OPERATIVE_TEXT","The right of the people to be secure in their persons, houses, papers, and effects, against unreasonable searches and seizures, shall not be violated, and no Warrants shall issue, but upon probable cause, supported by Oath or affirmation, and particularly describing the place to be searched, and the persons or things to be seized.","EXTRACTED","NONE"
"US-AM-SEG-000009","5","V","CONST.AMENDMENT.05","01-constitutional-source-map/authoritative-source/national-archives/bill-of-rights-transcript.html","437","1","","HEADING","Amendment V","EXTRACTED","NONE"
"US-AM-SEG-000010","5","V","CONST.AMENDMENT.05","01-constitutional-source-map/authoritative-source/national-archives/bill-of-rights-transcript.html","439","2","","OPERATIVE_TEXT","No person shall be held to answer for a capital, or otherwise infamous crime, unless on a presentment or indictment of a Grand Jury, except in cases arising in the land or naval forces, or in the Militia, when in actual service in time of War or public danger; nor shall any person be subject for the same offence to be twice put in jeopardy of life or limb; nor shall be compelled in any criminal case to be a witness against himself, nor be deprived of life, liberty, or property, without due process of law; nor shall private property be taken for public use, without just compensation.","EXTRACTED","NONE"
"US-AM-SEG-000011","6","VI","CONST.AMENDMENT.06","01-constitutional-source-map/authoritative-source/national-archives/bill-of-rights-transcript.html","441","1","","HEADING","Amendment VI","EXTRACTED","NONE"
"US-AM-SEG-000012","6","VI","CONST.AMENDMENT.06","01-constitutional-source-map/authoritative-source/national-archives/bill-of-rights-transcript.html","443","2","","OPERATIVE_TEXT","In all criminal prosecutions, the accused shall enjoy the right to a speedy and public trial, by an impartial jury of the State and district wherein the crime shall have been committed, which district shall have been previously ascertained by law, and to be informed of the nature and cause of the accusation; to be confronted with the witnesses against him; to have compulsory process for obtaining witnesses in his favor, and to have the Assistance of Counsel for his defence.","EXTRACTED","NONE"
"US-AM-SEG-000013","7","VII","CONST.AMENDMENT.07","01-constitutional-source-map/authoritative-source/national-archives/bill-of-rights-transcript.html","445","1","","HEADING","Amendment VII","EXTRACTED","NONE"
"US-AM-SEG-000014","7","VII","CONST.AMENDMENT.07","01-constitutional-source-map/authoritative-source/national-archives/bill-of-rights-transcript.html","447","2","","OPERATIVE_TEXT","In Suits at common law, where the value in controversy shall exceed twenty dollars, the right of trial by jury shall be preserved, and no fact tried by a jury, shall be otherwise re-examined in any Court of the United States, than according to the rules of the common law.","EXTRACTED","NONE"
"US-AM-SEG-000015","8","VIII","CONST.AMENDMENT.08","01-constitutional-source-map/authoritative-source/national-archives/bill-of-rights-transcript.html","449","1","","HEADING","Amendment VIII","EXTRACTED","NONE"
"US-AM-SEG-000016","8","VIII","CONST.AMENDMENT.08","01-constitutional-source-map/authoritative-source/national-archives/bill-of-rights-transcript.html","451","2","","OPERATIVE_TEXT","Excessive bail shall not be required, nor excessive fines imposed, nor cruel and unusual punishments inflicted.","EXTRACTED","NONE"
"US-AM-SEG-000017","9","IX","CONST.AMENDMENT.09","01-constitutional-source-map/authoritative-source/national-archives/bill-of-rights-transcript.html","453","1","","HEADING","Amendment IX","EXTRACTED","NONE"
"US-AM-SEG-000018","9","IX","CONST.AMENDMENT.09","01-constitutional-source-map/authoritative-source/national-archives/bill-of-rights-transcript.html","455","2","","OPERATIVE_TEXT","The enumeration in the Constitution, of certain rights, shall not be construed to deny or disparage others retained by the people.","EXTRACTED","NONE"
"US-AM-SEG-000019","10","X","CONST.AMENDMENT.10","01-constitutional-source-map/authoritative-source/national-archives/bill-of-rights-transcript.html","457","1","","HEADING","Amendment X","EXTRACTED","NONE"
"US-AM-SEG-000020","10","X","CONST.AMENDMENT.10","01-constitutional-source-map/authoritative-source/national-archives/bill-of-rights-transcript.html","459","2","","OPERATIVE_TEXT","The powers not delegated to the United States by the Constitution, nor prohibited by it to the States, are reserved to the States respectively, or to the people.","EXTRACTED","NONE"
"US-AM-SEG-000021","11","XI","CONST.AMENDMENT.11","01-constitutional-source-map/authoritative-source/national-archives/amendments-11-27.html","370","1","","HEADING","AMENDMENT XI","EXTRACTED","NONE"
"US-AM-SEG-000022","11","XI","CONST.AMENDMENT.11","01-constitutional-source-map/authoritative-source/national-archives/amendments-11-27.html","372","2","","RATIFICATION_METADATA","Passed by Congress March 4, 1794. Ratified February 7, 1795.","EXTRACTED","NONE"
"US-AM-SEG-000023","11","XI","CONST.AMENDMENT.11","01-constitutional-source-map/authoritative-source/national-archives/amendments-11-27.html","374","3","","EDITORIAL_NOTE","Note: Article III, section 2, of the Constitution was modified by amendment 11.","EXTRACTED","NONE"
"US-AM-SEG-000024","11","XI","CONST.AMENDMENT.11","01-constitutional-source-map/authoritative-source/national-archives/amendments-11-27.html","376","4","","OPERATIVE_TEXT","The Judicial power of the United States shall not be construed to extend to any suit in law or equity, commenced or prosecuted against one of the United States by Citizens of another State, or by Citizens or Subjects of any Foreign State.","EXTRACTED","NONE"
"US-AM-SEG-000025","12","XII","CONST.AMENDMENT.12","01-constitutional-source-map/authoritative-source/national-archives/amendments-11-27.html","378","1","","HEADING","AMENDMENT XII","EXTRACTED","NONE"
"US-AM-SEG-000026","12","XII","CONST.AMENDMENT.12","01-constitutional-source-map/authoritative-source/national-archives/amendments-11-27.html","380","2","","RATIFICATION_METADATA","Passed by Congress December 9, 1803. Ratified June 15, 1804.","EXTRACTED","NONE"
"US-AM-SEG-000027","12","XII","CONST.AMENDMENT.12","01-constitutional-source-map/authoritative-source/national-archives/amendments-11-27.html","382","3","","EDITORIAL_NOTE","Note: A portion of Article II, section 1 of the Constitution was superseded by the 12th amendment.","EXTRACTED","NONE"
"US-AM-SEG-000028","12","XII","CONST.AMENDMENT.12","01-constitutional-source-map/authoritative-source/national-archives/amendments-11-27.html","384","4","","OPERATIVE_TEXT","The Electors shall meet in their respective states and vote by ballot for President and Vice-President, one of whom, at least, shall not be an inhabitant of the same state with themselves; they shall name in their ballots the person voted for as President, and in distinct ballots the person voted for as Vice-President, and they shall make distinct lists of all persons voted for as President, and of all persons voted for as Vice-President, and of the number of votes for each, which lists they shall sign and certify, and transmit sealed to the seat of the government of the United States, directed to the President of the Senate; -- the President of the Senate shall, in the presence of the Senate and House of Representatives, open all the certificates and the votes shall then be counted; -- The person having the greatest number of votes for President, shall be the President, if such number be a majority of the whole number of Electors appointed; and if no person have such majority, then from the persons having the highest numbers not exceeding three on the list of those voted for as President, the House of Representatives shall choose immediately, by ballot, the President. But in choosing the President, the votes shall be taken by states, the representation from each state having one vote; a quorum for this purpose shall consist of a member or members from two-thirds of the states, and a majority of all the states shall be necessary to a choice. [And if the House of Representatives shall not choose a President whenever the right of choice shall devolve upon them, before the fourth day of March next following, then the Vice-President shall act as President, as in the case of the death or other constitutional disability of the President. --]* The person having the greatest number of votes as Vice-President, shall be the Vice-President, if such number be a majority of the whole number of Electors appointed, and if no person have a majority, then from the two highest numbers on the list, the Senate shall choose the Vice-President; a quorum for the purpose shall consist of two-thirds of the whole number of Senators, and a majority of the whole number shall be necessary to a choice. But no person constitutionally ineligible to the office of President shall be eligible to that of Vice-President of the United States.","EXTRACTED","NONE"
"US-AM-SEG-000029","12","XII","CONST.AMENDMENT.12","01-constitutional-source-map/authoritative-source/national-archives/amendments-11-27.html","386","5","","EDITORIAL_NOTE","*Superseded by section 3 of the 20th amendment.","EXTRACTED","NONE"
"US-AM-SEG-000030","13","XIII","CONST.AMENDMENT.13","01-constitutional-source-map/authoritative-source/national-archives/amendments-11-27.html","388","1","","HEADING","AMENDMENT XIII","EXTRACTED","NONE"
"US-AM-SEG-000031","13","XIII","CONST.AMENDMENT.13","01-constitutional-source-map/authoritative-source/national-archives/amendments-11-27.html","390","2","","RATIFICATION_METADATA","Passed by Congress January 31, 1865. Ratified December 6, 1865.","EXTRACTED","NONE"
"US-AM-SEG-000032","13","XIII","CONST.AMENDMENT.13","01-constitutional-source-map/authoritative-source/national-archives/amendments-11-27.html","392","3","","EDITORIAL_NOTE","Note: A portion of Article IV, section 2, of the Constitution was superseded by the 13th amendment.","EXTRACTED","NONE"
"US-AM-SEG-000033","13","XIII","CONST.AMENDMENT.13","01-constitutional-source-map/authoritative-source/national-archives/amendments-11-27.html","394","4","1","SECTION_LABEL","Section 1.","EXTRACTED","NONE"
"US-AM-SEG-000034","13","XIII","CONST.AMENDMENT.13","01-constitutional-source-map/authoritative-source/national-archives/amendments-11-27.html","396","5","1","OPERATIVE_TEXT","Neither slavery nor involuntary servitude, except as a punishment for crime whereof the party shall have been duly convicted, shall exist within the United States, or any place subject to their jurisdiction.","EXTRACTED","NONE"
"US-AM-SEG-000035","13","XIII","CONST.AMENDMENT.13","01-constitutional-source-map/authoritative-source/national-archives/amendments-11-27.html","398","6","2","SECTION_LABEL","Section 2.","EXTRACTED","NONE"
"US-AM-SEG-000036","13","XIII","CONST.AMENDMENT.13","01-constitutional-source-map/authoritative-source/national-archives/amendments-11-27.html","400","7","2","OPERATIVE_TEXT","Congress shall have power to enforce this article by appropriate legislation.","EXTRACTED","NONE"
"US-AM-SEG-000037","14","XIV","CONST.AMENDMENT.14","01-constitutional-source-map/authoritative-source/national-archives/amendments-11-27.html","402","1","","HEADING","AMENDMENT XIV","EXTRACTED","NONE"
"US-AM-SEG-000038","14","XIV","CONST.AMENDMENT.14","01-constitutional-source-map/authoritative-source/national-archives/amendments-11-27.html","404","2","","RATIFICATION_METADATA","Passed by Congress June 13, 1866. Ratified July 9, 1868.","EXTRACTED","NONE"
"US-AM-SEG-000039","14","XIV","CONST.AMENDMENT.14","01-constitutional-source-map/authoritative-source/national-archives/amendments-11-27.html","406","3","","EDITORIAL_NOTE","Note: Article I, section 2, of the Constitution was modified by section 2 of the 14th amendment.","EXTRACTED","NONE"
"US-AM-SEG-000040","14","XIV","CONST.AMENDMENT.14","01-constitutional-source-map/authoritative-source/national-archives/amendments-11-27.html","408","4","1","SECTION_LABEL","Section 1.","EXTRACTED","NONE"
"US-AM-SEG-000041","14","XIV","CONST.AMENDMENT.14","01-constitutional-source-map/authoritative-source/national-archives/amendments-11-27.html","410","5","1","OPERATIVE_TEXT","All persons born or naturalized in the United States, and subject to the jurisdiction thereof, are citizens of the United States and of the State wherein they reside. No State shall make or enforce any law which shall abridge the privileges or immunities of citizens of the United States; nor shall any State deprive any person of life, liberty, or property, without due process of law; nor deny to any person within its jurisdiction the equal protection of the laws.","EXTRACTED","NONE"
"US-AM-SEG-000042","14","XIV","CONST.AMENDMENT.14","01-constitutional-source-map/authoritative-source/national-archives/amendments-11-27.html","412","6","2","SECTION_LABEL","Section 2.","EXTRACTED","NONE"
"US-AM-SEG-000043","14","XIV","CONST.AMENDMENT.14","01-constitutional-source-map/authoritative-source/national-archives/amendments-11-27.html","414","7","2","OPERATIVE_TEXT","Representatives shall be apportioned among the several States according to their respective numbers, counting the whole number of persons in each State, excluding Indians not taxed. But when the right to vote at any election for the choice of electors for President and Vice-President of the United States, Representatives in Congress, the Executive and Judicial officers of a State, or the members of the Legislature thereof, is denied to any of the male inhabitants of such State, being twenty-one years of age,* and citizens of the United States, or in any way abridged, except for participation in rebellion, or other crime, the basis of representation therein shall be reduced in the proportion which the number of such male citizens shall bear to the whole number of male citizens twenty-one years of age in such State.","EXTRACTED","NONE"
"US-AM-SEG-000044","14","XIV","CONST.AMENDMENT.14","01-constitutional-source-map/authoritative-source/national-archives/amendments-11-27.html","416","8","3","SECTION_LABEL","Section 3.","EXTRACTED","NONE"
"US-AM-SEG-000045","14","XIV","CONST.AMENDMENT.14","01-constitutional-source-map/authoritative-source/national-archives/amendments-11-27.html","418","9","3","OPERATIVE_TEXT","No person shall be a Senator or Representative in Congress, or elector of President and Vice-President, or hold any office, civil or military, under the United States, or under any State, who, having previously taken an oath, as a member of Congress, or as an officer of the United States, or as a member of any State legislature, or as an executive or judicial officer of any State, to support the Constitution of the United States, shall have engaged in insurrection or rebellion against the same, or given aid or comfort to the enemies thereof. But Congress may by a vote of two-thirds of each House, remove such disability.","EXTRACTED","NONE"
"US-AM-SEG-000046","14","XIV","CONST.AMENDMENT.14","01-constitutional-source-map/authoritative-source/national-archives/amendments-11-27.html","420","10","4","SECTION_LABEL","Section 4.","EXTRACTED","NONE"
"US-AM-SEG-000047","14","XIV","CONST.AMENDMENT.14","01-constitutional-source-map/authoritative-source/national-archives/amendments-11-27.html","422","11","4","OPERATIVE_TEXT","The validity of the public debt of the United States, authorized by law, including debts incurred for payment of pensions and bounties for services in suppressing insurrection or rebellion, shall not be questioned. But neither the United States nor any State shall assume or pay any debt or obligation incurred in aid of insurrection or rebellion against the United States, or any claim for the loss or emancipation of any slave; but all such debts, obligations and claims shall be held illegal and void.","EXTRACTED","NONE"
"US-AM-SEG-000048","14","XIV","CONST.AMENDMENT.14","01-constitutional-source-map/authoritative-source/national-archives/amendments-11-27.html","424","12","5","SECTION_LABEL","Section 5.","EXTRACTED","NONE"
"US-AM-SEG-000049","14","XIV","CONST.AMENDMENT.14","01-constitutional-source-map/authoritative-source/national-archives/amendments-11-27.html","426","13","5","OPERATIVE_TEXT","The Congress shall have power to enforce, by appropriate legislation, the provisions of this article.","EXTRACTED","NONE"
"US-AM-SEG-000050","14","XIV","CONST.AMENDMENT.14","01-constitutional-source-map/authoritative-source/national-archives/amendments-11-27.html","428","14","5","EDITORIAL_NOTE","*Changed by section 1 of the 26th amendment.","EXTRACTED","NONE"
"US-AM-SEG-000051","15","XV","CONST.AMENDMENT.15","01-constitutional-source-map/authoritative-source/national-archives/amendments-11-27.html","430","1","","HEADING","AMENDMENT XV","EXTRACTED","NONE"
"US-AM-SEG-000052","15","XV","CONST.AMENDMENT.15","01-constitutional-source-map/authoritative-source/national-archives/amendments-11-27.html","432","2","","RATIFICATION_METADATA","Passed by Congress February 26, 1869. Ratified February 3, 1870.","EXTRACTED","NONE"
"US-AM-SEG-000053","15","XV","CONST.AMENDMENT.15","01-constitutional-source-map/authoritative-source/national-archives/amendments-11-27.html","434","3","1","SECTION_LABEL","Section 1.","EXTRACTED","NONE"
"US-AM-SEG-000054","15","XV","CONST.AMENDMENT.15","01-constitutional-source-map/authoritative-source/national-archives/amendments-11-27.html","436","4","1","OPERATIVE_TEXT","The right of citizens of the United States to vote shall not be denied or abridged by the United States or by any State on account of race, color, or previous condition of servitude--","EXTRACTED","NONE"
"US-AM-SEG-000055","15","XV","CONST.AMENDMENT.15","01-constitutional-source-map/authoritative-source/national-archives/amendments-11-27.html","438","5","2","SECTION_LABEL","Section 2.","EXTRACTED","NONE"
"US-AM-SEG-000056","15","XV","CONST.AMENDMENT.15","01-constitutional-source-map/authoritative-source/national-archives/amendments-11-27.html","440","6","2","OPERATIVE_TEXT","The Congress shall have power to enforce this article by appropriate legislation.","EXTRACTED","NONE"
"US-AM-SEG-000057","16","XVI","CONST.AMENDMENT.16","01-constitutional-source-map/authoritative-source/national-archives/amendments-11-27.html","442","1","","HEADING","AMENDMENT XVI","EXTRACTED","NONE"
"US-AM-SEG-000058","16","XVI","CONST.AMENDMENT.16","01-constitutional-source-map/authoritative-source/national-archives/amendments-11-27.html","444","2","","RATIFICATION_METADATA","Passed by Congress July 2, 1909. Ratified February 3, 1913.","EXTRACTED","NONE"
"US-AM-SEG-000059","16","XVI","CONST.AMENDMENT.16","01-constitutional-source-map/authoritative-source/national-archives/amendments-11-27.html","446","3","","EDITORIAL_NOTE","Note: Article I, section 9, of the Constitution was modified by amendment 16.","EXTRACTED","NONE"
"US-AM-SEG-000060","16","XVI","CONST.AMENDMENT.16","01-constitutional-source-map/authoritative-source/national-archives/amendments-11-27.html","448","4","","OPERATIVE_TEXT","The Congress shall have power to lay and collect taxes on incomes, from whatever source derived, without apportionment among the several States, and without regard to any census or enumeration.","EXTRACTED","NONE"
"US-AM-SEG-000061","17","XVII","CONST.AMENDMENT.17","01-constitutional-source-map/authoritative-source/national-archives/amendments-11-27.html","450","1","","HEADING","AMENDMENT XVII","EXTRACTED","NONE"
"US-AM-SEG-000062","17","XVII","CONST.AMENDMENT.17","01-constitutional-source-map/authoritative-source/national-archives/amendments-11-27.html","452","2","","RATIFICATION_METADATA","Passed by Congress May 13, 1912. Ratified April 8, 1913.","EXTRACTED","NONE"
"US-AM-SEG-000063","17","XVII","CONST.AMENDMENT.17","01-constitutional-source-map/authoritative-source/national-archives/amendments-11-27.html","454","3","","EDITORIAL_NOTE","Note: Article I, section 3, of the Constitution was modified by the 17th amendment.","EXTRACTED","NONE"
"US-AM-SEG-000064","17","XVII","CONST.AMENDMENT.17","01-constitutional-source-map/authoritative-source/national-archives/amendments-11-27.html","456","4","","OPERATIVE_TEXT","The Senate of the United States shall be composed of two Senators from each State, elected by the people thereof, for six years; and each Senator shall have one vote. The electors in each State shall have the qualifications requisite for electors of the most numerous branch of the State legislatures.","EXTRACTED","NONE"
"US-AM-SEG-000065","17","XVII","CONST.AMENDMENT.17","01-constitutional-source-map/authoritative-source/national-archives/amendments-11-27.html","458","5","","OPERATIVE_TEXT","When vacancies happen in the representation of any State in the Senate, the executive authority of such State shall issue writs of election to fill such vacancies: Provided, That the legislature of any State may empower the executive thereof to make temporary appointments until the people fill the vacancies by election as the legislature may direct.","EXTRACTED","NONE"
"US-AM-SEG-000066","17","XVII","CONST.AMENDMENT.17","01-constitutional-source-map/authoritative-source/national-archives/amendments-11-27.html","460","6","","OPERATIVE_TEXT","This amendment shall not be so construed as to affect the election or term of any Senator chosen before it becomes valid as part of the Constitution.","EXTRACTED","NONE"
"US-AM-SEG-000067","18","XVIII","CONST.AMENDMENT.18","01-constitutional-source-map/authoritative-source/national-archives/amendments-11-27.html","462","1","","HEADING","AMENDMENT XVIII","EXTRACTED","NONE"
"US-AM-SEG-000068","18","XVIII","CONST.AMENDMENT.18","01-constitutional-source-map/authoritative-source/national-archives/amendments-11-27.html","464","2","","RATIFICATION_METADATA","Passed by Congress December 18, 1917. Ratified January 16, 1919. Repealed by amendment 21.","EXTRACTED","NONE"
"US-AM-SEG-000069","18","XVIII","CONST.AMENDMENT.18","01-constitutional-source-map/authoritative-source/national-archives/amendments-11-27.html","466","3","1","SECTION_LABEL","Section 1.","EXTRACTED","NONE"
"US-AM-SEG-000070","18","XVIII","CONST.AMENDMENT.18","01-constitutional-source-map/authoritative-source/national-archives/amendments-11-27.html","468","4","1","OPERATIVE_TEXT","After one year from the ratification of this article the manufacture, sale, or transportation of intoxicating liquors within, the importation thereof into, or the exportation thereof from the United States and all territory subject to the jurisdiction thereof for beverage purposes is hereby prohibited.","EXTRACTED","NONE"
"US-AM-SEG-000071","18","XVIII","CONST.AMENDMENT.18","01-constitutional-source-map/authoritative-source/national-archives/amendments-11-27.html","470","5","2","SECTION_LABEL","Section 2.","EXTRACTED","NONE"
"US-AM-SEG-000072","18","XVIII","CONST.AMENDMENT.18","01-constitutional-source-map/authoritative-source/national-archives/amendments-11-27.html","472","6","2","OPERATIVE_TEXT","The Congress and the several States shall have concurrent power to enforce this article by appropriate legislation.","EXTRACTED","NONE"
"US-AM-SEG-000073","18","XVIII","CONST.AMENDMENT.18","01-constitutional-source-map/authoritative-source/national-archives/amendments-11-27.html","474","7","3","SECTION_LABEL","Section 3.","EXTRACTED","NONE"
"US-AM-SEG-000074","18","XVIII","CONST.AMENDMENT.18","01-constitutional-source-map/authoritative-source/national-archives/amendments-11-27.html","476","8","3","OPERATIVE_TEXT","This article shall be inoperative unless it shall have been ratified as an amendment to the Constitution by the legislatures of the several States, as provided in the Constitution, within seven years from the date of the submission hereof to the States by the Congress.","EXTRACTED","NONE"
"US-AM-SEG-000075","19","XIX","CONST.AMENDMENT.19","01-constitutional-source-map/authoritative-source/national-archives/amendments-11-27.html","478","1","","HEADING","AMENDMENT XIX","EXTRACTED","NONE"
"US-AM-SEG-000076","19","XIX","CONST.AMENDMENT.19","01-constitutional-source-map/authoritative-source/national-archives/amendments-11-27.html","480","2","","RATIFICATION_METADATA","Passed by Congress June 4, 1919. Ratified August 18, 1920.","EXTRACTED","NONE"
"US-AM-SEG-000077","19","XIX","CONST.AMENDMENT.19","01-constitutional-source-map/authoritative-source/national-archives/amendments-11-27.html","482","3","","OPERATIVE_TEXT","The right of citizens of the United States to vote shall not be denied or abridged by the United States or by any State on account of sex.","EXTRACTED","NONE"
"US-AM-SEG-000078","19","XIX","CONST.AMENDMENT.19","01-constitutional-source-map/authoritative-source/national-archives/amendments-11-27.html","484","4","","OPERATIVE_TEXT","Congress shall have power to enforce this article by appropriate legislation.","EXTRACTED","NONE"
"US-AM-SEG-000079","20","XX","CONST.AMENDMENT.20","01-constitutional-source-map/authoritative-source/national-archives/amendments-11-27.html","486","1","","HEADING","AMENDMENT XX","EXTRACTED","NONE"
"US-AM-SEG-000080","20","XX","CONST.AMENDMENT.20","01-constitutional-source-map/authoritative-source/national-archives/amendments-11-27.html","488","2","","RATIFICATION_METADATA","Passed by Congress March 2, 1932. Ratified January 23, 1933.","EXTRACTED","NONE"
"US-AM-SEG-000081","20","XX","CONST.AMENDMENT.20","01-constitutional-source-map/authoritative-source/national-archives/amendments-11-27.html","490","3","","EDITORIAL_NOTE","Note: Article I, section 4, of the Constitution was modified by section 2 of this amendment. In addition, a portion of the 12th amendment was superseded by section 3.","EXTRACTED","NONE"
"US-AM-SEG-000082","20","XX","CONST.AMENDMENT.20","01-constitutional-source-map/authoritative-source/national-archives/amendments-11-27.html","492","4","1","SECTION_LABEL","Section 1.","EXTRACTED","NONE"
"US-AM-SEG-000083","20","XX","CONST.AMENDMENT.20","01-constitutional-source-map/authoritative-source/national-archives/amendments-11-27.html","494","5","1","OPERATIVE_TEXT","The terms of the President and Vice President shall end at noon on the 20th day of January, and the terms of Senators and Representatives at noon on the 3d day of January, of the years in which such terms would have ended if this article had not been ratified; and the terms of their successors shall then begin.","EXTRACTED","NONE"
"US-AM-SEG-000084","20","XX","CONST.AMENDMENT.20","01-constitutional-source-map/authoritative-source/national-archives/amendments-11-27.html","496","6","2","SECTION_LABEL","Section 2.","EXTRACTED","NONE"
"US-AM-SEG-000085","20","XX","CONST.AMENDMENT.20","01-constitutional-source-map/authoritative-source/national-archives/amendments-11-27.html","498","7","2","OPERATIVE_TEXT","The Congress shall assemble at least once in every year, and such meeting shall begin at noon on the 3d day of January, unless they shall by law appoint a different day.","EXTRACTED","NONE"
"US-AM-SEG-000086","20","XX","CONST.AMENDMENT.20","01-constitutional-source-map/authoritative-source/national-archives/amendments-11-27.html","500","8","3","SECTION_LABEL","Section 3.","EXTRACTED","NONE"
"US-AM-SEG-000087","20","XX","CONST.AMENDMENT.20","01-constitutional-source-map/authoritative-source/national-archives/amendments-11-27.html","502","9","3","OPERATIVE_TEXT","If, at the time fixed for the beginning of the term of the President, the President elect shall have died, the Vice President elect shall become President. If a President shall not have been chosen before the time fixed for the beginning of his term, or if the President elect shall have failed to qualify, then the Vice President elect shall act as President until a President shall have qualified; and the Congress may by law provide for the case wherein neither a President elect nor a Vice President elect shall have qualified, declaring who shall then act as President, or the manner in which one who is to act shall be selected, and such person shall act accordingly until a President or Vice President shall have qualified.","EXTRACTED","NONE"
"US-AM-SEG-000088","20","XX","CONST.AMENDMENT.20","01-constitutional-source-map/authoritative-source/national-archives/amendments-11-27.html","504","10","4","SECTION_LABEL","Section 4.","EXTRACTED","NONE"
"US-AM-SEG-000089","20","XX","CONST.AMENDMENT.20","01-constitutional-source-map/authoritative-source/national-archives/amendments-11-27.html","506","11","4","OPERATIVE_TEXT","The Congress may by law provide for the case of the death of any of the persons from whom the House of Representatives may choose a President whenever the right of choice shall have devolved upon them, and for the case of the death of any of the persons from whom the Senate may choose a Vice President whenever the right of choice shall have devolved upon them.","EXTRACTED","NONE"
"US-AM-SEG-000090","20","XX","CONST.AMENDMENT.20","01-constitutional-source-map/authoritative-source/national-archives/amendments-11-27.html","508","12","5","SECTION_LABEL","Section 5.","EXTRACTED","NONE"
"US-AM-SEG-000091","20","XX","CONST.AMENDMENT.20","01-constitutional-source-map/authoritative-source/national-archives/amendments-11-27.html","510","13","5","OPERATIVE_TEXT","Sections 1 and 2 shall take effect on the 15th day of October following the ratification of this article.","EXTRACTED","NONE"
"US-AM-SEG-000092","20","XX","CONST.AMENDMENT.20","01-constitutional-source-map/authoritative-source/national-archives/amendments-11-27.html","512","14","6","SECTION_LABEL","Section 6.","EXTRACTED","NONE"
"US-AM-SEG-000093","20","XX","CONST.AMENDMENT.20","01-constitutional-source-map/authoritative-source/national-archives/amendments-11-27.html","514","15","6","OPERATIVE_TEXT","This article shall be inoperative unless it shall have been ratified as an amendment to the Constitution by the legislatures of three-fourths of the several States within seven years from the date of its submission.","EXTRACTED","NONE"
"US-AM-SEG-000094","21","XXI","CONST.AMENDMENT.21","01-constitutional-source-map/authoritative-source/national-archives/amendments-11-27.html","516","1","","HEADING","AMENDMENT XXI","EXTRACTED","NONE"
"US-AM-SEG-000095","21","XXI","CONST.AMENDMENT.21","01-constitutional-source-map/authoritative-source/national-archives/amendments-11-27.html","518","2","","RATIFICATION_METADATA","Passed by Congress February 20, 1933. Ratified December 5, 1933.","EXTRACTED","NONE"
"US-AM-SEG-000096","21","XXI","CONST.AMENDMENT.21","01-constitutional-source-map/authoritative-source/national-archives/amendments-11-27.html","520","3","1","SECTION_LABEL","Section 1.","EXTRACTED","NONE"
"US-AM-SEG-000097","21","XXI","CONST.AMENDMENT.21","01-constitutional-source-map/authoritative-source/national-archives/amendments-11-27.html","522","4","1","OPERATIVE_TEXT","The eighteenth article of amendment to the Constitution of the United States is hereby repealed.","EXTRACTED","NONE"
"US-AM-SEG-000098","21","XXI","CONST.AMENDMENT.21","01-constitutional-source-map/authoritative-source/national-archives/amendments-11-27.html","524","5","2","SECTION_LABEL","Section 2.","EXTRACTED","NONE"
"US-AM-SEG-000099","21","XXI","CONST.AMENDMENT.21","01-constitutional-source-map/authoritative-source/national-archives/amendments-11-27.html","526","6","2","OPERATIVE_TEXT","The transportation or importation into any State, Territory, or possession of the United States for delivery or use therein of intoxicating liquors, in violation of the laws thereof, is hereby prohibited.","EXTRACTED","NONE"
"US-AM-SEG-000100","21","XXI","CONST.AMENDMENT.21","01-constitutional-source-map/authoritative-source/national-archives/amendments-11-27.html","528","7","3","SECTION_LABEL","Section 3.","EXTRACTED","NONE"
"US-AM-SEG-000101","21","XXI","CONST.AMENDMENT.21","01-constitutional-source-map/authoritative-source/national-archives/amendments-11-27.html","530","8","3","OPERATIVE_TEXT","This article shall be inoperative unless it shall have been ratified as an amendment to the Constitution by conventions in the several States, as provided in the Constitution, within seven years from the date of the submission hereof to the States by the Congress.","EXTRACTED","NONE"
"US-AM-SEG-000102","22","XXII","CONST.AMENDMENT.22","01-constitutional-source-map/authoritative-source/national-archives/amendments-11-27.html","532","1","","HEADING","AMENDMENT XXII","EXTRACTED","NONE"
"US-AM-SEG-000103","22","XXII","CONST.AMENDMENT.22","01-constitutional-source-map/authoritative-source/national-archives/amendments-11-27.html","534","2","","RATIFICATION_METADATA","Passed by Congress March 21, 1947. Ratified February 27, 1951.","EXTRACTED","NONE"
"US-AM-SEG-000104","22","XXII","CONST.AMENDMENT.22","01-constitutional-source-map/authoritative-source/national-archives/amendments-11-27.html","536","3","1","SECTION_LABEL","Section 1.","EXTRACTED","NONE"
"US-AM-SEG-000105","22","XXII","CONST.AMENDMENT.22","01-constitutional-source-map/authoritative-source/national-archives/amendments-11-27.html","538","4","1","OPERATIVE_TEXT","No person shall be elected to the office of the President more than twice, and no person who has held the office of President, or acted as President, for more than two years of a term to which some other person was elected President shall be elected to the office of the President more than once. But this Article shall not apply to any person holding the office of President when this Article was proposed by the Congress, and shall not prevent any person who may be holding the office of President, or acting as President, during the term within which this Article becomes operative from holding the office of President or acting as President during the remainder of such term.","EXTRACTED","NONE"
"US-AM-SEG-000106","22","XXII","CONST.AMENDMENT.22","01-constitutional-source-map/authoritative-source/national-archives/amendments-11-27.html","540","5","2","SECTION_LABEL","Section 2.","EXTRACTED","NONE"
"US-AM-SEG-000107","22","XXII","CONST.AMENDMENT.22","01-constitutional-source-map/authoritative-source/national-archives/amendments-11-27.html","542","6","2","OPERATIVE_TEXT","This article shall be inoperative unless it shall have been ratified as an amendment to the Constitution by the legislatures of three-fourths of the several States within seven years from the date of its submission to the States by the Congress.","EXTRACTED","NONE"
"US-AM-SEG-000108","23","XXIII","CONST.AMENDMENT.23","01-constitutional-source-map/authoritative-source/national-archives/amendments-11-27.html","544","1","","HEADING","AMENDMENT XXIII","EXTRACTED","NONE"
"US-AM-SEG-000109","23","XXIII","CONST.AMENDMENT.23","01-constitutional-source-map/authoritative-source/national-archives/amendments-11-27.html","546","2","","RATIFICATION_METADATA","Passed by Congress June 16, 1960. Ratified March 29, 1961.","EXTRACTED","NONE"
"US-AM-SEG-000110","23","XXIII","CONST.AMENDMENT.23","01-constitutional-source-map/authoritative-source/national-archives/amendments-11-27.html","548","3","1","SECTION_LABEL","Section 1.","EXTRACTED","NONE"
"US-AM-SEG-000111","23","XXIII","CONST.AMENDMENT.23","01-constitutional-source-map/authoritative-source/national-archives/amendments-11-27.html","550","4","1","OPERATIVE_TEXT","The District constituting the seat of Government of the United States shall appoint in such manner as the Congress may direct:","EXTRACTED","NONE"
"US-AM-SEG-000112","23","XXIII","CONST.AMENDMENT.23","01-constitutional-source-map/authoritative-source/national-archives/amendments-11-27.html","552","5","1","OPERATIVE_TEXT","A number of electors of President and Vice President equal to the whole number of Senators and Representatives in Congress to which the District would be entitled if it were a State, but in no event more than the least populous State; they shall be in addition to those appointed by the States, but they shall be considered, for the purposes of the election of President and Vice President, to be electors appointed by a State; and they shall meet in the District and perform such duties as provided by the twelfth article of amendment.","EXTRACTED","NONE"
"US-AM-SEG-000113","23","XXIII","CONST.AMENDMENT.23","01-constitutional-source-map/authoritative-source/national-archives/amendments-11-27.html","554","6","2","SECTION_LABEL","Section 2.","EXTRACTED","NONE"
"US-AM-SEG-000114","23","XXIII","CONST.AMENDMENT.23","01-constitutional-source-map/authoritative-source/national-archives/amendments-11-27.html","556","7","2","OPERATIVE_TEXT","The Congress shall have power to enforce this article by appropriate legislation.","EXTRACTED","NONE"
"US-AM-SEG-000115","24","XXIV","CONST.AMENDMENT.24","01-constitutional-source-map/authoritative-source/national-archives/amendments-11-27.html","558","1","","HEADING","AMENDMENT XXIV","EXTRACTED","NONE"
"US-AM-SEG-000116","24","XXIV","CONST.AMENDMENT.24","01-constitutional-source-map/authoritative-source/national-archives/amendments-11-27.html","560","2","","RATIFICATION_METADATA","Passed by Congress August 27, 1962. Ratified January 23, 1964.","EXTRACTED","NONE"
"US-AM-SEG-000117","24","XXIV","CONST.AMENDMENT.24","01-constitutional-source-map/authoritative-source/national-archives/amendments-11-27.html","562","3","1","SECTION_LABEL","Section 1.","EXTRACTED","NONE"
"US-AM-SEG-000118","24","XXIV","CONST.AMENDMENT.24","01-constitutional-source-map/authoritative-source/national-archives/amendments-11-27.html","564","4","1","OPERATIVE_TEXT","The right of citizens of the United States to vote in any primary or other election for President or Vice President, for electors for President or Vice President, or for Senator or Representative in Congress, shall not be denied or abridged by the United States or any State by reason of failure to pay any poll tax or other tax.","EXTRACTED","NONE"
"US-AM-SEG-000119","24","XXIV","CONST.AMENDMENT.24","01-constitutional-source-map/authoritative-source/national-archives/amendments-11-27.html","566","5","2","SECTION_LABEL","Section 2.","EXTRACTED","NONE"
"US-AM-SEG-000120","24","XXIV","CONST.AMENDMENT.24","01-constitutional-source-map/authoritative-source/national-archives/amendments-11-27.html","568","6","2","OPERATIVE_TEXT","The Congress shall have power to enforce this article by appropriate legislation.","EXTRACTED","NONE"
"US-AM-SEG-000121","25","XXV","CONST.AMENDMENT.25","01-constitutional-source-map/authoritative-source/national-archives/amendments-11-27.html","570","1","","HEADING","AMENDMENT XXV","EXTRACTED","NONE"
"US-AM-SEG-000122","25","XXV","CONST.AMENDMENT.25","01-constitutional-source-map/authoritative-source/national-archives/amendments-11-27.html","572","2","","RATIFICATION_METADATA","Passed by Congress July 6, 1965. Ratified February 10, 1967.","EXTRACTED","NONE"
"US-AM-SEG-000123","25","XXV","CONST.AMENDMENT.25","01-constitutional-source-map/authoritative-source/national-archives/amendments-11-27.html","574","3","","EDITORIAL_NOTE","Note: Article II, section 1, of the Constitution was affected by the 25th amendment.","EXTRACTED","NONE"
"US-AM-SEG-000124","25","XXV","CONST.AMENDMENT.25","01-constitutional-source-map/authoritative-source/national-archives/amendments-11-27.html","576","4","1","SECTION_LABEL","Section 1.","EXTRACTED","NONE"
"US-AM-SEG-000125","25","XXV","CONST.AMENDMENT.25","01-constitutional-source-map/authoritative-source/national-archives/amendments-11-27.html","578","5","1","OPERATIVE_TEXT","In case of the removal of the President from office or of his death or resignation, the Vice President shall become President.","EXTRACTED","NONE"
"US-AM-SEG-000126","25","XXV","CONST.AMENDMENT.25","01-constitutional-source-map/authoritative-source/national-archives/amendments-11-27.html","580","6","2","SECTION_LABEL","Section 2.","EXTRACTED","NONE"
"US-AM-SEG-000127","25","XXV","CONST.AMENDMENT.25","01-constitutional-source-map/authoritative-source/national-archives/amendments-11-27.html","582","7","2","OPERATIVE_TEXT","Whenever there is a vacancy in the office of the Vice President, the President shall nominate a Vice President who shall take office upon confirmation by a majority vote of both Houses of Congress.","EXTRACTED","NONE"
"US-AM-SEG-000128","25","XXV","CONST.AMENDMENT.25","01-constitutional-source-map/authoritative-source/national-archives/amendments-11-27.html","584","8","3","SECTION_LABEL","Section 3.","EXTRACTED","NONE"
"US-AM-SEG-000129","25","XXV","CONST.AMENDMENT.25","01-constitutional-source-map/authoritative-source/national-archives/amendments-11-27.html","586","9","3","OPERATIVE_TEXT","Whenever the President transmits to the President pro tempore of the Senate and the Speaker of the House of Representatives his written declaration that he is unable to discharge the powers and duties of his office, and until he transmits to them a written declaration to the contrary, such powers and duties shall be discharged by the Vice President as Acting President.","EXTRACTED","NONE"
"US-AM-SEG-000130","25","XXV","CONST.AMENDMENT.25","01-constitutional-source-map/authoritative-source/national-archives/amendments-11-27.html","588","10","4","SECTION_LABEL","Section 4.","EXTRACTED","NONE"
"US-AM-SEG-000131","25","XXV","CONST.AMENDMENT.25","01-constitutional-source-map/authoritative-source/national-archives/amendments-11-27.html","590","11","4","OPERATIVE_TEXT","Whenever the Vice President and a majority of either the principal officers of the executive departments or of such other body as Congress may by law provide, transmit to the President pro tempore of the Senate and the Speaker of the House of Representatives their written declaration that the President is unable to discharge the powers and duties of his office, the Vice President shall immediately assume the powers and duties of the office as Acting President.","EXTRACTED","NONE"
"US-AM-SEG-000132","25","XXV","CONST.AMENDMENT.25","01-constitutional-source-map/authoritative-source/national-archives/amendments-11-27.html","592","12","4","OPERATIVE_TEXT","Thereafter, when the President transmits to the President pro tempore of the Senate and the Speaker of the House of Representatives his written declaration that no inability exists, he shall resume the powers and duties of his office unless the Vice President and a majority of either the principal officers of the executive department or of such other body as Congress may by law provide, transmit within four days to the President pro tempore of the Senate and the Speaker of the House of Representatives their written declaration that the President is unable to discharge the powers and duties of his office. Thereupon Congress shall decide the issue, assembling within forty-eight hours for that purpose if not in session. If the Congress, within twenty-one days after receipt of the latter written declaration, or, if Congress is not in session, within twenty-one days after Congress is required to assemble, determines by two-thirds vote of both Houses that the President is unable to discharge the powers and duties of his office, the Vice President shall continue to discharge the same as Acting President; otherwise, the President shall resume the powers and duties of his office.","EXTRACTED","NONE"
"US-AM-SEG-000133","26","XXVI","CONST.AMENDMENT.26","01-constitutional-source-map/authoritative-source/national-archives/amendments-11-27.html","594","1","","HEADING","AMENDMENT XXVI","EXTRACTED","NONE"
"US-AM-SEG-000134","26","XXVI","CONST.AMENDMENT.26","01-constitutional-source-map/authoritative-source/national-archives/amendments-11-27.html","596","2","","RATIFICATION_METADATA","Passed by Congress March 23, 1971. Ratified July 1, 1971.","EXTRACTED","NONE"
"US-AM-SEG-000135","26","XXVI","CONST.AMENDMENT.26","01-constitutional-source-map/authoritative-source/national-archives/amendments-11-27.html","598","3","","EDITORIAL_NOTE","Note: Amendment 14, section 2, of the Constitution was modified by section 1 of the 26th amendment.","EXTRACTED","NONE"
"US-AM-SEG-000136","26","XXVI","CONST.AMENDMENT.26","01-constitutional-source-map/authoritative-source/national-archives/amendments-11-27.html","600","4","1","SECTION_LABEL","Section 1.","EXTRACTED","NONE"
"US-AM-SEG-000137","26","XXVI","CONST.AMENDMENT.26","01-constitutional-source-map/authoritative-source/national-archives/amendments-11-27.html","602","5","1","OPERATIVE_TEXT","The right of citizens of the United States, who are eighteen years of age or older, to vote shall not be denied or abridged by the United States or by any State on account of age.","EXTRACTED","NONE"
"US-AM-SEG-000138","26","XXVI","CONST.AMENDMENT.26","01-constitutional-source-map/authoritative-source/national-archives/amendments-11-27.html","604","6","2","SECTION_LABEL","Section 2.","EXTRACTED","NONE"
"US-AM-SEG-000139","26","XXVI","CONST.AMENDMENT.26","01-constitutional-source-map/authoritative-source/national-archives/amendments-11-27.html","606","7","2","OPERATIVE_TEXT","The Congress shall have power to enforce this article by appropriate legislation.","EXTRACTED","NONE"
"US-AM-SEG-000140","27","XXVII","CONST.AMENDMENT.27","01-constitutional-source-map/authoritative-source/national-archives/amendments-11-27.html","608","1","","HEADING","AMENDMENT XXVII","EXTRACTED","NONE"
"US-AM-SEG-000141","27","XXVII","CONST.AMENDMENT.27","01-constitutional-source-map/authoritative-source/national-archives/amendments-11-27.html","610","2","","RATIFICATION_METADATA","Originally proposed Sept. 25, 1789. Ratified May 7, 1992.","EXTRACTED","NONE"
"US-AM-SEG-000142","27","XXVII","CONST.AMENDMENT.27","01-constitutional-source-map/authoritative-source/national-archives/amendments-11-27.html","612","3","","OPERATIVE_TEXT","No law, varying the compensation for the services of the Senators and Representatives, shall take effect, until an election of Representatives shall have intervened.","EXTRACTED","NONE"
