"candidate_id","predicate_id","mechanism_id","predicate_class","derivation_status","materialization_status","predicate_status","orynth_mapping","proof_binding"
"US-CP-CAND-W02-0001","US-CP-000060","US-CM-000037","CONCURRENCE-THRESHOLD","ADJUDICATED","MATERIALIZED","DERIVED","NOT-PERFORMED","NOT-PERFORMED"
"US-CP-CAND-W02-0002","US-CP-000061","US-CM-000038","RECORDKEEPING","ADJUDICATED","MATERIALIZED","DERIVED","NOT-PERFORMED","NOT-PERFORMED"
"US-CP-CAND-W02-0003","US-CP-000062","US-CM-000039","PUBLICATION-DUTY","ADJUDICATED","MATERIALIZED","DERIVED","NOT-PERFORMED","NOT-PERFORMED"
"US-CP-CAND-W02-0004","US-CP-000063","US-CM-000039","SECRECY-EXCEPTION","ADJUDICATED","MATERIALIZED","DERIVED","NOT-PERFORMED","NOT-PERFORMED"
"US-CP-CAND-W02-0005","US-CP-000064","US-CM-000040","MINORITY-TRIGGER","ADJUDICATED","MATERIALIZED","DERIVED","NOT-PERFORMED","NOT-PERFORMED"
"US-CP-CAND-W02-0006","US-CP-000065","US-CM-000040","RECORDING-DUTY","ADJUDICATED","MATERIALIZED","DERIVED","NOT-PERFORMED","NOT-PERFORMED"
"US-CP-CAND-W02-0007","US-CP-000066","US-CM-000041","ADJOURNMENT-DURATION","ADJUDICATED","MATERIALIZED","DERIVED","NOT-PERFORMED","NOT-PERFORMED"
"US-CP-CAND-W02-0008","US-CP-000067","US-CM-000041","ADJOURNMENT-PLACE","ADJUDICATED","MATERIALIZED","DERIVED","NOT-PERFORMED","NOT-PERFORMED"
"US-CP-CAND-W02-0009","US-CP-000068","US-CM-000042","COMPENSATION-ENTITLEMENT","ADJUDICATED","MATERIALIZED","DERIVED","NOT-PERFORMED","NOT-PERFORMED"
"US-CP-CAND-W02-0010","US-CP-000069","US-CM-000042","LAWFUL-AMOUNT","ADJUDICATED","MATERIALIZED","DERIVED","NOT-PERFORMED","NOT-PERFORMED"
"US-CP-CAND-W02-0011","US-CP-000070","US-CM-000042","PAYMENT-SOURCE","ADJUDICATED","MATERIALIZED","DERIVED","NOT-PERFORMED","NOT-PERFORMED"
"US-CP-CAND-W02-0012","US-CP-000071","US-CM-000043","PROTECTED-PERIOD","ADJUDICATED","MATERIALIZED","DERIVED","NOT-PERFORMED","NOT-PERFORMED"
"US-CP-CAND-W02-0013","US-CP-000072","US-CM-000043","ENUMERATED-EXCEPTION","ADJUDICATED","MATERIALIZED","DERIVED","NOT-PERFORMED","NOT-PERFORMED"
"US-CP-CAND-W02-0014","US-CP-000073","US-CM-000044","EXTERNAL-QUESTIONING-PROHIBITION","ADJUDICATED","MATERIALIZED","DERIVED","NOT-PERFORMED","NOT-PERFORMED"
"US-CP-CAND-W02-0015","US-CP-000074","US-CM-000045","TERM-OVERLAP","ADJUDICATED","MATERIALIZED","DERIVED","NOT-PERFORMED","NOT-PERFORMED"
"US-CP-CAND-W02-0016","US-CP-000075","US-CM-000045","DISQUALIFYING-OFFICE-CONDITION","ADJUDICATED","MATERIALIZED","DERIVED","NOT-PERFORMED","NOT-PERFORMED"
"US-CP-CAND-W02-0017","US-CP-000076","US-CM-000046","OFFICE-INCOMPATIBILITY","ADJUDICATED","MATERIALIZED","DERIVED","NOT-PERFORMED","NOT-PERFORMED"
"US-CP-CAND-W02-0018","US-CP-000077","US-CM-000047","ORIGINATION-AUTHORITY","ADJUDICATED","MATERIALIZED","DERIVED","NOT-PERFORMED","NOT-PERFORMED"
"US-CP-CAND-W02-0019","US-CP-000078","US-CM-000048","SENATE-PARTICIPATION-SCOPE","ADJUDICATED","MATERIALIZED","DERIVED","NOT-PERFORMED","NOT-PERFORMED"
"US-CP-CAND-W02-0020","US-CP-000079","US-CM-000048","ORIGINATION-PRESERVATION","ADJUDICATED","MATERIALIZED","DERIVED","NOT-PERFORMED","NOT-PERFORMED"
"US-CP-CAND-W02-0021","US-CP-000080","US-CM-000049","BICAMERAL-PASSAGE","ADJUDICATED","MATERIALIZED","DERIVED","NOT-PERFORMED","NOT-PERFORMED"
"US-CP-CAND-W02-0022","US-CP-000081","US-CM-000049","PRESENTMENT","ADJUDICATED","MATERIALIZED","DERIVED","NOT-PERFORMED","NOT-PERFORMED"
"US-CP-CAND-W02-0023","US-CP-000082","US-CM-000050","APPROVAL-TRIGGER","ADJUDICATED","MATERIALIZED","DERIVED","NOT-PERFORMED","NOT-PERFORMED"
"US-CP-CAND-W02-0024","US-CP-000083","US-CM-000050","SIGNATURE-EFFECT","ADJUDICATED","MATERIALIZED","DERIVED","NOT-PERFORMED","NOT-PERFORMED"
"US-CP-CAND-W02-0025","US-CP-000084","US-CM-000051","DISAPPROVAL-TRIGGER","ADJUDICATED","MATERIALIZED","DERIVED","NOT-PERFORMED","NOT-PERFORMED"
"US-CP-CAND-W02-0026","US-CP-000085","US-CM-000051","RETURN-DESTINATION","ADJUDICATED","MATERIALIZED","DERIVED","NOT-PERFORMED","NOT-PERFORMED"
"US-CP-CAND-W02-0027","US-CP-000086","US-CM-000051","OBJECTIONS-REQUIRED","ADJUDICATED","MATERIALIZED","DERIVED","NOT-PERFORMED","NOT-PERFORMED"
"US-CP-CAND-W02-0028","US-CP-000087","US-CM-000052","VETO-RECORD","ADJUDICATED","MATERIALIZED","DERIVED","NOT-PERFORMED","NOT-PERFORMED"
"US-CP-CAND-W02-0029","US-CP-000088","US-CM-000053","RECONSIDERATION-PREREQUISITE","ADJUDICATED","MATERIALIZED","DERIVED","NOT-PERFORMED","NOT-PERFORMED"
"US-CP-CAND-W02-0030","US-CP-000089","US-CM-000053","RECONSIDERATION-DUTY","ADJUDICATED","MATERIALIZED","DERIVED","NOT-PERFORMED","NOT-PERFORMED"
"US-CP-CAND-W02-0031","US-CP-000090","US-CM-000054","FIRST-HOUSE-RECONSIDERATION","ADJUDICATED","MATERIALIZED","DERIVED","NOT-PERFORMED","NOT-PERFORMED"
"US-CP-CAND-W02-0032","US-CP-000091","US-CM-000054","FIRST-HOUSE-THRESHOLD","ADJUDICATED","MATERIALIZED","DERIVED","NOT-PERFORMED","NOT-PERFORMED"
"US-CP-CAND-W02-0033","US-CP-000092","US-CM-000054","TRANSMISSION","ADJUDICATED","MATERIALIZED","DERIVED","NOT-PERFORMED","NOT-PERFORMED"
"US-CP-CAND-W02-0034","US-CP-000093","US-CM-000054","SECOND-HOUSE-RECONSIDERATION","ADJUDICATED","MATERIALIZED","DERIVED","NOT-PERFORMED","NOT-PERFORMED"
"US-CP-CAND-W02-0035","US-CP-000094","US-CM-000055","SECOND-HOUSE-RECONSIDERATION","ADJUDICATED","MATERIALIZED","DERIVED","NOT-PERFORMED","NOT-PERFORMED"
"US-CP-CAND-W02-0036","US-CP-000095","US-CM-000055","SECOND-HOUSE-THRESHOLD","ADJUDICATED","MATERIALIZED","DERIVED","NOT-PERFORMED","NOT-PERFORMED"
"US-CP-CAND-W02-0037","US-CP-000096","US-CM-000055","LAW-EFFECT","ADJUDICATED","MATERIALIZED","DERIVED","NOT-PERFORMED","NOT-PERFORMED"
"US-CP-CAND-W02-0038","US-CP-000097","US-CM-000056","VOTE-METHOD","ADJUDICATED","MATERIALIZED","DERIVED","NOT-PERFORMED","NOT-PERFORMED"
"US-CP-CAND-W02-0039","US-CP-000098","US-CM-000057","VOTER-PROVENANCE","ADJUDICATED","MATERIALIZED","DERIVED","NOT-PERFORMED","NOT-PERFORMED"
"US-CP-CAND-W02-0040","US-CP-000099","US-CM-000058","NONRETURN","ADJUDICATED","MATERIALIZED","DERIVED","NOT-PERFORMED","NOT-PERFORMED"
"US-CP-CAND-W02-0041","US-CP-000100","US-CM-000058","TEMPORAL-THRESHOLD","ADJUDICATED","MATERIALIZED","DERIVED","NOT-PERFORMED","NOT-PERFORMED"
"US-CP-CAND-W02-0042","US-CP-000101","US-CM-000058","ADJOURNMENT-EXCEPTION","ADJUDICATED","MATERIALIZED","DERIVED","NOT-PERFORMED","NOT-PERFORMED"
"US-CP-CAND-W02-0043","US-CP-000102","US-CM-000059","ACTION-CLASS","ADJUDICATED","MATERIALIZED","DERIVED","NOT-PERFORMED","NOT-PERFORMED"
"US-CP-CAND-W02-0044","US-CP-000103","US-CM-000059","ADJOURNMENT-EXCEPTION","ADJUDICATED","MATERIALIZED","DERIVED","NOT-PERFORMED","NOT-PERFORMED"
"US-CP-CAND-W02-0045","US-CP-000104","US-CM-000059","PRESENTMENT","ADJUDICATED","MATERIALIZED","DERIVED","NOT-PERFORMED","NOT-PERFORMED"
"US-CP-CAND-W02-0046","US-CP-000105","US-CM-000060","PRESIDENTIAL-APPROVAL-PATH","ADJUDICATED","MATERIALIZED","DERIVED","NOT-PERFORMED","NOT-PERFORMED"
"US-CP-CAND-W02-0047","US-CP-000106","US-CM-000060","PRESIDENTIAL-DISAPPROVAL-TRIGGER","ADJUDICATED","MATERIALIZED","DERIVED","NOT-PERFORMED","NOT-PERFORMED"
"US-CP-CAND-W02-0048","US-CP-000107","US-CM-000060","BICAMERAL-OVERRIDE","ADJUDICATED","MATERIALIZED","DERIVED","NOT-PERFORMED","NOT-PERFORMED"
"US-CP-CAND-W02-0049","US-CP-000108","US-CM-000060","BILL-RULES-INCORPORATION","ADJUDICATED","MATERIALIZED","DERIVED","NOT-PERFORMED","NOT-PERFORMED"
"US-CP-CAND-W02-0050","US-CP-000109","US-CM-000061","FISCAL-SUBJECT","ADJUDICATED","MATERIALIZED","DERIVED","NOT-PERFORMED","NOT-PERFORMED"
"US-CP-CAND-W02-0051","US-CP-000110","US-CM-000061","FISCAL-PURPOSE","ADJUDICATED","MATERIALIZED","DERIVED","NOT-PERFORMED","NOT-PERFORMED"
"US-CP-CAND-W02-0052","US-CP-000111","US-CM-000062","UNIFORMITY","ADJUDICATED","MATERIALIZED","DERIVED","NOT-PERFORMED","NOT-PERFORMED"
"US-CP-CAND-W02-0053","US-CP-000112","US-CM-000063","BORROWING-SCOPE","ADJUDICATED","MATERIALIZED","DERIVED","NOT-PERFORMED","NOT-PERFORMED"
"US-CP-CAND-W02-0054","US-CP-000113","US-CM-000064","COMMERCE-JURISDICTION","ADJUDICATED","MATERIALIZED","DERIVED","NOT-PERFORMED","NOT-PERFORMED"
"US-CP-CAND-W02-0055","US-CP-000114","US-CM-000065","NATURALIZATION-SUBJECT","ADJUDICATED","MATERIALIZED","DERIVED","NOT-PERFORMED","NOT-PERFORMED"
"US-CP-CAND-W02-0056","US-CP-000115","US-CM-000065","UNIFORMITY","ADJUDICATED","MATERIALIZED","DERIVED","NOT-PERFORMED","NOT-PERFORMED"
"US-CP-CAND-W02-0057","US-CP-000116","US-CM-000066","BANKRUPTCY-SUBJECT","ADJUDICATED","MATERIALIZED","DERIVED","NOT-PERFORMED","NOT-PERFORMED"
"US-CP-CAND-W02-0058","US-CP-000117","US-CM-000066","NATIONWIDE-UNIFORMITY","ADJUDICATED","MATERIALIZED","DERIVED","NOT-PERFORMED","NOT-PERFORMED"
"US-CP-CAND-W02-0059","US-CP-000118","US-CM-000067","COINAGE-SCOPE","ADJUDICATED","MATERIALIZED","DERIVED","NOT-PERFORMED","NOT-PERFORMED"
"US-CP-CAND-W02-0060","US-CP-000119","US-CM-000068","COIN-VALUE-SUBJECT","ADJUDICATED","MATERIALIZED","DERIVED","NOT-PERFORMED","NOT-PERFORMED"
"US-CP-CAND-W02-0061","US-CP-000120","US-CM-000069","STANDARD-SETTING-SCOPE","ADJUDICATED","MATERIALIZED","DERIVED","NOT-PERFORMED","NOT-PERFORMED"
"US-CP-CAND-W02-0062","US-CP-000121","US-CM-000070","COUNTERFEITING-SUBJECT","ADJUDICATED","MATERIALIZED","DERIVED","NOT-PERFORMED","NOT-PERFORMED"
"US-CP-CAND-W02-0063","US-CP-000122","US-CM-000071","POSTAL-SCOPE","ADJUDICATED","MATERIALIZED","DERIVED","NOT-PERFORMED","NOT-PERFORMED"
"US-CP-CAND-W02-0064","US-CP-000123","US-CM-000072","CONSTITUTIONAL-PURPOSE","ADJUDICATED","MATERIALIZED","DERIVED","NOT-PERFORMED","NOT-PERFORMED"
"US-CP-CAND-W02-0065","US-CP-000124","US-CM-000072","AUTHORIZED-BENEFICIARY","ADJUDICATED","MATERIALIZED","DERIVED","NOT-PERFORMED","NOT-PERFORMED"
"US-CP-CAND-W02-0066","US-CP-000125","US-CM-000072","SUBJECT-MATTER","ADJUDICATED","MATERIALIZED","DERIVED","NOT-PERFORMED","NOT-PERFORMED"
"US-CP-CAND-W02-0067","US-CP-000126","US-CM-000072","TEMPORAL-LIMIT","ADJUDICATED","MATERIALIZED","DERIVED","NOT-PERFORMED","NOT-PERFORMED"
"US-CP-CAND-W02-0068","US-CP-000127","US-CM-000072","RIGHT-TYPE","ADJUDICATED","MATERIALIZED","DERIVED","NOT-PERFORMED","NOT-PERFORMED"
