"generation_unit_id","source_construction_id","amendment_number","amendment_roman","section_number","source_construction_text","atom_count","atom_ids","current_mechanism_count","current_mechanism_ids","current_families","current_normalized_mechanisms","topology_observation","construction_level_decision","adjudicated_mechanism_count","retained_mechanism_boundaries","merge_or_split_basis","reviewer_note","supersedes_08D04A_topology"
"US-AM-MECH-UNIT-000001","US-AM-ATOM-CAND-000001","1","I","","Congress shall make no law respecting an establishment of religion, or prohibiting the free exercise thereof; or abridging the freedom of speech, or of the press; or the right of the people peaceably to assemble, and to petition the Government for a redress of grievances.","6","US-AM-ATOM-000001|US-AM-ATOM-000002|US-AM-ATOM-000003|US-AM-ATOM-000004|US-AM-ATOM-000005|US-AM-ATOM-000006","6","US-CM-000216|US-CM-000217|US-CM-000218|US-CM-000219|US-CM-000220|US-CM-000221","F5|F5|F5|F5|F5|F5","US-CM-000216 => The Constitution establishes this prohibition, right-protection, or negative constraint: Congress shall make no law respecting an establishment of religion || US-CM-000217 => The Constitution establishes this prohibition, right-protection, or negative constraint: or prohibiting the free exercise thereof || US-CM-000218 => The Constitution establishes this prohibition, right-protection, or negative constraint: or abridging the freedom of speech || US-CM-000219 => The Constitution establishes this prohibition, right-protection, or negative constraint: or of the press || US-CM-000220 => The Constitution establishes this prohibition, right-protection, or negative constraint: or the right of the people peaceably to assemble || US-CM-000221 => The Constitution establishes this prohibition, right-protection, or negative constraint: and to petition the Government for a redress of grievances.","ONE-MECHANISM-PER-ATOM","PENDING","","","","","PENDING"
"US-AM-MECH-UNIT-000003","US-AM-ATOM-CAND-000003","3","III","","No Soldier shall, in time of peace be quartered in any house, without the consent of the Owner, nor in time of war, but in a manner to be prescribed by law.","2","US-AM-ATOM-000008|US-AM-ATOM-000009","2","US-CM-000223|US-CM-000224","F5|F5","US-CM-000223 => The Constitution establishes this prohibition, right-protection, or negative constraint: No Soldier shall, in time of peace be quartered in any house, without the consent of the Owner || US-CM-000224 => The Constitution establishes this prohibition, right-protection, or negative constraint: nor in time of war, but in a manner to be prescribed by law.","ONE-MECHANISM-PER-ATOM","PENDING","","","","","PENDING"
"US-AM-MECH-UNIT-000004","US-AM-ATOM-CAND-000004","4","IV","","The right of the people to be secure in their persons, houses, papers, and effects, against unreasonable searches and seizures, shall not be violated, and no Warrants shall issue, but upon probable cause, supported by Oath or affirmation, and particularly describing the place to be searched, and the persons or things to be seized.","2","US-AM-ATOM-000010|US-AM-ATOM-000011","2","US-CM-000225|US-CM-000226","F5|F5","US-CM-000225 => The Constitution establishes this prohibition, right-protection, or negative constraint: The right of the people to be secure in their persons, houses, papers, and effects, against unreasonable searches and seizures, shall not be violated || US-CM-000226 => The Constitution establishes this prohibition, right-protection, or negative constraint: and no Warrants shall issue, but upon probable cause, supported by Oath or affirmation, and particularly describing the place to be searched, and the persons or things to be seized.","ONE-MECHANISM-PER-ATOM","PENDING","","","","","PENDING"
"US-AM-MECH-UNIT-000005","US-AM-ATOM-CAND-000005","5","V","","No person shall be held to answer for a capital, or otherwise infamous crime, unless on a presentment or indictment of a Grand Jury, except in cases arising in the land or naval forces, or in the Militia, when in actual service in time of War or public danger; nor shall any person be subject for the same offence to be twice put in jeopardy of life or limb; nor shall be compelled in any criminal case to be a witness against himself, nor be deprived of life, liberty, or property, without due process of law; nor shall private property be taken for public use, without just compensation.","5","US-AM-ATOM-000012|US-AM-ATOM-000013|US-AM-ATOM-000014|US-AM-ATOM-000015|US-AM-ATOM-000016","5","US-CM-000227|US-CM-000228|US-CM-000229|US-CM-000230|US-CM-000231","F5|F5|F5|F5|F5","US-CM-000227 => The Constitution establishes this prohibition, right-protection, or negative constraint: No person shall be held to answer for a capital, or otherwise infamous crime, unless on a presentment or indictment of a Grand Jury, except in cases arising in the land or naval forces, or in the Militia, when in actual service in time of War or public danger || US-CM-000228 => The Constitution establishes this prohibition, right-protection, or negative constraint: nor shall any person be subject for the same offence to be twice put in jeopardy of life or limb || US-CM-000229 => The Constitution establishes this prohibition, right-protection, or negative constraint: nor shall be compelled in any criminal case to be a witness against himself, || US-CM-000230 => The Constitution establishes this prohibition, right-protection, or negative constraint: nor be deprived of life, liberty, or property, without due process of law || US-CM-000231 => The Constitution establishes this prohibition, right-protection, or negative constraint: nor shall private property be taken for public use, without just compensation.","ONE-MECHANISM-PER-ATOM","PENDING","","","","","PENDING"
"US-AM-MECH-UNIT-000006","US-AM-ATOM-CAND-000006","6","VI","","In all criminal prosecutions, the accused shall enjoy the right to a speedy and public trial, by an impartial jury of the State and district wherein the crime shall have been committed, which district shall have been previously ascertained by law, and to be informed of the nature and cause of the accusation; to be confronted with the witnesses against him; to have compulsory process for obtaining witnesses in his favor, and to have the Assistance of Counsel for his defence.","6","US-AM-ATOM-000017|US-AM-ATOM-000018|US-AM-ATOM-000019|US-AM-ATOM-000020|US-AM-ATOM-000021|US-AM-ATOM-000022","6","US-CM-000232|US-CM-000233|US-CM-000234|US-CM-000235|US-CM-000236|US-CM-000237","F3|F3|F3|F3|F3|F3","US-CM-000232 => The Constitution establishes this scoped power, duty, qualification, or procedural rule: In all criminal prosecutions, the accused shall enjoy the right to a speedy and public trial || US-CM-000233 => The Constitution establishes this scoped power, duty, qualification, or procedural rule: by an impartial jury of the State and district wherein the crime shall have been committed, which district shall have been previously ascertained by law || US-CM-000234 => The Constitution establishes this scoped power, duty, qualification, or procedural rule: and to be informed of the nature and cause of the accusation || US-CM-000235 => The Constitution establishes this scoped power, duty, qualification, or procedural rule: to be confronted with the witnesses against him || US-CM-000236 => The Constitution establishes this scoped power, duty, qualification, or procedural rule: to have compulsory process for obtaining witnesses in his favor || US-CM-000237 => The Constitution establishes this scoped power, duty, qualification, or procedural rule: and to have the Assistance of Counsel for his defence.","ONE-MECHANISM-PER-ATOM","PENDING","","","","","PENDING"
"US-AM-MECH-UNIT-000007","US-AM-ATOM-CAND-000007","7","VII","","In Suits at common law, where the value in controversy shall exceed twenty dollars, the right of trial by jury shall be preserved, and no fact tried by a jury, shall be otherwise re-examined in any Court of the United States, than according to the rules of the common law.","2","US-AM-ATOM-000023|US-AM-ATOM-000024","2","US-CM-000238|US-CM-000239","F3|F5","US-CM-000238 => The Constitution establishes this scoped power, duty, qualification, or procedural rule: In Suits at common law, where the value in controversy shall exceed twenty dollars, the right of trial by jury shall be preserved || US-CM-000239 => The Constitution establishes this prohibition, right-protection, or negative constraint: and no fact tried by a jury, shall be otherwise re-examined in any Court of the United States, than according to the rules of the common law.","ONE-MECHANISM-PER-ATOM","PENDING","","","","","PENDING"
"US-AM-MECH-UNIT-000008","US-AM-ATOM-CAND-000008","8","VIII","","Excessive bail shall not be required, nor excessive fines imposed, nor cruel and unusual punishments inflicted.","3","US-AM-ATOM-000025|US-AM-ATOM-000026|US-AM-ATOM-000027","3","US-CM-000240|US-CM-000241|US-CM-000242","F5|F5|F5","US-CM-000240 => The Constitution establishes this prohibition, right-protection, or negative constraint: Excessive bail shall not be required || US-CM-000241 => The Constitution establishes this prohibition, right-protection, or negative constraint: nor excessive fines imposed || US-CM-000242 => The Constitution establishes this prohibition, right-protection, or negative constraint: nor cruel and unusual punishments inflicted.","ONE-MECHANISM-PER-ATOM","PENDING","","","","","PENDING"
"US-AM-MECH-UNIT-000012","US-AM-ATOM-CAND-000012","12","XII","","The Electors shall meet in their respective states and vote by ballot for President and Vice-President, one of whom, at least, shall not be an inhabitant of the same state with themselves; they shall name in their ballots the person voted for as President, and in distinct ballots the person voted for as Vice-President, and they shall make distinct lists of all persons voted for as President, and of all persons voted for as Vice-President, and of the number of votes for each, which lists they shall sign and certify, and transmit sealed to the seat of the government of the United States, directed to the President of the Senate; -- the President of the Senate shall, in the presence of the Senate and House of Representatives, open all the certificates and the votes shall then be counted; -- The person having the greatest number of votes for President, shall be the President, if such number be a majority of the whole number of Electors appointed; and if no person have such majority, then from the persons having the highest numbers not exceeding three on the list of those voted for as President, the House of Representatives shall choose immediately, by ballot, the President. But in choosing the President, the votes shall be taken by states, the representation from each state having one vote; a quorum for this purpose shall consist of a member or members from two-thirds of the states, and a majority of all the states shall be necessary to a choice. [And if the House of Representatives shall not choose a President whenever the right of choice shall devolve upon them, before the fourth day of March next following, then the Vice-President shall act as President, as in the case of the death or other constitutional disability of the President. --]* The person having the greatest number of votes as Vice-President, shall be the Vice-President, if such number be a majority of the whole number of Electors appointed, and if no person have a majority, then from the two highest numbers on the list, the Senate shall choose the Vice-President; a quorum for the purpose shall consist of two-thirds of the whole number of Senators, and a majority of the whole number shall be necessary to a choice. But no person constitutionally ineligible to the office of President shall be eligible to that of Vice-President of the United States.","15","US-AM-ATOM-000031|US-AM-ATOM-000032|US-AM-ATOM-000033|US-AM-ATOM-000034|US-AM-ATOM-000035|US-AM-ATOM-000036|US-AM-ATOM-000037|US-AM-ATOM-000038|US-AM-ATOM-000039|US-AM-ATOM-000040|US-AM-ATOM-000041|US-AM-ATOM-000042|US-AM-ATOM-000043|US-AM-ATOM-000044|US-AM-ATOM-000045","15","US-CM-000246|US-CM-000247|US-CM-000248|US-CM-000249|US-CM-000250|US-CM-000251|US-CM-000252|US-CM-000253|US-CM-000254|US-CM-000255|US-CM-000256|US-CM-000257|US-CM-000258|US-CM-000259|US-CM-000260","F3|F3|F3|F3|F3|F3|F4|F3|F4|F4|F4|F3|F4|F4|F3","US-CM-000246 => The Constitution establishes this scoped power, duty, qualification, or procedural rule: The Electors shall meet in their respective states and vote by ballot for President and Vice-President, one of whom, at least, shall not be an inhabitant of the same state with themselves || US-CM-000247 => The Constitution establishes this scoped power, duty, qualification, or procedural rule: they shall name in their ballots the person voted for as President, and in distinct ballots the person voted for as Vice-President || US-CM-000248 => The Constitution establishes this scoped power, duty, qualification, or procedural rule: and they shall make distinct lists of all persons voted for as President, and of all persons voted for as Vice-President, and of the number of votes for each || US-CM-000249 => The Constitution establishes this scoped power, duty, qualification, or procedural rule: which lists they shall sign and certify, and transmit sealed to the seat of the government of the United States, directed to the President of the Senate || US-CM-000250 => The Constitution establishes this scoped power, duty, qualification, or procedural rule: -- the President of the Senate shall, in the presence of the Senate and House of Representatives, open all the certificates || US-CM-000251 => The Constitution establishes this scoped power, duty, qualification, or procedural rule: and the votes shall then be counted || US-CM-000252 => The Constitution establishes this concurrence, quorum, majority, or threshold rule: -- The person having the greatest number of votes for President, shall be the President, if such number be a majority of the whole number of Electors appointed || US-CM-000253 => The Constitution establishes this scoped power, duty, qualification, or procedural rule: and if no person have such majority, then from the persons having the highest numbers not exceeding three on the list of those voted for as President, the House of Representatives shall choose immediately, by ballot, the President || US-CM-000254 => The Constitution establishes this concurrence, quorum, majority, or threshold rule: But in choosing the President, the votes shall be taken by states, the representation from each state having one vote || US-CM-000255 => The Constitution establishes this concurrence, quorum, majority, or threshold rule: a quorum for this purpose shall consist of a member or members from two-thirds of the states || US-CM-000256 => The Constitution establishes this concurrence, quorum, majority, or threshold rule: and a majority of all the states shall be necessary to a choice || US-CM-000257 => The Constitution establishes this scoped power, duty, qualification, or procedural rule: [And if the House of Representatives shall not choose a President whenever the right of choice shall devolve upon them, before the fourth day of March next following, then the Vice-President shall act as President, as in the case of the death or other constitutional disability of the President. --]* || US-CM-000258 => The Constitution establishes this concurrence, quorum, majority, or threshold rule: The person having the greatest number of votes as Vice-President, shall be the Vice-President, if such number be a majority of the whole number of Electors appointed || US-CM-000259 => The Constitution establishes this concurrence, quorum, majority, or threshold rule: and if no person have a majority, then from the two highest numbers on the list, the Senate shall choose the Vice-President; a quorum for the purpose shall consist of two-thirds of the whole number of Senators, and a majority of the whole number shall be necessary to a choice || US-CM-000260 => The Constitution establishes this scoped power, duty, qualification, or procedural rule: But no person constitutionally ineligible to the office of President shall be eligible to that of Vice-President of the United States.","ONE-MECHANISM-PER-ATOM","PENDING","","","","","PENDING"
"US-AM-MECH-UNIT-000013","US-AM-ATOM-CAND-000013","13","XIII","1","Neither slavery nor involuntary servitude, except as a punishment for crime whereof the party shall have been duly convicted, shall exist within the United States, or any place subject to their jurisdiction.","2","US-AM-ATOM-000046|US-AM-ATOM-000047","2","US-CM-000261|US-CM-000262","F5|F5","US-CM-000261 => The Constitution establishes this prohibition, right-protection, or negative constraint: Neither slavery || US-CM-000262 => The Constitution establishes this prohibition, right-protection, or negative constraint: nor involuntary servitude, except as a punishment for crime whereof the party shall have been duly convicted, shall exist within the United States, or any place subject to their jurisdiction.","ONE-MECHANISM-PER-ATOM","PENDING","","","","","PENDING"
"US-AM-MECH-UNIT-000015","US-AM-ATOM-CAND-000015","14","XIV","1","All persons born or naturalized in the United States, and subject to the jurisdiction thereof, are citizens of the United States and of the State wherein they reside. No State shall make or enforce any law which shall abridge the privileges or immunities of citizens of the United States; nor shall any State deprive any person of life, liberty, or property, without due process of law; nor deny to any person within its jurisdiction the equal protection of the laws.","4","US-AM-ATOM-000049|US-AM-ATOM-000050|US-AM-ATOM-000051|US-AM-ATOM-000052","4","US-CM-000264|US-CM-000265|US-CM-000266|US-CM-000267","F6|F5|F5|F5","US-CM-000264 => The Constitution establishes this jurisdictional, federalism, status, or allocation boundary: All persons born or naturalized in the United States, and subject to the jurisdiction thereof, are citizens of the United States and of the State wherein they reside. || US-CM-000265 => The Constitution establishes this prohibition, right-protection, or negative constraint: No State shall make or enforce any law which shall abridge the privileges or immunities of citizens of the United States || US-CM-000266 => The Constitution establishes this prohibition, right-protection, or negative constraint: nor shall any State deprive any person of life, liberty, or property, without due process of law || US-CM-000267 => The Constitution establishes this prohibition, right-protection, or negative constraint: nor deny to any person within its jurisdiction the equal protection of the laws.","ONE-MECHANISM-PER-ATOM","PENDING","","","","","PENDING"
"US-AM-MECH-UNIT-000016","US-AM-ATOM-CAND-000016","14","XIV","2","Representatives shall be apportioned among the several States according to their respective numbers, counting the whole number of persons in each State, excluding Indians not taxed. But when the right to vote at any election for the choice of electors for President and Vice-President of the United States, Representatives in Congress, the Executive and Judicial officers of a State, or the members of the Legislature thereof, is denied to any of the male inhabitants of such State, being twenty-one years of age,* and citizens of the United States, or in any way abridged, except for participation in rebellion, or other crime, the basis of representation therein shall be reduced in the proportion which the number of such male citizens shall bear to the whole number of male citizens twenty-one years of age in such State.","2","US-AM-ATOM-000053|US-AM-ATOM-000054","2","US-CM-000268|US-CM-000269","F6|F6","US-CM-000268 => The Constitution establishes this jurisdictional, federalism, status, or allocation boundary: Representatives shall be apportioned among the several States according to their respective numbers, counting the whole number of persons in each State, excluding Indians not taxed. || US-CM-000269 => The Constitution establishes this jurisdictional, federalism, status, or allocation boundary: But when the right to vote at any election for the choice of electors for President and Vice-President of the United States, Representatives in Congress, the Executive and Judicial officers of a State, or the members of the Legislature thereof, is denied to any of the male inhabitants of such State, being twenty-one years of age,* and citizens of the United States, or in any way abridged, except for participation in rebellion, or other crime, the basis of representation therein shall be reduced in the proportion which the number of such male citizens shall bear to the whole number of male citizens twenty-one years of age in such State.","ONE-MECHANISM-PER-ATOM","PENDING","","","","","PENDING"
"US-AM-MECH-UNIT-000017","US-AM-ATOM-CAND-000017","14","XIV","3","No person shall be a Senator or Representative in Congress, or elector of President and Vice-President, or hold any office, civil or military, under the United States, or under any State, who, having previously taken an oath, as a member of Congress, or as an officer of the United States, or as a member of any State legislature, or as an executive or judicial officer of any State, to support the Constitution of the United States, shall have engaged in insurrection or rebellion against the same, or given aid or comfort to the enemies thereof. But Congress may by a vote of two-thirds of each House, remove such disability.","2","US-AM-ATOM-000055|US-AM-ATOM-000056","2","US-CM-000270|US-CM-000271","F5|F4","US-CM-000270 => The Constitution establishes this prohibition, right-protection, or negative constraint: No person shall be a Senator or Representative in Congress, or elector of President and Vice-President, or hold any office, civil or military, under the United States, or under any State, who, having previously taken an oath, as a member of Congress, or as an officer of the United States, or as a member of any State legislature, or as an executive or judicial officer of any State, to support the Constitution of the United States, shall have engaged in insurrection or rebellion against the same, or given aid or comfort to the enemies thereof. || US-CM-000271 => The Constitution establishes this concurrence, quorum, majority, or threshold rule: But Congress may by a vote of two-thirds of each House, remove such disability.","ONE-MECHANISM-PER-ATOM","PENDING","","","","","PENDING"
"US-AM-MECH-UNIT-000018","US-AM-ATOM-CAND-000018","14","XIV","4","The validity of the public debt of the United States, authorized by law, including debts incurred for payment of pensions and bounties for services in suppressing insurrection or rebellion, shall not be questioned. But neither the United States nor any State shall assume or pay any debt or obligation incurred in aid of insurrection or rebellion against the United States, or any claim for the loss or emancipation of any slave; but all such debts, obligations and claims shall be held illegal and void.","3","US-AM-ATOM-000057|US-AM-ATOM-000058|US-AM-ATOM-000059","3","US-CM-000272|US-CM-000273|US-CM-000274","F5|F5|F5","US-CM-000272 => The Constitution establishes this prohibition, right-protection, or negative constraint: The validity of the public debt of the United States, authorized by law, including debts incurred for payment of pensions and bounties for services in suppressing insurrection or rebellion, shall not be questioned. || US-CM-000273 => The Constitution establishes this prohibition, right-protection, or negative constraint: But neither the United States nor any State shall assume or pay any debt or obligation incurred in aid of insurrection or rebellion against the United States || US-CM-000274 => The Constitution establishes this prohibition, right-protection, or negative constraint: or any claim for the loss or emancipation of any slave; but all such debts, obligations and claims shall be held illegal and void.","ONE-MECHANISM-PER-ATOM","PENDING","","","","","PENDING"
"US-AM-MECH-UNIT-000023","US-AM-ATOM-CAND-000023","17","XVII","","The Senate of the United States shall be composed of two Senators from each State, elected by the people thereof, for six years; and each Senator shall have one vote. The electors in each State shall have the qualifications requisite for electors of the most numerous branch of the State legislatures.","5","US-AM-ATOM-000064|US-AM-ATOM-000065|US-AM-ATOM-000066|US-AM-ATOM-000067|US-AM-ATOM-000068","5","US-CM-000279|US-CM-000280|US-CM-000281|US-CM-000282|US-CM-000283","F2|F1|F3|F2|F3","US-CM-000279 => The Constitution establishes this institutional structure or separation rule: The Senate of the United States shall be composed of two Senators from each State || US-CM-000280 => The Constitution establishes this authority, succession, or office-transition rule: elected by the people thereof || US-CM-000281 => The Constitution establishes this scoped power, duty, qualification, or procedural rule: for six years || US-CM-000282 => The Constitution establishes this institutional structure or separation rule: and each Senator shall have one vote || US-CM-000283 => The Constitution establishes this scoped power, duty, qualification, or procedural rule: The electors in each State shall have the qualifications requisite for electors of the most numerous branch of the State legislatures.","ONE-MECHANISM-PER-ATOM","PENDING","","","","","PENDING"
"US-AM-MECH-UNIT-000024","US-AM-ATOM-CAND-000024","17","XVII","","When vacancies happen in the representation of any State in the Senate, the executive authority of such State shall issue writs of election to fill such vacancies: Provided, That the legislature of any State may empower the executive thereof to make temporary appointments until the people fill the vacancies by election as the legislature may direct.","2","US-AM-ATOM-000069|US-AM-ATOM-000070","2","US-CM-000284|US-CM-000285","F1|F3","US-CM-000284 => The Constitution establishes this authority, succession, or office-transition rule: When vacancies happen in the representation of any State in the Senate, the executive authority of such State shall issue writs of election to fill such vacancies || US-CM-000285 => The Constitution establishes this scoped power, duty, qualification, or procedural rule: Provided, That the legislature of any State may empower the executive thereof to make temporary appointments until the people fill the vacancies by election as the legislature may direct.","ONE-MECHANISM-PER-ATOM","PENDING","","","","","PENDING"
"US-AM-MECH-UNIT-000026","US-AM-ATOM-CAND-000026","18","XVIII","1","After one year from the ratification of this article the manufacture, sale, or transportation of intoxicating liquors within, the importation thereof into, or the exportation thereof from the United States and all territory subject to the jurisdiction thereof for beverage purposes is hereby prohibited.","5","US-AM-ATOM-000072|US-AM-ATOM-000073|US-AM-ATOM-000074|US-AM-ATOM-000075|US-AM-ATOM-000076","5","US-CM-000287|US-CM-000288|US-CM-000289|US-CM-000290|US-CM-000291","F5|F5|F5|F5|F5","US-CM-000287 => The Constitution establishes this prohibition, right-protection, or negative constraint: After one year from the ratification of this article the manufacture || US-CM-000288 => The Constitution establishes this prohibition, right-protection, or negative constraint: sale || US-CM-000289 => The Constitution establishes this prohibition, right-protection, or negative constraint: or transportation of intoxicating liquors within || US-CM-000290 => The Constitution establishes this prohibition, right-protection, or negative constraint: the importation thereof into || US-CM-000291 => The Constitution establishes this prohibition, right-protection, or negative constraint: or the exportation thereof from the United States and all territory subject to the jurisdiction thereof for beverage purposes is hereby prohibited.","ONE-MECHANISM-PER-ATOM","PENDING","","","","","PENDING"
"US-AM-MECH-UNIT-000031","US-AM-ATOM-CAND-000031","20","XX","1","The terms of the President and Vice President shall end at noon on the 20th day of January, and the terms of Senators and Representatives at noon on the 3d day of January, of the years in which such terms would have ended if this article had not been ratified; and the terms of their successors shall then begin.","3","US-AM-ATOM-000081|US-AM-ATOM-000082|US-AM-ATOM-000083","3","US-CM-000296|US-CM-000297|US-CM-000298","F7|F7|F7","US-CM-000296 => The Constitution establishes this controlled constitutional transition, effectiveness, repeal, or temporal rule: The terms of the President and Vice President shall end at noon on the 20th day of January || US-CM-000297 => The Constitution establishes this controlled constitutional transition, effectiveness, repeal, or temporal rule: and the terms of Senators and Representatives at noon on the 3d day of January, of the years in which such terms would have ended if this article had not been ratified || US-CM-000298 => The Constitution establishes this controlled constitutional transition, effectiveness, repeal, or temporal rule: and the terms of their successors shall then begin.","ONE-MECHANISM-PER-ATOM","PENDING","","","","","PENDING"
"US-AM-MECH-UNIT-000032","US-AM-ATOM-CAND-000032","20","XX","2","The Congress shall assemble at least once in every year, and such meeting shall begin at noon on the 3d day of January, unless they shall by law appoint a different day.","2","US-AM-ATOM-000084|US-AM-ATOM-000085","2","US-CM-000299|US-CM-000300","F3|F3","US-CM-000299 => The Constitution establishes this scoped power, duty, qualification, or procedural rule: The Congress shall assemble at least once in every year || US-CM-000300 => The Constitution establishes this scoped power, duty, qualification, or procedural rule: and such meeting shall begin at noon on the 3d day of January, unless they shall by law appoint a different day.","ONE-MECHANISM-PER-ATOM","PENDING","","","","","PENDING"
"US-AM-MECH-UNIT-000033","US-AM-ATOM-CAND-000033","20","XX","3","If, at the time fixed for the beginning of the term of the President, the President elect shall have died, the Vice President elect shall become President. If a President shall not have been chosen before the time fixed for the beginning of his term, or if the President elect shall have failed to qualify, then the Vice President elect shall act as President until a President shall have qualified; and the Congress may by law provide for the case wherein neither a President elect nor a Vice President elect shall have qualified, declaring who shall then act as President, or the manner in which one who is to act shall be selected, and such person shall act accordingly until a President or Vice President shall have qualified.","4","US-AM-ATOM-000086|US-AM-ATOM-000087|US-AM-ATOM-000088|US-AM-ATOM-000089","4","US-CM-000301|US-CM-000302|US-CM-000303|US-CM-000304","F1|F1|F3|F1","US-CM-000301 => The Constitution establishes this authority, succession, or office-transition rule: If, at the time fixed for the beginning of the term of the President, the President elect shall have died, the Vice President elect shall become President || US-CM-000302 => The Constitution establishes this authority, succession, or office-transition rule: If a President shall not have been chosen before the time fixed for the beginning of his term, or if the President elect shall have failed to qualify, then the Vice President elect shall act as President until a President shall have qualified || US-CM-000303 => The Constitution establishes this scoped power, duty, qualification, or procedural rule: and the Congress may by law provide for the case wherein neither a President elect nor a Vice President elect shall have qualified, declaring who shall then act as President, or the manner in which one who is to act shall be selected || US-CM-000304 => The Constitution establishes this authority, succession, or office-transition rule: and such person shall act accordingly until a President or Vice President shall have qualified.","ONE-MECHANISM-PER-ATOM","PENDING","","","","","PENDING"
"US-AM-MECH-UNIT-000034","US-AM-ATOM-CAND-000034","20","XX","4","The Congress may by law provide for the case of the death of any of the persons from whom the House of Representatives may choose a President whenever the right of choice shall have devolved upon them, and for the case of the death of any of the persons from whom the Senate may choose a Vice President whenever the right of choice shall have devolved upon them.","2","US-AM-ATOM-000090|US-AM-ATOM-000091","2","US-CM-000305|US-CM-000306","F3|F3","US-CM-000305 => The Constitution establishes this scoped power, duty, qualification, or procedural rule: The Congress may by law provide for the case of the death of any of the persons from whom the House of Representatives may choose a President whenever the right of choice shall have devolved upon them || US-CM-000306 => The Constitution establishes this scoped power, duty, qualification, or procedural rule: and for the case of the death of any of the persons from whom the Senate may choose a Vice President whenever the right of choice shall have devolved upon them.","ONE-MECHANISM-PER-ATOM","PENDING","","","","","PENDING"
"US-AM-MECH-UNIT-000040","US-AM-ATOM-CAND-000040","22","XXII","1","No person shall be elected to the office of the President more than twice, and no person who has held the office of President, or acted as President, for more than two years of a term to which some other person was elected President shall be elected to the office of the President more than once. But this Article shall not apply to any person holding the office of President when this Article was proposed by the Congress, and shall not prevent any person who may be holding the office of President, or acting as President, during the term within which this Article becomes operative from holding the office of President or acting as President during the remainder of such term.","4","US-AM-ATOM-000097|US-AM-ATOM-000098|US-AM-ATOM-000099|US-AM-ATOM-000100","4","US-CM-000312|US-CM-000313|US-CM-000314|US-CM-000315","F5|F5|F7|F7","US-CM-000312 => The Constitution establishes this prohibition, right-protection, or negative constraint: No person shall be elected to the office of the President more than twice || US-CM-000313 => The Constitution establishes this prohibition, right-protection, or negative constraint: and no person who has held the office of President, or acted as President, for more than two years of a term to which some other person was elected President shall be elected to the office of the President more than once || US-CM-000314 => The Constitution establishes this controlled constitutional transition, effectiveness, repeal, or temporal rule: But this Article shall not apply to any person holding the office of President when this Article was proposed by the Congress || US-CM-000315 => The Constitution establishes this controlled constitutional transition, effectiveness, repeal, or temporal rule: and shall not prevent any person who may be holding the office of President, or acting as President, during the term within which this Article becomes operative from holding the office of President or acting as President during the remainder of such term.","ONE-MECHANISM-PER-ATOM","PENDING","","","","","PENDING"
"US-AM-MECH-UNIT-000042","US-AM-ATOM-CAND-000042|US-AM-ATOM-CAND-000043","23","XXIII","1","The District constituting the seat of Government of the United States shall appoint in such manner as the Congress may direct: A number of electors of President and Vice President equal to the whole number of Senators and Representatives in Congress to which the District would be entitled if it were a State, but in no event more than the least populous State; they shall be in addition to those appointed by the States, but they shall be considered, for the purposes of the election of President and Vice President, to be electors appointed by a State; and they shall meet in the District and perform such duties as provided by the twelfth article of amendment.","3","US-AM-ATOM-000102|US-AM-ATOM-000103|US-AM-ATOM-000104","3","US-CM-000317|US-CM-000318|US-CM-000319","F1|F6|F3","US-CM-000317 => The Constitution establishes this authority, succession, or office-transition rule: The District constituting the seat of Government of the United States shall appoint in such manner as the Congress may direct: A number of electors of President and Vice President equal to the whole number of Senators and Representatives in Congress to which the District would be entitled if it were a State, but in no event more than the least populous State || US-CM-000318 => The Constitution establishes this jurisdictional, federalism, status, or allocation boundary: they shall be in addition to those appointed by the States, but they shall be considered, for the purposes of the election of President and Vice President, to be electors appointed by a State || US-CM-000319 => The Constitution establishes this scoped power, duty, qualification, or procedural rule: and they shall meet in the District and perform such duties as provided by the twelfth article of amendment.","ONE-MECHANISM-PER-ATOM","PENDING","","","","","PENDING"
"US-AM-MECH-UNIT-000047","US-AM-ATOM-CAND-000048","25","XXV","2","Whenever there is a vacancy in the office of the Vice President, the President shall nominate a Vice President who shall take office upon confirmation by a majority vote of both Houses of Congress.","2","US-AM-ATOM-000109|US-AM-ATOM-000110","2","US-CM-000324|US-CM-000325","F1|F4","US-CM-000324 => The Constitution establishes this authority, succession, or office-transition rule: Whenever there is a vacancy in the office of the Vice President, the President shall nominate a Vice President || US-CM-000325 => The Constitution establishes this concurrence, quorum, majority, or threshold rule: who shall take office upon confirmation by a majority vote of both Houses of Congress.","ONE-MECHANISM-PER-ATOM","PENDING","","","","","PENDING"
"US-AM-MECH-UNIT-000050","US-AM-ATOM-CAND-000051","25","XXV","4","Thereafter, when the President transmits to the President pro tempore of the Senate and the Speaker of the House of Representatives his written declaration that no inability exists, he shall resume the powers and duties of his office unless the Vice President and a majority of either the principal officers of the executive department or of such other body as Congress may by law provide, transmit within four days to the President pro tempore of the Senate and the Speaker of the House of Representatives their written declaration that the President is unable to discharge the powers and duties of his office. Thereupon Congress shall decide the issue, assembling within forty-eight hours for that purpose if not in session. If the Congress, within twenty-one days after receipt of the latter written declaration, or, if Congress is not in session, within twenty-one days after Congress is required to assemble, determines by two-thirds vote of both Houses that the President is unable to discharge the powers and duties of his office, the Vice President shall continue to discharge the same as Acting President; otherwise, the President shall resume the powers and duties of his office.","6","US-AM-ATOM-000113|US-AM-ATOM-000114|US-AM-ATOM-000115|US-AM-ATOM-000116|US-AM-ATOM-000117|US-AM-ATOM-000118","6","US-CM-000328|US-CM-000329|US-CM-000330|US-CM-000331|US-CM-000332|US-CM-000333","F1|F3|F3|F4|F1|F1","US-CM-000328 => The Constitution establishes this authority, succession, or office-transition rule: Thereafter, when the President transmits to the President pro tempore of the Senate and the Speaker of the House of Representatives his written declaration that no inability exists, he shall resume the powers and duties of his office unless the Vice President and a majority of either the principal officers of the executive department or of such other body as Congress may by law provide, transmit within four days to the President pro tempore of the Senate and the Speaker of the House of Representatives their written declaration that the President is unable to discharge the powers and duties of his office || US-CM-000329 => The Constitution establishes this scoped power, duty, qualification, or procedural rule: Thereupon Congress shall decide the issue || US-CM-000330 => The Constitution establishes this scoped power, duty, qualification, or procedural rule: assembling within forty-eight hours for that purpose if not in session || US-CM-000331 => The Constitution establishes this concurrence, quorum, majority, or threshold rule: If the Congress, within twenty-one days after receipt of the latter written declaration, or, if Congress is not in session, within twenty-one days after Congress is required to assemble, determines by two-thirds vote of both Houses that the President is unable to discharge the powers and duties of his office || US-CM-000332 => The Constitution establishes this authority, succession, or office-transition rule: the Vice President shall continue to discharge the same as Acting President || US-CM-000333 => The Constitution establishes this authority, succession, or office-transition rule: otherwise, the President shall resume the powers and duties of his office.","ONE-MECHANISM-PER-ATOM","PENDING","","","","","PENDING"
