"mechanism_id","generation_unit_id","source_construction_id","amendment_number","section_number","boundary_label","source_atom_ids","topology_action","prior_mechanism_ids","mechanism_family","jurisdiction_scope","normalized_mechanism","negative_condition","semantic_status","semantic_basis","topology_authority","semantic_authority","canonical_registry_status","orynth_mapping_status","correspondence_grade"
"US-CM-000216","US-AM-MECH-UNIT-000001","US-AM-ATOM-CAND-000001","1","","PRESERVED-US-CM-000216","US-AM-ATOM-000001","PRESERVE-EXISTING-BOUNDARY","US-CM-000216","F5","UNITED-STATES/CONGRESS/RIGHTS/RELIGION/ESTABLISHMENT","The Constitution establishes this prohibition, right-protection, or negative constraint: Congress shall make no law respecting an establishment of religion","An action or effect contrary to the source-defined prohibition, protected right, or negative constraint is not constitutionally established under this mechanism.","FINAL-PRESERVED-EXACT","Preserved exact from 08D-04B2B2 under unchanged construction boundary.","08D-06V-CONSTRUCTION-LEVEL-COUNT","08D-04B2B2","NOT-YET-MATERIALIZED","UNASSESSED","UNASSESSED"
"US-CM-000217","US-AM-MECH-UNIT-000001","US-AM-ATOM-CAND-000001","1","","PRESERVED-US-CM-000217","US-AM-ATOM-000002","PRESERVE-EXISTING-BOUNDARY","US-CM-000217","F5","UNITED-STATES/CONGRESS/RIGHTS/RELIGION/FREE-EXERCISE","The Constitution establishes this prohibition, right-protection, or negative constraint: or prohibiting the free exercise thereof","An action or effect contrary to the source-defined prohibition, protected right, or negative constraint is not constitutionally established under this mechanism.","FINAL-PRESERVED-EXACT","Preserved exact from 08D-04B2B2 under unchanged construction boundary.","08D-06V-CONSTRUCTION-LEVEL-COUNT","08D-04B2B2","NOT-YET-MATERIALIZED","UNASSESSED","UNASSESSED"
"US-CM-000218","US-AM-MECH-UNIT-000001","US-AM-ATOM-CAND-000001","1","","PRESERVED-US-CM-000218","US-AM-ATOM-000003","PRESERVE-EXISTING-BOUNDARY","US-CM-000218","F5","UNITED-STATES/CONGRESS/RIGHTS/SPEECH","The Constitution establishes this prohibition, right-protection, or negative constraint: or abridging the freedom of speech","An action or effect contrary to the source-defined prohibition, protected right, or negative constraint is not constitutionally established under this mechanism.","FINAL-PRESERVED-EXACT","Preserved exact from 08D-04B2B2 under unchanged construction boundary.","08D-06V-CONSTRUCTION-LEVEL-COUNT","08D-04B2B2","NOT-YET-MATERIALIZED","UNASSESSED","UNASSESSED"
"US-CM-000219","US-AM-MECH-UNIT-000001","US-AM-ATOM-CAND-000001","1","","PRESERVED-US-CM-000219","US-AM-ATOM-000004","PRESERVE-EXISTING-BOUNDARY","US-CM-000219","F5","UNITED-STATES/CONGRESS/RIGHTS/PRESS","The Constitution establishes this prohibition, right-protection, or negative constraint: or of the press","An action or effect contrary to the source-defined prohibition, protected right, or negative constraint is not constitutionally established under this mechanism.","FINAL-PRESERVED-EXACT","Preserved exact from 08D-04B2B2 under unchanged construction boundary.","08D-06V-CONSTRUCTION-LEVEL-COUNT","08D-04B2B2","NOT-YET-MATERIALIZED","UNASSESSED","UNASSESSED"
"US-CM-000220","US-AM-MECH-UNIT-000001","US-AM-ATOM-CAND-000001","1","","PRESERVED-US-CM-000220","US-AM-ATOM-000005","PRESERVE-EXISTING-BOUNDARY","US-CM-000220","F5","UNITED-STATES/CONGRESS/RIGHTS/ASSEMBLY","The Constitution establishes this prohibition, right-protection, or negative constraint: or the right of the people peaceably to assemble","An action or effect contrary to the source-defined prohibition, protected right, or negative constraint is not constitutionally established under this mechanism.","FINAL-PRESERVED-EXACT","Preserved exact from 08D-04B2B2 under unchanged construction boundary.","08D-06V-CONSTRUCTION-LEVEL-COUNT","08D-04B2B2","NOT-YET-MATERIALIZED","UNASSESSED","UNASSESSED"
"US-CM-000221","US-AM-MECH-UNIT-000001","US-AM-ATOM-CAND-000001","1","","PRESERVED-US-CM-000221","US-AM-ATOM-000006","PRESERVE-EXISTING-BOUNDARY","US-CM-000221","F5","UNITED-STATES/CONGRESS/RIGHTS/PETITION","The Constitution establishes this prohibition, right-protection, or negative constraint: and to petition the Government for a redress of grievances.","An action or effect contrary to the source-defined prohibition, protected right, or negative constraint is not constitutionally established under this mechanism.","FINAL-PRESERVED-EXACT","Preserved exact from 08D-04B2B2 under unchanged construction boundary.","08D-06V-CONSTRUCTION-LEVEL-COUNT","08D-04B2B2","NOT-YET-MATERIALIZED","UNASSESSED","UNASSESSED"
"US-CM-000222","US-AM-MECH-UNIT-000002","US-AM-ATOM-CAND-000002","2","","PRESERVED-US-CM-000222","US-AM-ATOM-000007","PRESERVE-EXISTING-BOUNDARY","US-CM-000222","F5","UNITED-STATES/RIGHTS/KEEP-BEAR-ARMS","The Constitution establishes this prohibition, right-protection, or negative constraint: A well regulated Militia, being necessary to the security of a free State, the right of the people to keep and bear Arms, shall not be infringed.","An action or effect contrary to the source-defined prohibition, protected right, or negative constraint is not constitutionally established under this mechanism.","FINAL-PRESERVED-EXACT","Preserved exact from 08D-04B2B2 under unchanged construction boundary.","08D-06V-CONSTRUCTION-LEVEL-COUNT","08D-04B2B2","NOT-YET-MATERIALIZED","UNASSESSED","UNASSESSED"
"US-CM-000223","US-AM-MECH-UNIT-000003","US-AM-ATOM-CAND-000003","3","","PRESERVED-US-CM-000223","US-AM-ATOM-000008","PRESERVE-EXISTING-BOUNDARY","US-CM-000223","F5","UNITED-STATES/SOLDIER-QUARTERING/PEACE","The Constitution establishes this prohibition, right-protection, or negative constraint: No Soldier shall, in time of peace be quartered in any house, without the consent of the Owner","An action or effect contrary to the source-defined prohibition, protected right, or negative constraint is not constitutionally established under this mechanism.","FINAL-PRESERVED-EXACT","Preserved exact from 08D-04B2B2 under unchanged construction boundary.","08D-06V-CONSTRUCTION-LEVEL-COUNT","08D-04B2B2","NOT-YET-MATERIALIZED","UNASSESSED","UNASSESSED"
"US-CM-000224","US-AM-MECH-UNIT-000003","US-AM-ATOM-CAND-000003","3","","PRESERVED-US-CM-000224","US-AM-ATOM-000009","PRESERVE-EXISTING-BOUNDARY","US-CM-000224","F5","UNITED-STATES/SOLDIER-QUARTERING/WAR","The Constitution establishes this prohibition, right-protection, or negative constraint: nor in time of war, but in a manner to be prescribed by law.","An action or effect contrary to the source-defined prohibition, protected right, or negative constraint is not constitutionally established under this mechanism.","FINAL-PRESERVED-EXACT","Preserved exact from 08D-04B2B2 under unchanged construction boundary.","08D-06V-CONSTRUCTION-LEVEL-COUNT","08D-04B2B2","NOT-YET-MATERIALIZED","UNASSESSED","UNASSESSED"
"US-CM-000225","US-AM-MECH-UNIT-000004","US-AM-ATOM-CAND-000004","4","","PRESERVED-US-CM-000225","US-AM-ATOM-000010","PRESERVE-EXISTING-BOUNDARY","US-CM-000225","F5","UNITED-STATES/SEARCH-SEIZURE/UNREASONABLE","The Constitution establishes this prohibition, right-protection, or negative constraint: The right of the people to be secure in their persons, houses, papers, and effects, against unreasonable searches and seizures, shall not be violated","An action or effect contrary to the source-defined prohibition, protected right, or negative constraint is not constitutionally established under this mechanism.","FINAL-PRESERVED-EXACT","Preserved exact from 08D-04B2B2 under unchanged construction boundary.","08D-06V-CONSTRUCTION-LEVEL-COUNT","08D-04B2B2","NOT-YET-MATERIALIZED","UNASSESSED","UNASSESSED"
"US-CM-000226","US-AM-MECH-UNIT-000004","US-AM-ATOM-CAND-000004","4","","PRESERVED-US-CM-000226","US-AM-ATOM-000011","PRESERVE-EXISTING-BOUNDARY","US-CM-000226","F5","UNITED-STATES/WARRANTS/ISSUANCE-CONDITIONS","The Constitution establishes this prohibition, right-protection, or negative constraint: and no Warrants shall issue, but upon probable cause, supported by Oath or affirmation, and particularly describing the place to be searched, and the persons or things to be seized.","An action or effect contrary to the source-defined prohibition, protected right, or negative constraint is not constitutionally established under this mechanism.","FINAL-PRESERVED-EXACT","Preserved exact from 08D-04B2B2 under unchanged construction boundary.","08D-06V-CONSTRUCTION-LEVEL-COUNT","08D-04B2B2","NOT-YET-MATERIALIZED","UNASSESSED","UNASSESSED"
"US-CM-000227","US-AM-MECH-UNIT-000005","US-AM-ATOM-CAND-000005","5","","PRESERVED-US-CM-000227","US-AM-ATOM-000012","PRESERVE-EXISTING-BOUNDARY","US-CM-000227","F5","UNITED-STATES/CRIMINAL/GRAND-JURY","The Constitution establishes this prohibition, right-protection, or negative constraint: No person shall be held to answer for a capital, or otherwise infamous crime, unless on a presentment or indictment of a Grand Jury, except in cases arising in the land or naval forces, or in the Militia, when in actual service in time of War or public danger","An action or effect contrary to the source-defined prohibition, protected right, or negative constraint is not constitutionally established under this mechanism.","FINAL-PRESERVED-EXACT","Preserved exact from 08D-04B2B2 under unchanged construction boundary.","08D-06V-CONSTRUCTION-LEVEL-COUNT","08D-04B2B2","NOT-YET-MATERIALIZED","UNASSESSED","UNASSESSED"
"US-CM-000228","US-AM-MECH-UNIT-000005","US-AM-ATOM-CAND-000005","5","","PRESERVED-US-CM-000228","US-AM-ATOM-000013","PRESERVE-EXISTING-BOUNDARY","US-CM-000228","F5","UNITED-STATES/CRIMINAL/DOUBLE-JEOPARDY","The Constitution establishes this prohibition, right-protection, or negative constraint: nor shall any person be subject for the same offence to be twice put in jeopardy of life or limb","An action or effect contrary to the source-defined prohibition, protected right, or negative constraint is not constitutionally established under this mechanism.","FINAL-PRESERVED-EXACT","Preserved exact from 08D-04B2B2 under unchanged construction boundary.","08D-06V-CONSTRUCTION-LEVEL-COUNT","08D-04B2B2","NOT-YET-MATERIALIZED","UNASSESSED","UNASSESSED"
"US-CM-000229","US-AM-MECH-UNIT-000005","US-AM-ATOM-CAND-000005","5","","PRESERVED-US-CM-000229","US-AM-ATOM-000014","PRESERVE-EXISTING-BOUNDARY","US-CM-000229","F5","UNITED-STATES/CRIMINAL/SELF-INCRIMINATION","The Constitution establishes this prohibition, right-protection, or negative constraint: nor shall be compelled in any criminal case to be a witness against himself,","An action or effect contrary to the source-defined prohibition, protected right, or negative constraint is not constitutionally established under this mechanism.","FINAL-PRESERVED-EXACT","Preserved exact from 08D-04B2B2 under unchanged construction boundary.","08D-06V-CONSTRUCTION-LEVEL-COUNT","08D-04B2B2","NOT-YET-MATERIALIZED","UNASSESSED","UNASSESSED"
"US-CM-000230","US-AM-MECH-UNIT-000005","US-AM-ATOM-CAND-000005","5","","PRESERVED-US-CM-000230","US-AM-ATOM-000015","PRESERVE-EXISTING-BOUNDARY","US-CM-000230","F5","UNITED-STATES/DUE-PROCESS/LIFE-LIBERTY-PROPERTY","The Constitution establishes this prohibition, right-protection, or negative constraint: nor be deprived of life, liberty, or property, without due process of law","An action or effect contrary to the source-defined prohibition, protected right, or negative constraint is not constitutionally established under this mechanism.","FINAL-PRESERVED-EXACT","Preserved exact from 08D-04B2B2 under unchanged construction boundary.","08D-06V-CONSTRUCTION-LEVEL-COUNT","08D-04B2B2","NOT-YET-MATERIALIZED","UNASSESSED","UNASSESSED"
"US-CM-000231","US-AM-MECH-UNIT-000005","US-AM-ATOM-CAND-000005","5","","PRESERVED-US-CM-000231","US-AM-ATOM-000016","PRESERVE-EXISTING-BOUNDARY","US-CM-000231","F5","UNITED-STATES/TAKINGS/PUBLIC-USE/JUST-COMPENSATION","The Constitution establishes this prohibition, right-protection, or negative constraint: nor shall private property be taken for public use, without just compensation.","An action or effect contrary to the source-defined prohibition, protected right, or negative constraint is not constitutionally established under this mechanism.","FINAL-PRESERVED-EXACT","Preserved exact from 08D-04B2B2 under unchanged construction boundary.","08D-06V-CONSTRUCTION-LEVEL-COUNT","08D-04B2B2","NOT-YET-MATERIALIZED","UNASSESSED","UNASSESSED"
"US-CM-000232","US-AM-MECH-UNIT-000006","US-AM-ATOM-CAND-000006","6","","PRESERVED-US-CM-000232","US-AM-ATOM-000017","PRESERVE-EXISTING-BOUNDARY","US-CM-000232","F3","UNITED-STATES/CRIMINAL/TRIAL/SPEEDY-PUBLIC","The Constitution establishes this scoped power, duty, qualification, or procedural rule: In all criminal prosecutions, the accused shall enjoy the right to a speedy and public trial","The scoped power, duty, qualification, or procedure is not established outside the conditions and limits stated by this source.","FINAL-PRESERVED-EXACT","Preserved exact from 08D-04B2B2 under unchanged construction boundary.","08D-06V-CONSTRUCTION-LEVEL-COUNT","08D-04B2B2","NOT-YET-MATERIALIZED","UNASSESSED","UNASSESSED"
"US-CM-000233","US-AM-MECH-UNIT-000006","US-AM-ATOM-CAND-000006","6","","PRESERVED-US-CM-000233","US-AM-ATOM-000018","PRESERVE-EXISTING-BOUNDARY","US-CM-000233","F3","UNITED-STATES/CRIMINAL/JURY/VENUE","The Constitution establishes this scoped power, duty, qualification, or procedural rule: by an impartial jury of the State and district wherein the crime shall have been committed, which district shall have been previously ascertained by law","The scoped power, duty, qualification, or procedure is not established outside the conditions and limits stated by this source.","FINAL-PRESERVED-EXACT","Preserved exact from 08D-04B2B2 under unchanged construction boundary.","08D-06V-CONSTRUCTION-LEVEL-COUNT","08D-04B2B2","NOT-YET-MATERIALIZED","UNASSESSED","UNASSESSED"
"US-CM-000234","US-AM-MECH-UNIT-000006","US-AM-ATOM-CAND-000006","6","","PRESERVED-US-CM-000234","US-AM-ATOM-000019","PRESERVE-EXISTING-BOUNDARY","US-CM-000234","F3","UNITED-STATES/CRIMINAL/ACCUSATION/NOTICE","The Constitution establishes this scoped power, duty, qualification, or procedural rule: and to be informed of the nature and cause of the accusation","The scoped power, duty, qualification, or procedure is not established outside the conditions and limits stated by this source.","FINAL-PRESERVED-EXACT","Preserved exact from 08D-04B2B2 under unchanged construction boundary.","08D-06V-CONSTRUCTION-LEVEL-COUNT","08D-04B2B2","NOT-YET-MATERIALIZED","UNASSESSED","UNASSESSED"
"US-CM-000235","US-AM-MECH-UNIT-000006","US-AM-ATOM-CAND-000006","6","","PRESERVED-US-CM-000235","US-AM-ATOM-000020","PRESERVE-EXISTING-BOUNDARY","US-CM-000235","F3","UNITED-STATES/CRIMINAL/WITNESS-CONFRONTATION","The Constitution establishes this scoped power, duty, qualification, or procedural rule: to be confronted with the witnesses against him","The scoped power, duty, qualification, or procedure is not established outside the conditions and limits stated by this source.","FINAL-PRESERVED-EXACT","Preserved exact from 08D-04B2B2 under unchanged construction boundary.","08D-06V-CONSTRUCTION-LEVEL-COUNT","08D-04B2B2","NOT-YET-MATERIALIZED","UNASSESSED","UNASSESSED"
"US-CM-000236","US-AM-MECH-UNIT-000006","US-AM-ATOM-CAND-000006","6","","PRESERVED-US-CM-000236","US-AM-ATOM-000021","PRESERVE-EXISTING-BOUNDARY","US-CM-000236","F3","UNITED-STATES/CRIMINAL/COMPULSORY-PROCESS","The Constitution establishes this scoped power, duty, qualification, or procedural rule: to have compulsory process for obtaining witnesses in his favor","The scoped power, duty, qualification, or procedure is not established outside the conditions and limits stated by this source.","FINAL-PRESERVED-EXACT","Preserved exact from 08D-04B2B2 under unchanged construction boundary.","08D-06V-CONSTRUCTION-LEVEL-COUNT","08D-04B2B2","NOT-YET-MATERIALIZED","UNASSESSED","UNASSESSED"
"US-CM-000237","US-AM-MECH-UNIT-000006","US-AM-ATOM-CAND-000006","6","","PRESERVED-US-CM-000237","US-AM-ATOM-000022","PRESERVE-EXISTING-BOUNDARY","US-CM-000237","F3","UNITED-STATES/CRIMINAL/ASSISTANCE-OF-COUNSEL","The Constitution establishes this scoped power, duty, qualification, or procedural rule: and to have the Assistance of Counsel for his defence.","The scoped power, duty, qualification, or procedure is not established outside the conditions and limits stated by this source.","FINAL-PRESERVED-EXACT","Preserved exact from 08D-04B2B2 under unchanged construction boundary.","08D-06V-CONSTRUCTION-LEVEL-COUNT","08D-04B2B2","NOT-YET-MATERIALIZED","UNASSESSED","UNASSESSED"
"US-CM-000238","US-AM-MECH-UNIT-000007","US-AM-ATOM-CAND-000007","7","","PRESERVED-US-CM-000238","US-AM-ATOM-000023","PRESERVE-EXISTING-BOUNDARY","US-CM-000238","F3","UNITED-STATES/CIVIL/JURY-TRIAL","The Constitution establishes this scoped power, duty, qualification, or procedural rule: In Suits at common law, where the value in controversy shall exceed twenty dollars, the right of trial by jury shall be preserved","The scoped power, duty, qualification, or procedure is not established outside the conditions and limits stated by this source.","FINAL-PRESERVED-EXACT","Preserved exact from 08D-04B2B2 under unchanged construction boundary.","08D-06V-CONSTRUCTION-LEVEL-COUNT","08D-04B2B2","NOT-YET-MATERIALIZED","UNASSESSED","UNASSESSED"
"US-CM-000239","US-AM-MECH-UNIT-000007","US-AM-ATOM-CAND-000007","7","","PRESERVED-US-CM-000239","US-AM-ATOM-000024","PRESERVE-EXISTING-BOUNDARY","US-CM-000239","F5","UNITED-STATES/CIVIL/JURY-FACT-REEXAMINATION","The Constitution establishes this prohibition, right-protection, or negative constraint: and no fact tried by a jury, shall be otherwise re-examined in any Court of the United States, than according to the rules of the common law.","An action or effect contrary to the source-defined prohibition, protected right, or negative constraint is not constitutionally established under this mechanism.","FINAL-PRESERVED-EXACT","Preserved exact from 08D-04B2B2 under unchanged construction boundary.","08D-06V-CONSTRUCTION-LEVEL-COUNT","08D-04B2B2","NOT-YET-MATERIALIZED","UNASSESSED","UNASSESSED"
"US-CM-000240","US-AM-MECH-UNIT-000008","US-AM-ATOM-CAND-000008","8","","PRESERVED-US-CM-000240","US-AM-ATOM-000025","PRESERVE-EXISTING-BOUNDARY","US-CM-000240","F5","UNITED-STATES/BAIL/EXCESSIVE","The Constitution establishes this prohibition, right-protection, or negative constraint: Excessive bail shall not be required","An action or effect contrary to the source-defined prohibition, protected right, or negative constraint is not constitutionally established under this mechanism.","FINAL-PRESERVED-EXACT","Preserved exact from 08D-04B2B2 under unchanged construction boundary.","08D-06V-CONSTRUCTION-LEVEL-COUNT","08D-04B2B2","NOT-YET-MATERIALIZED","UNASSESSED","UNASSESSED"
"US-CM-000241","US-AM-MECH-UNIT-000008","US-AM-ATOM-CAND-000008","8","","PRESERVED-US-CM-000241","US-AM-ATOM-000026","PRESERVE-EXISTING-BOUNDARY","US-CM-000241","F5","UNITED-STATES/FINES/EXCESSIVE","The Constitution establishes this prohibition, right-protection, or negative constraint: nor excessive fines imposed","An action or effect contrary to the source-defined prohibition, protected right, or negative constraint is not constitutionally established under this mechanism.","FINAL-PRESERVED-EXACT","Preserved exact from 08D-04B2B2 under unchanged construction boundary.","08D-06V-CONSTRUCTION-LEVEL-COUNT","08D-04B2B2","NOT-YET-MATERIALIZED","UNASSESSED","UNASSESSED"
"US-CM-000242","US-AM-MECH-UNIT-000008","US-AM-ATOM-CAND-000008","8","","PRESERVED-US-CM-000242","US-AM-ATOM-000027","PRESERVE-EXISTING-BOUNDARY","US-CM-000242","F5","UNITED-STATES/PUNISHMENT/CRUEL-UNUSUAL","The Constitution establishes this prohibition, right-protection, or negative constraint: nor cruel and unusual punishments inflicted.","An action or effect contrary to the source-defined prohibition, protected right, or negative constraint is not constitutionally established under this mechanism.","FINAL-PRESERVED-EXACT","Preserved exact from 08D-04B2B2 under unchanged construction boundary.","08D-06V-CONSTRUCTION-LEVEL-COUNT","08D-04B2B2","NOT-YET-MATERIALIZED","UNASSESSED","UNASSESSED"
"US-CM-000243","US-AM-MECH-UNIT-000009","US-AM-ATOM-CAND-000009","9","","PRESERVED-US-CM-000243","US-AM-ATOM-000028","PRESERVE-EXISTING-BOUNDARY","US-CM-000243","F5","UNITED-STATES/RIGHTS/UNENUMERATED","The Constitution establishes this prohibition, right-protection, or negative constraint: The enumeration in the Constitution, of certain rights, shall not be construed to deny or disparage others retained by the people.","An action or effect contrary to the source-defined prohibition, protected right, or negative constraint is not constitutionally established under this mechanism.","FINAL-PRESERVED-EXACT","Preserved exact from 08D-04B2B2 under unchanged construction boundary.","08D-06V-CONSTRUCTION-LEVEL-COUNT","08D-04B2B2","NOT-YET-MATERIALIZED","UNASSESSED","UNASSESSED"
"US-CM-000244","US-AM-MECH-UNIT-000010","US-AM-ATOM-CAND-000010","10","","PRESERVED-US-CM-000244","US-AM-ATOM-000029","PRESERVE-EXISTING-BOUNDARY","US-CM-000244","F6","UNITED-STATES/FEDERALISM/RESERVED-POWERS","The Constitution establishes this jurisdictional, federalism, status, or allocation boundary: The powers not delegated to the United States by the Constitution, nor prohibited by it to the States, are reserved to the States respectively, or to the people.","The constitutional effect is not established outside the source-defined jurisdiction, status, allocation, or federalism boundary.","FINAL-PRESERVED-EXACT","Preserved exact from 08D-04B2B2 under unchanged construction boundary.","08D-06V-CONSTRUCTION-LEVEL-COUNT","08D-04B2B2","NOT-YET-MATERIALIZED","UNASSESSED","UNASSESSED"
"US-CM-000245","US-AM-MECH-UNIT-000011","US-AM-ATOM-CAND-000011","11","","PRESERVED-US-CM-000245","US-AM-ATOM-000030","PRESERVE-EXISTING-BOUNDARY","US-CM-000245","F6","UNITED-STATES/JUDICIAL-POWER/STATE-SOVEREIGNTY","The Constitution establishes this jurisdictional, federalism, status, or allocation boundary: The Judicial power of the United States shall not be construed to extend to any suit in law or equity, commenced or prosecuted against one of the United States by Citizens of another State, or by Citizens or Subjects of any Foreign State.","The constitutional effect is not established outside the source-defined jurisdiction, status, allocation, or federalism boundary.","FINAL-PRESERVED-EXACT","Preserved exact from 08D-04B2B2 under unchanged construction boundary.","08D-06V-CONSTRUCTION-LEVEL-COUNT","08D-04B2B2","NOT-YET-MATERIALIZED","UNASSESSED","UNASSESSED"
"US-CM-000246","US-AM-MECH-UNIT-000012","US-AM-ATOM-CAND-000012","12","","ELECTOR-MEETING-VOTING","US-AM-ATOM-000031","SPLIT-PRIOR-BOUNDARY","US-CM-000246","F3","UNITED-STATES/PRESIDENTIAL-ELECTION/ELECTORS/MEETING-VOTING","The Constitution establishes this scoped procedural rule: Electors shall meet in their respective states and vote by ballot for President and Vice-President.","The elector meeting and voting procedure is not established outside the source-defined actors, offices, ballot method, and respective-state setting.","FINAL-CHANGED-BOUNDARY-ADJUDICATED","The meeting-and-voting duty is independently operative from the same-state inhabitancy constraint contained in the same prior child atom.","08D-06V-CONSTRUCTION-LEVEL-COUNT","08D-06X-CHANGED-BOUNDARY-SEMANTIC-ADJUDICATION","NOT-YET-MATERIALIZED","UNASSESSED","UNASSESSED"
"US-CM-000247","US-AM-MECH-UNIT-000012","US-AM-ATOM-CAND-000012","12","","ELECTOR-SAME-STATE-INHABITANCY-CONSTRAINT","US-AM-ATOM-000031","SPLIT-PRIOR-BOUNDARY","US-CM-000246","F5","UNITED-STATES/PRESIDENTIAL-ELECTION/ELECTORS/MEETING-VOTING","The Constitution establishes this negative constraint: at least one of the persons voted for as President and Vice-President shall not be an inhabitant of the same state as the electors.","An elector slate is not constitutionally established under this mechanism if both persons voted for are inhabitants of the same state as the electors.","FINAL-CHANGED-BOUNDARY-ADJUDICATED","The inhabitancy restriction is a distinct negative constraint embedded within the prior combined elector-voting boundary.","08D-06V-CONSTRUCTION-LEVEL-COUNT","08D-06X-CHANGED-BOUNDARY-SEMANTIC-ADJUDICATION","NOT-YET-MATERIALIZED","UNASSESSED","UNASSESSED"
"US-CM-000248","US-AM-MECH-UNIT-000012","US-AM-ATOM-CAND-000012","12","","DISTINCT-BALLOTS","US-AM-ATOM-000032","PRESERVE-EXISTING-BOUNDARY","US-CM-000247","F3","UNITED-STATES/PRESIDENTIAL-ELECTION/ELECTORS/DISTINCT-BALLOTS","The Constitution establishes this scoped power, duty, qualification, or procedural rule: they shall name in their ballots the person voted for as President, and in distinct ballots the person voted for as Vice-President","The scoped power, duty, qualification, or procedure is not established outside the conditions and limits stated by this source.","FINAL-PRESERVED-EXACT","Preserved exact from 08D-04B2B2 under unchanged construction boundary.","08D-06V-CONSTRUCTION-LEVEL-COUNT","08D-04B2B2","NOT-YET-MATERIALIZED","UNASSESSED","UNASSESSED"
"US-CM-000249","US-AM-MECH-UNIT-000012","US-AM-ATOM-CAND-000012","12","","VOTE-LISTS","US-AM-ATOM-000033","PRESERVE-EXISTING-BOUNDARY","US-CM-000248","F3","UNITED-STATES/PRESIDENTIAL-ELECTION/ELECTORS/VOTE-LISTS","The Constitution establishes this scoped power, duty, qualification, or procedural rule: and they shall make distinct lists of all persons voted for as President, and of all persons voted for as Vice-President, and of the number of votes for each","The scoped power, duty, qualification, or procedure is not established outside the conditions and limits stated by this source.","FINAL-PRESERVED-EXACT","Preserved exact from 08D-04B2B2 under unchanged construction boundary.","08D-06V-CONSTRUCTION-LEVEL-COUNT","08D-04B2B2","NOT-YET-MATERIALIZED","UNASSESSED","UNASSESSED"
"US-CM-000250","US-AM-MECH-UNIT-000012","US-AM-ATOM-CAND-000012","12","","CERTIFY-TRANSMIT","US-AM-ATOM-000034","PRESERVE-EXISTING-BOUNDARY","US-CM-000249","F3","UNITED-STATES/PRESIDENTIAL-ELECTION/ELECTORS/CERTIFICATION-TRANSMISSION","The Constitution establishes this scoped power, duty, qualification, or procedural rule: which lists they shall sign and certify, and transmit sealed to the seat of the government of the United States, directed to the President of the Senate","The scoped power, duty, qualification, or procedure is not established outside the conditions and limits stated by this source.","FINAL-PRESERVED-EXACT","Preserved exact from 08D-04B2B2 under unchanged construction boundary.","08D-06V-CONSTRUCTION-LEVEL-COUNT","08D-04B2B2","NOT-YET-MATERIALIZED","UNASSESSED","UNASSESSED"
"US-CM-000251","US-AM-MECH-UNIT-000012","US-AM-ATOM-CAND-000012","12","","CERTIFICATE-OPENING","US-AM-ATOM-000035","PRESERVE-EXISTING-BOUNDARY","US-CM-000250","F3","UNITED-STATES/PRESIDENTIAL-ELECTION/CERTIFICATES/OPENING","The Constitution establishes this scoped power, duty, qualification, or procedural rule: -- the President of the Senate shall, in the presence of the Senate and House of Representatives, open all the certificates","The scoped power, duty, qualification, or procedure is not established outside the conditions and limits stated by this source.","FINAL-PRESERVED-EXACT","Preserved exact from 08D-04B2B2 under unchanged construction boundary.","08D-06V-CONSTRUCTION-LEVEL-COUNT","08D-04B2B2","NOT-YET-MATERIALIZED","UNASSESSED","UNASSESSED"
"US-CM-000252","US-AM-MECH-UNIT-000012","US-AM-ATOM-CAND-000012","12","","VOTE-COUNT","US-AM-ATOM-000036","PRESERVE-EXISTING-BOUNDARY","US-CM-000251","F3","UNITED-STATES/PRESIDENTIAL-ELECTION/VOTE-COUNT","The Constitution establishes this scoped power, duty, qualification, or procedural rule: and the votes shall then be counted","The scoped power, duty, qualification, or procedure is not established outside the conditions and limits stated by this source.","FINAL-PRESERVED-EXACT","Preserved exact from 08D-04B2B2 under unchanged construction boundary.","08D-06V-CONSTRUCTION-LEVEL-COUNT","08D-04B2B2","NOT-YET-MATERIALIZED","UNASSESSED","UNASSESSED"
"US-CM-000253","US-AM-MECH-UNIT-000012","US-AM-ATOM-CAND-000012","12","","PRESIDENT-MAJORITY","US-AM-ATOM-000037","PRESERVE-EXISTING-BOUNDARY","US-CM-000252","F4","UNITED-STATES/PRESIDENTIAL-ELECTION/PRESIDENT/MAJORITY-SELECTION","The Constitution establishes this concurrence, quorum, majority, or threshold rule: -- The person having the greatest number of votes for President, shall be the President, if such number be a majority of the whole number of Electors appointed","The constitutional effect is not established unless the source-defined concurrence, quorum, majority, or threshold condition is satisfied.","FINAL-PRESERVED-EXACT","Preserved exact from 08D-04B2B2 under unchanged construction boundary.","08D-06V-CONSTRUCTION-LEVEL-COUNT","08D-04B2B2","NOT-YET-MATERIALIZED","UNASSESSED","UNASSESSED"
"US-CM-000254","US-AM-MECH-UNIT-000012","US-AM-ATOM-CAND-000012","12","","HOUSE-CONTINGENT-SELECTION","US-AM-ATOM-000038","PRESERVE-EXISTING-BOUNDARY","US-CM-000253","F3","UNITED-STATES/PRESIDENTIAL-ELECTION/HOUSE/CONTINGENT-SELECTION","The Constitution establishes this scoped power, duty, qualification, or procedural rule: and if no person have such majority, then from the persons having the highest numbers not exceeding three on the list of those voted for as President, the House of Representatives shall choose immediately, by ballot, the President","The scoped power, duty, qualification, or procedure is not established outside the conditions and limits stated by this source.","FINAL-PRESERVED-EXACT","Preserved exact from 08D-04B2B2 under unchanged construction boundary.","08D-06V-CONSTRUCTION-LEVEL-COUNT","08D-04B2B2","NOT-YET-MATERIALIZED","UNASSESSED","UNASSESSED"
"US-CM-000255","US-AM-MECH-UNIT-000012","US-AM-ATOM-CAND-000012","12","","HOUSE-STATE-VOTE","US-AM-ATOM-000039","PRESERVE-EXISTING-BOUNDARY","US-CM-000254","F4","UNITED-STATES/PRESIDENTIAL-ELECTION/HOUSE/STATE-VOTING","The Constitution establishes this concurrence, quorum, majority, or threshold rule: But in choosing the President, the votes shall be taken by states, the representation from each state having one vote","The constitutional effect is not established unless the source-defined concurrence, quorum, majority, or threshold condition is satisfied.","FINAL-PRESERVED-EXACT","Preserved exact from 08D-04B2B2 under unchanged construction boundary.","08D-06V-CONSTRUCTION-LEVEL-COUNT","08D-04B2B2","NOT-YET-MATERIALIZED","UNASSESSED","UNASSESSED"
"US-CM-000256","US-AM-MECH-UNIT-000012","US-AM-ATOM-CAND-000012","12","","HOUSE-QUORUM","US-AM-ATOM-000040","PRESERVE-EXISTING-BOUNDARY","US-CM-000255","F4","UNITED-STATES/PRESIDENTIAL-ELECTION/HOUSE/QUORUM","The Constitution establishes this concurrence, quorum, majority, or threshold rule: a quorum for this purpose shall consist of a member or members from two-thirds of the states","The constitutional effect is not established unless the source-defined concurrence, quorum, majority, or threshold condition is satisfied.","FINAL-PRESERVED-EXACT","Preserved exact from 08D-04B2B2 under unchanged construction boundary.","08D-06V-CONSTRUCTION-LEVEL-COUNT","08D-04B2B2","NOT-YET-MATERIALIZED","UNASSESSED","UNASSESSED"
"US-CM-000257","US-AM-MECH-UNIT-000012","US-AM-ATOM-CAND-000012","12","","HOUSE-MAJORITY","US-AM-ATOM-000041","PRESERVE-EXISTING-BOUNDARY","US-CM-000256","F4","UNITED-STATES/PRESIDENTIAL-ELECTION/HOUSE/CHOICE-THRESHOLD","The Constitution establishes this concurrence, quorum, majority, or threshold rule: and a majority of all the states shall be necessary to a choice","The constitutional effect is not established unless the source-defined concurrence, quorum, majority, or threshold condition is satisfied.","FINAL-PRESERVED-EXACT","Preserved exact from 08D-04B2B2 under unchanged construction boundary.","08D-06V-CONSTRUCTION-LEVEL-COUNT","08D-04B2B2","NOT-YET-MATERIALIZED","UNASSESSED","UNASSESSED"
"US-CM-000258","US-AM-MECH-UNIT-000012","US-AM-ATOM-CAND-000012","12","","HOUSE-FAILURE-ACTING-PRESIDENT","US-AM-ATOM-000042","PRESERVE-EXISTING-BOUNDARY","US-CM-000257","F3","UNITED-STATES/PRESIDENTIAL-ELECTION/HOUSE/FAILURE-TO-CHOOSE/TRANSITION","The Constitution establishes this scoped power, duty, qualification, or procedural rule: [And if the House of Representatives shall not choose a President whenever the right of choice shall devolve upon them, before the fourth day of March next following, then the Vice-President shall act as President, as in the case of the death or other constitutional disability of the President. --]*","The scoped power, duty, qualification, or procedure is not established outside the conditions and limits stated by this source.","FINAL-PRESERVED-EXACT","Preserved exact from 08D-04B2B2 under unchanged construction boundary.","08D-06V-CONSTRUCTION-LEVEL-COUNT","08D-04B2B2","NOT-YET-MATERIALIZED","UNASSESSED","UNASSESSED"
"US-CM-000259","US-AM-MECH-UNIT-000012","US-AM-ATOM-CAND-000012","12","","VICE-PRESIDENT-MAJORITY","US-AM-ATOM-000043","PRESERVE-EXISTING-BOUNDARY","US-CM-000258","F4","UNITED-STATES/PRESIDENTIAL-ELECTION/VICE-PRESIDENT/MAJORITY-SELECTION","The Constitution establishes this concurrence, quorum, majority, or threshold rule: The person having the greatest number of votes as Vice-President, shall be the Vice-President, if such number be a majority of the whole number of Electors appointed","The constitutional effect is not established unless the source-defined concurrence, quorum, majority, or threshold condition is satisfied.","FINAL-PRESERVED-EXACT","Preserved exact from 08D-04B2B2 under unchanged construction boundary.","08D-06V-CONSTRUCTION-LEVEL-COUNT","08D-04B2B2","NOT-YET-MATERIALIZED","UNASSESSED","UNASSESSED"
"US-CM-000260","US-AM-MECH-UNIT-000012","US-AM-ATOM-CAND-000012","12","","SENATE-CONTINGENT-SELECTION","US-AM-ATOM-000044","SPLIT-PRIOR-BOUNDARY","US-CM-000259","F3","UNITED-STATES/PRESIDENTIAL-ELECTION/SENATE/CONTINGENT-SELECTION","The Constitution establishes this scoped selection procedure: if no person has a majority for Vice-President, the Senate shall choose the Vice-President from the two highest numbers on the list.","The Senate contingent-selection procedure is not established unless no person has the required majority and the selection is confined to the two highest numbers on the Vice-Presidential list.","FINAL-CHANGED-BOUNDARY-ADJUDICATED","Selection authority is independently operative from the quorum and majority thresholds previously combined in the same source child.","08D-06V-CONSTRUCTION-LEVEL-COUNT","08D-06X-CHANGED-BOUNDARY-SEMANTIC-ADJUDICATION","NOT-YET-MATERIALIZED","UNASSESSED","UNASSESSED"
"US-CM-000261","US-AM-MECH-UNIT-000012","US-AM-ATOM-CAND-000012","12","","SENATE-QUORUM","US-AM-ATOM-000044","SPLIT-PRIOR-BOUNDARY","US-CM-000259","F4","UNITED-STATES/PRESIDENTIAL-ELECTION/SENATE/CONTINGENT-SELECTION","The Constitution establishes this quorum rule: a quorum for the Senate's contingent choice of Vice-President shall consist of two-thirds of the whole number of Senators.","The Senate contingent Vice-Presidential choice is not established under this quorum mechanism when fewer than two-thirds of the whole number of Senators constitute the quorum.","FINAL-CHANGED-BOUNDARY-ADJUDICATED","The source independently states a Senate quorum threshold within the prior combined contingent-election boundary.","08D-06V-CONSTRUCTION-LEVEL-COUNT","08D-06X-CHANGED-BOUNDARY-SEMANTIC-ADJUDICATION","NOT-YET-MATERIALIZED","UNASSESSED","UNASSESSED"
"US-CM-000262","US-AM-MECH-UNIT-000012","US-AM-ATOM-CAND-000012","12","","SENATE-MAJORITY","US-AM-ATOM-000044","SPLIT-PRIOR-BOUNDARY","US-CM-000259","F4","UNITED-STATES/PRESIDENTIAL-ELECTION/SENATE/CONTINGENT-SELECTION","The Constitution establishes this concurrence threshold: a majority of the whole number of Senators is necessary to choose the Vice-President in the Senate contingent procedure.","The Senate contingent Vice-Presidential choice is not established under this threshold mechanism without a majority of the whole number of Senators.","FINAL-CHANGED-BOUNDARY-ADJUDICATED","The source independently states a Senate decision threshold separate from the contingent-selection authority and quorum.","08D-06V-CONSTRUCTION-LEVEL-COUNT","08D-06X-CHANGED-BOUNDARY-SEMANTIC-ADJUDICATION","NOT-YET-MATERIALIZED","UNASSESSED","UNASSESSED"
"US-CM-000263","US-AM-MECH-UNIT-000012","US-AM-ATOM-CAND-000012","12","","VICE-PRESIDENT-ELIGIBILITY","US-AM-ATOM-000045","PRESERVE-EXISTING-BOUNDARY","US-CM-000260","F3","UNITED-STATES/VICE-PRESIDENT/ELIGIBILITY","The Constitution establishes this scoped power, duty, qualification, or procedural rule: But no person constitutionally ineligible to the office of President shall be eligible to that of Vice-President of the United States.","The scoped power, duty, qualification, or procedure is not established outside the conditions and limits stated by this source.","FINAL-PRESERVED-EXACT","Preserved exact from 08D-04B2B2 under unchanged construction boundary.","08D-06V-CONSTRUCTION-LEVEL-COUNT","08D-04B2B2","NOT-YET-MATERIALIZED","UNASSESSED","UNASSESSED"
"US-CM-000264","US-AM-MECH-UNIT-000013","US-AM-ATOM-CAND-000013","13","1","PRESERVED-US-CM-000261","US-AM-ATOM-000046","PRESERVE-EXISTING-BOUNDARY","US-CM-000261","F5","UNITED-STATES/SLAVERY/PROHIBITION","The Constitution establishes this prohibition, right-protection, or negative constraint: Neither slavery","An action or effect contrary to the source-defined prohibition, protected right, or negative constraint is not constitutionally established under this mechanism.","FINAL-PRESERVED-EXACT","Preserved exact from 08D-04B2B2 under unchanged construction boundary.","08D-06V-CONSTRUCTION-LEVEL-COUNT","08D-04B2B2","NOT-YET-MATERIALIZED","UNASSESSED","UNASSESSED"
"US-CM-000265","US-AM-MECH-UNIT-000013","US-AM-ATOM-CAND-000013","13","1","PRESERVED-US-CM-000262","US-AM-ATOM-000047","PRESERVE-EXISTING-BOUNDARY","US-CM-000262","F5","UNITED-STATES/INVOLUNTARY-SERVITUDE/PROHIBITION-EXCEPTION","The Constitution establishes this prohibition, right-protection, or negative constraint: nor involuntary servitude, except as a punishment for crime whereof the party shall have been duly convicted, shall exist within the United States, or any place subject to their jurisdiction.","An action or effect contrary to the source-defined prohibition, protected right, or negative constraint is not constitutionally established under this mechanism.","FINAL-PRESERVED-EXACT","Preserved exact from 08D-04B2B2 under unchanged construction boundary.","08D-06V-CONSTRUCTION-LEVEL-COUNT","08D-04B2B2","NOT-YET-MATERIALIZED","UNASSESSED","UNASSESSED"
"US-CM-000266","US-AM-MECH-UNIT-000014","US-AM-ATOM-CAND-000014","13","2","PRESERVED-US-CM-000263","US-AM-ATOM-000048","PRESERVE-EXISTING-BOUNDARY","US-CM-000263","F3","UNITED-STATES/CONGRESS/AMENDMENT-13/ENFORCEMENT","The Constitution establishes this scoped power, duty, qualification, or procedural rule: Congress shall have power to enforce this article by appropriate legislation.","The scoped power, duty, qualification, or procedure is not established outside the conditions and limits stated by this source.","FINAL-PRESERVED-EXACT","Preserved exact from 08D-04B2B2 under unchanged construction boundary.","08D-06V-CONSTRUCTION-LEVEL-COUNT","08D-04B2B2","NOT-YET-MATERIALIZED","UNASSESSED","UNASSESSED"
"US-CM-000267","US-AM-MECH-UNIT-000015","US-AM-ATOM-CAND-000015","14","1","PRESERVED-US-CM-000264","US-AM-ATOM-000049","PRESERVE-EXISTING-BOUNDARY","US-CM-000264","F6","UNITED-STATES/CITIZENSHIP/BIRTH-NATURALIZATION","The Constitution establishes this jurisdictional, federalism, status, or allocation boundary: All persons born or naturalized in the United States, and subject to the jurisdiction thereof, are citizens of the United States and of the State wherein they reside.","The constitutional effect is not established outside the source-defined jurisdiction, status, allocation, or federalism boundary.","FINAL-PRESERVED-EXACT","Preserved exact from 08D-04B2B2 under unchanged construction boundary.","08D-06V-CONSTRUCTION-LEVEL-COUNT","08D-04B2B2","NOT-YET-MATERIALIZED","UNASSESSED","UNASSESSED"
"US-CM-000268","US-AM-MECH-UNIT-000015","US-AM-ATOM-CAND-000015","14","1","PRESERVED-US-CM-000265","US-AM-ATOM-000050","PRESERVE-EXISTING-BOUNDARY","US-CM-000265","F5","UNITED-STATES/STATES/PRIVILEGES-IMMUNITIES","The Constitution establishes this prohibition, right-protection, or negative constraint: No State shall make or enforce any law which shall abridge the privileges or immunities of citizens of the United States","An action or effect contrary to the source-defined prohibition, protected right, or negative constraint is not constitutionally established under this mechanism.","FINAL-PRESERVED-EXACT","Preserved exact from 08D-04B2B2 under unchanged construction boundary.","08D-06V-CONSTRUCTION-LEVEL-COUNT","08D-04B2B2","NOT-YET-MATERIALIZED","UNASSESSED","UNASSESSED"
"US-CM-000269","US-AM-MECH-UNIT-000015","US-AM-ATOM-CAND-000015","14","1","PRESERVED-US-CM-000266","US-AM-ATOM-000051","PRESERVE-EXISTING-BOUNDARY","US-CM-000266","F5","UNITED-STATES/STATES/DUE-PROCESS","The Constitution establishes this prohibition, right-protection, or negative constraint: nor shall any State deprive any person of life, liberty, or property, without due process of law","An action or effect contrary to the source-defined prohibition, protected right, or negative constraint is not constitutionally established under this mechanism.","FINAL-PRESERVED-EXACT","Preserved exact from 08D-04B2B2 under unchanged construction boundary.","08D-06V-CONSTRUCTION-LEVEL-COUNT","08D-04B2B2","NOT-YET-MATERIALIZED","UNASSESSED","UNASSESSED"
"US-CM-000270","US-AM-MECH-UNIT-000015","US-AM-ATOM-CAND-000015","14","1","PRESERVED-US-CM-000267","US-AM-ATOM-000052","PRESERVE-EXISTING-BOUNDARY","US-CM-000267","F5","UNITED-STATES/STATES/EQUAL-PROTECTION","The Constitution establishes this prohibition, right-protection, or negative constraint: nor deny to any person within its jurisdiction the equal protection of the laws.","An action or effect contrary to the source-defined prohibition, protected right, or negative constraint is not constitutionally established under this mechanism.","FINAL-PRESERVED-EXACT","Preserved exact from 08D-04B2B2 under unchanged construction boundary.","08D-06V-CONSTRUCTION-LEVEL-COUNT","08D-04B2B2","NOT-YET-MATERIALIZED","UNASSESSED","UNASSESSED"
"US-CM-000271","US-AM-MECH-UNIT-000016","US-AM-ATOM-CAND-000016","14","2","PRESERVED-US-CM-000268","US-AM-ATOM-000053","PRESERVE-EXISTING-BOUNDARY","US-CM-000268","F6","UNITED-STATES/STATES/REPRESENTATION/APPORTIONMENT","The Constitution establishes this jurisdictional, federalism, status, or allocation boundary: Representatives shall be apportioned among the several States according to their respective numbers, counting the whole number of persons in each State, excluding Indians not taxed.","The constitutional effect is not established outside the source-defined jurisdiction, status, allocation, or federalism boundary.","FINAL-PRESERVED-EXACT","Preserved exact from 08D-04B2B2 under unchanged construction boundary.","08D-06V-CONSTRUCTION-LEVEL-COUNT","08D-04B2B2","NOT-YET-MATERIALIZED","UNASSESSED","UNASSESSED"
"US-CM-000272","US-AM-MECH-UNIT-000016","US-AM-ATOM-CAND-000016","14","2","PRESERVED-US-CM-000269","US-AM-ATOM-000054","PRESERVE-EXISTING-BOUNDARY","US-CM-000269","F6","UNITED-STATES/STATES/REPRESENTATION/VOTING-ABRIDGMENT-REDUCTION","The Constitution establishes this jurisdictional, federalism, status, or allocation boundary: But when the right to vote at any election for the choice of electors for President and Vice-President of the United States, Representatives in Congress, the Executive and Judicial officers of a State, or the members of the Legislature thereof, is denied to any of the male inhabitants of such State, being twenty-one years of age,* and citizens of the United States, or in any way abridged, except for participation in rebellion, or other crime, the basis of representation therein shall be reduced in the proportion which the number of such male citizens shall bear to the whole number of male citizens twenty-one years of age in such State.","The constitutional effect is not established outside the source-defined jurisdiction, status, allocation, or federalism boundary.","FINAL-PRESERVED-EXACT","Preserved exact from 08D-04B2B2 under unchanged construction boundary.","08D-06V-CONSTRUCTION-LEVEL-COUNT","08D-04B2B2","NOT-YET-MATERIALIZED","UNASSESSED","UNASSESSED"
"US-CM-000273","US-AM-MECH-UNIT-000017","US-AM-ATOM-CAND-000017","14","3","PRESERVED-US-CM-000270","US-AM-ATOM-000055","PRESERVE-EXISTING-BOUNDARY","US-CM-000270","F5","UNITED-STATES/OFFICE/INSURRECTION-DISABILITY","The Constitution establishes this prohibition, right-protection, or negative constraint: No person shall be a Senator or Representative in Congress, or elector of President and Vice-President, or hold any office, civil or military, under the United States, or under any State, who, having previously taken an oath, as a member of Congress, or as an officer of the United States, or as a member of any State legislature, or as an executive or judicial officer of any State, to support the Constitution of the United States, shall have engaged in insurrection or rebellion against the same, or given aid or comfort to the enemies thereof.","An action or effect contrary to the source-defined prohibition, protected right, or negative constraint is not constitutionally established under this mechanism.","FINAL-PRESERVED-EXACT","Preserved exact from 08D-04B2B2 under unchanged construction boundary.","08D-06V-CONSTRUCTION-LEVEL-COUNT","08D-04B2B2","NOT-YET-MATERIALIZED","UNASSESSED","UNASSESSED"
"US-CM-000274","US-AM-MECH-UNIT-000017","US-AM-ATOM-CAND-000017","14","3","PRESERVED-US-CM-000271","US-AM-ATOM-000056","PRESERVE-EXISTING-BOUNDARY","US-CM-000271","F4","UNITED-STATES/CONGRESS/INSURRECTION-DISABILITY/REMOVAL","The Constitution establishes this concurrence, quorum, majority, or threshold rule: But Congress may by a vote of two-thirds of each House, remove such disability.","The constitutional effect is not established unless the source-defined concurrence, quorum, majority, or threshold condition is satisfied.","FINAL-PRESERVED-EXACT","Preserved exact from 08D-04B2B2 under unchanged construction boundary.","08D-06V-CONSTRUCTION-LEVEL-COUNT","08D-04B2B2","NOT-YET-MATERIALIZED","UNASSESSED","UNASSESSED"
"US-CM-000275","US-AM-MECH-UNIT-000018","US-AM-ATOM-CAND-000018","14","4","PRESERVED-US-CM-000272","US-AM-ATOM-000057","PRESERVE-EXISTING-BOUNDARY","US-CM-000272","F5","UNITED-STATES/PUBLIC-DEBT/VALIDITY","The Constitution establishes this prohibition, right-protection, or negative constraint: The validity of the public debt of the United States, authorized by law, including debts incurred for payment of pensions and bounties for services in suppressing insurrection or rebellion, shall not be questioned.","An action or effect contrary to the source-defined prohibition, protected right, or negative constraint is not constitutionally established under this mechanism.","FINAL-PRESERVED-EXACT","Preserved exact from 08D-04B2B2 under unchanged construction boundary.","08D-06V-CONSTRUCTION-LEVEL-COUNT","08D-04B2B2","NOT-YET-MATERIALIZED","UNASSESSED","UNASSESSED"
"US-CM-000276","US-AM-MECH-UNIT-000018","US-AM-ATOM-CAND-000018","14","4","PRESERVED-US-CM-000273","US-AM-ATOM-000058","PRESERVE-EXISTING-BOUNDARY","US-CM-000273","F5","UNITED-STATES/INSURRECTION-DEBT/PAYMENT-PROHIBITION","The Constitution establishes this prohibition, right-protection, or negative constraint: But neither the United States nor any State shall assume or pay any debt or obligation incurred in aid of insurrection or rebellion against the United States","An action or effect contrary to the source-defined prohibition, protected right, or negative constraint is not constitutionally established under this mechanism.","FINAL-PRESERVED-EXACT","Preserved exact from 08D-04B2B2 under unchanged construction boundary.","08D-06V-CONSTRUCTION-LEVEL-COUNT","08D-04B2B2","NOT-YET-MATERIALIZED","UNASSESSED","UNASSESSED"
"US-CM-000277","US-AM-MECH-UNIT-000018","US-AM-ATOM-CAND-000018","14","4","PRESERVED-US-CM-000274","US-AM-ATOM-000059","PRESERVE-EXISTING-BOUNDARY","US-CM-000274","F5","UNITED-STATES/SLAVE-LOSS-CLAIMS/INVALIDITY","The Constitution establishes this prohibition, right-protection, or negative constraint: or any claim for the loss or emancipation of any slave; but all such debts, obligations and claims shall be held illegal and void.","An action or effect contrary to the source-defined prohibition, protected right, or negative constraint is not constitutionally established under this mechanism.","FINAL-PRESERVED-EXACT","Preserved exact from 08D-04B2B2 under unchanged construction boundary.","08D-06V-CONSTRUCTION-LEVEL-COUNT","08D-04B2B2","NOT-YET-MATERIALIZED","UNASSESSED","UNASSESSED"
"US-CM-000278","US-AM-MECH-UNIT-000019","US-AM-ATOM-CAND-000019","14","5","PRESERVED-US-CM-000275","US-AM-ATOM-000060","PRESERVE-EXISTING-BOUNDARY","US-CM-000275","F3","UNITED-STATES/CONGRESS/AMENDMENT-14/ENFORCEMENT","The Constitution establishes this scoped power, duty, qualification, or procedural rule: The Congress shall have power to enforce, by appropriate legislation, the provisions of this article.","The scoped power, duty, qualification, or procedure is not established outside the conditions and limits stated by this source.","FINAL-PRESERVED-EXACT","Preserved exact from 08D-04B2B2 under unchanged construction boundary.","08D-06V-CONSTRUCTION-LEVEL-COUNT","08D-04B2B2","NOT-YET-MATERIALIZED","UNASSESSED","UNASSESSED"
"US-CM-000279","US-AM-MECH-UNIT-000020","US-AM-ATOM-CAND-000020","15","1","PRESERVED-US-CM-000276","US-AM-ATOM-000061","PRESERVE-EXISTING-BOUNDARY","US-CM-000276","F5","UNITED-STATES/VOTING/RACE-COLOR-SERVITUDE","The Constitution establishes this prohibition, right-protection, or negative constraint: The right of citizens of the United States to vote shall not be denied or abridged by the United States or by any State on account of race, color, or previous condition of servitude--","An action or effect contrary to the source-defined prohibition, protected right, or negative constraint is not constitutionally established under this mechanism.","FINAL-PRESERVED-EXACT","Preserved exact from 08D-04B2B2 under unchanged construction boundary.","08D-06V-CONSTRUCTION-LEVEL-COUNT","08D-04B2B2","NOT-YET-MATERIALIZED","UNASSESSED","UNASSESSED"
"US-CM-000280","US-AM-MECH-UNIT-000021","US-AM-ATOM-CAND-000021","15","2","PRESERVED-US-CM-000277","US-AM-ATOM-000062","PRESERVE-EXISTING-BOUNDARY","US-CM-000277","F3","UNITED-STATES/CONGRESS/AMENDMENT-15/ENFORCEMENT","The Constitution establishes this scoped power, duty, qualification, or procedural rule: The Congress shall have power to enforce this article by appropriate legislation.","The scoped power, duty, qualification, or procedure is not established outside the conditions and limits stated by this source.","FINAL-PRESERVED-EXACT","Preserved exact from 08D-04B2B2 under unchanged construction boundary.","08D-06V-CONSTRUCTION-LEVEL-COUNT","08D-04B2B2","NOT-YET-MATERIALIZED","UNASSESSED","UNASSESSED"
"US-CM-000281","US-AM-MECH-UNIT-000022","US-AM-ATOM-CAND-000022","16","","PRESERVED-US-CM-000278","US-AM-ATOM-000063","PRESERVE-EXISTING-BOUNDARY","US-CM-000278","F3","UNITED-STATES/CONGRESS/INCOME-TAX","The Constitution establishes this scoped power, duty, qualification, or procedural rule: The Congress shall have power to lay and collect taxes on incomes, from whatever source derived, without apportionment among the several States, and without regard to any census or enumeration.","The scoped power, duty, qualification, or procedure is not established outside the conditions and limits stated by this source.","FINAL-PRESERVED-EXACT","Preserved exact from 08D-04B2B2 under unchanged construction boundary.","08D-06V-CONSTRUCTION-LEVEL-COUNT","08D-04B2B2","NOT-YET-MATERIALIZED","UNASSESSED","UNASSESSED"
"US-CM-000282","US-AM-MECH-UNIT-000023","US-AM-ATOM-CAND-000023","17","","PRESERVED-US-CM-000279","US-AM-ATOM-000064","PRESERVE-EXISTING-BOUNDARY","US-CM-000279","F2","UNITED-STATES/SENATE/STATE-REPRESENTATION","The Constitution establishes this institutional structure or separation rule: The Senate of the United States shall be composed of two Senators from each State","Institutional structure or allocation is not established where the source-defined composition, separation, or role boundary is not satisfied.","FINAL-PRESERVED-EXACT","Preserved exact from 08D-04B2B2 under unchanged construction boundary.","08D-06V-CONSTRUCTION-LEVEL-COUNT","08D-04B2B2","NOT-YET-MATERIALIZED","UNASSESSED","UNASSESSED"
"US-CM-000283","US-AM-MECH-UNIT-000023","US-AM-ATOM-CAND-000023","17","","PRESERVED-US-CM-000280","US-AM-ATOM-000065","PRESERVE-EXISTING-BOUNDARY","US-CM-000280","F1","UNITED-STATES/SENATE/POPULAR-ELECTION","The Constitution establishes this authority, succession, or office-transition rule: elected by the people thereof","Authority, succession, or office effect is not established outside the actor, trigger, scope, or transition stated by this source.","FINAL-PRESERVED-EXACT","Preserved exact from 08D-04B2B2 under unchanged construction boundary.","08D-06V-CONSTRUCTION-LEVEL-COUNT","08D-04B2B2","NOT-YET-MATERIALIZED","UNASSESSED","UNASSESSED"
"US-CM-000284","US-AM-MECH-UNIT-000023","US-AM-ATOM-CAND-000023","17","","PRESERVED-US-CM-000281","US-AM-ATOM-000066","PRESERVE-EXISTING-BOUNDARY","US-CM-000281","F3","UNITED-STATES/SENATE/TERM","The Constitution establishes this scoped power, duty, qualification, or procedural rule: for six years","The scoped power, duty, qualification, or procedure is not established outside the conditions and limits stated by this source.","FINAL-PRESERVED-EXACT","Preserved exact from 08D-04B2B2 under unchanged construction boundary.","08D-06V-CONSTRUCTION-LEVEL-COUNT","08D-04B2B2","NOT-YET-MATERIALIZED","UNASSESSED","UNASSESSED"
"US-CM-000285","US-AM-MECH-UNIT-000023","US-AM-ATOM-CAND-000023","17","","PRESERVED-US-CM-000282","US-AM-ATOM-000067","PRESERVE-EXISTING-BOUNDARY","US-CM-000282","F2","UNITED-STATES/SENATE/MEMBER-VOTE","The Constitution establishes this institutional structure or separation rule: and each Senator shall have one vote","Institutional structure or allocation is not established where the source-defined composition, separation, or role boundary is not satisfied.","FINAL-PRESERVED-EXACT","Preserved exact from 08D-04B2B2 under unchanged construction boundary.","08D-06V-CONSTRUCTION-LEVEL-COUNT","08D-04B2B2","NOT-YET-MATERIALIZED","UNASSESSED","UNASSESSED"
"US-CM-000286","US-AM-MECH-UNIT-000023","US-AM-ATOM-CAND-000023","17","","PRESERVED-US-CM-000283","US-AM-ATOM-000068","PRESERVE-EXISTING-BOUNDARY","US-CM-000283","F3","UNITED-STATES/SENATE/ELECTOR-QUALIFICATIONS","The Constitution establishes this scoped power, duty, qualification, or procedural rule: The electors in each State shall have the qualifications requisite for electors of the most numerous branch of the State legislatures.","The scoped power, duty, qualification, or procedure is not established outside the conditions and limits stated by this source.","FINAL-PRESERVED-EXACT","Preserved exact from 08D-04B2B2 under unchanged construction boundary.","08D-06V-CONSTRUCTION-LEVEL-COUNT","08D-04B2B2","NOT-YET-MATERIALIZED","UNASSESSED","UNASSESSED"
"US-CM-000287","US-AM-MECH-UNIT-000024","US-AM-ATOM-CAND-000024","17","","PRESERVED-US-CM-000284","US-AM-ATOM-000069","PRESERVE-EXISTING-BOUNDARY","US-CM-000284","F1","UNITED-STATES/SENATE/VACANCIES/ELECTION-WRITS","The Constitution establishes this authority, succession, or office-transition rule: When vacancies happen in the representation of any State in the Senate, the executive authority of such State shall issue writs of election to fill such vacancies","Authority, succession, or office effect is not established outside the actor, trigger, scope, or transition stated by this source.","FINAL-PRESERVED-EXACT","Preserved exact from 08D-04B2B2 under unchanged construction boundary.","08D-06V-CONSTRUCTION-LEVEL-COUNT","08D-04B2B2","NOT-YET-MATERIALIZED","UNASSESSED","UNASSESSED"
"US-CM-000288","US-AM-MECH-UNIT-000024","US-AM-ATOM-CAND-000024","17","","PRESERVED-US-CM-000285","US-AM-ATOM-000070","PRESERVE-EXISTING-BOUNDARY","US-CM-000285","F3","UNITED-STATES/SENATE/VACANCIES/TEMPORARY-APPOINTMENTS","The Constitution establishes this scoped power, duty, qualification, or procedural rule: Provided, That the legislature of any State may empower the executive thereof to make temporary appointments until the people fill the vacancies by election as the legislature may direct.","The scoped power, duty, qualification, or procedure is not established outside the conditions and limits stated by this source.","FINAL-PRESERVED-EXACT","Preserved exact from 08D-04B2B2 under unchanged construction boundary.","08D-06V-CONSTRUCTION-LEVEL-COUNT","08D-04B2B2","NOT-YET-MATERIALIZED","UNASSESSED","UNASSESSED"
"US-CM-000289","US-AM-MECH-UNIT-000025","US-AM-ATOM-CAND-000025","17","","PRESERVED-US-CM-000286","US-AM-ATOM-000071","PRESERVE-EXISTING-BOUNDARY","US-CM-000286","F7","UNITED-STATES/SENATE/AMENDMENT-17/TRANSITION","The Constitution establishes this controlled constitutional transition, effectiveness, repeal, or temporal rule: This amendment shall not be so construed as to affect the election or term of any Senator chosen before it becomes valid as part of the Constitution.","The constitutional transition, effectiveness, repeal, or temporal effect is not established outside the source-defined trigger, timing, or transition condition.","FINAL-PRESERVED-EXACT","Preserved exact from 08D-04B2B2 under unchanged construction boundary.","08D-06V-CONSTRUCTION-LEVEL-COUNT","08D-04B2B2","NOT-YET-MATERIALIZED","UNASSESSED","UNASSESSED"
"US-CM-000290","US-AM-MECH-UNIT-000026","US-AM-ATOM-CAND-000026","18","1","INTOXICATING-LIQUOR-PROHIBITED-OPERATIONS","US-AM-ATOM-000072|US-AM-ATOM-000073|US-AM-ATOM-000074|US-AM-ATOM-000075|US-AM-ATOM-000076","MERGE-PRIOR-BOUNDARIES","US-CM-000287|US-CM-000288|US-CM-000289|US-CM-000290|US-CM-000291","F5","UNITED-STATES/INTOXICATING-LIQUOR/PROHIBITED-OPERATIONS","The Constitution establishes this prohibition: after one year from ratification, the manufacture, sale, or transportation of intoxicating liquors within, and the importation into or exportation from, the United States and territory subject to its jurisdiction for beverage purposes is prohibited.","The prohibited-operation effect is not established outside the source-defined one-year effectiveness trigger, intoxicating-liquor subject, beverage-purpose limitation, enumerated operations, and territorial scope.","FINAL-CHANGED-BOUNDARY-ADJUDICATED","Five lexical child atoms enumerate operation classes governed by one shared prohibition, timing rule, purpose limitation, and territorial scope.","08D-06V-CONSTRUCTION-LEVEL-COUNT","08D-06X-CHANGED-BOUNDARY-SEMANTIC-ADJUDICATION","NOT-YET-MATERIALIZED","UNASSESSED","UNASSESSED"
"US-CM-000291","US-AM-MECH-UNIT-000027","US-AM-ATOM-CAND-000027","18","2","PRESERVED-US-CM-000292","US-AM-ATOM-000077","PRESERVE-EXISTING-BOUNDARY","US-CM-000292","F3","UNITED-STATES/FEDERAL-STATE/AMENDMENT-18/ENFORCEMENT","The Constitution establishes this scoped power, duty, qualification, or procedural rule: The Congress and the several States shall have concurrent power to enforce this article by appropriate legislation.","The scoped power, duty, qualification, or procedure is not established outside the conditions and limits stated by this source.","FINAL-PRESERVED-EXACT","Preserved exact from 08D-04B2B2 under unchanged construction boundary.","08D-06V-CONSTRUCTION-LEVEL-COUNT","08D-04B2B2","NOT-YET-MATERIALIZED","UNASSESSED","UNASSESSED"
"US-CM-000292","US-AM-MECH-UNIT-000028","US-AM-ATOM-CAND-000028","18","3","PRESERVED-US-CM-000293","US-AM-ATOM-000078","PRESERVE-EXISTING-BOUNDARY","US-CM-000293","F7","UNITED-STATES/CONSTITUTION/AMENDMENT-18/RATIFICATION-TIME-LIMIT","The Constitution establishes this controlled constitutional transition, effectiveness, repeal, or temporal rule: This article shall be inoperative unless it shall have been ratified as an amendment to the Constitution by the legislatures of the several States, as provided in the Constitution, within seven years from the date of the submission hereof to the States by the Congress.","The constitutional transition, effectiveness, repeal, or temporal effect is not established outside the source-defined trigger, timing, or transition condition.","FINAL-PRESERVED-EXACT","Preserved exact from 08D-04B2B2 under unchanged construction boundary.","08D-06V-CONSTRUCTION-LEVEL-COUNT","08D-04B2B2","NOT-YET-MATERIALIZED","UNASSESSED","UNASSESSED"
"US-CM-000293","US-AM-MECH-UNIT-000029","US-AM-ATOM-CAND-000029","19","","PRESERVED-US-CM-000294","US-AM-ATOM-000079","PRESERVE-EXISTING-BOUNDARY","US-CM-000294","F5","UNITED-STATES/VOTING/SEX","The Constitution establishes this prohibition, right-protection, or negative constraint: The right of citizens of the United States to vote shall not be denied or abridged by the United States or by any State on account of sex.","An action or effect contrary to the source-defined prohibition, protected right, or negative constraint is not constitutionally established under this mechanism.","FINAL-PRESERVED-EXACT","Preserved exact from 08D-04B2B2 under unchanged construction boundary.","08D-06V-CONSTRUCTION-LEVEL-COUNT","08D-04B2B2","NOT-YET-MATERIALIZED","UNASSESSED","UNASSESSED"
"US-CM-000294","US-AM-MECH-UNIT-000030","US-AM-ATOM-CAND-000030","19","","PRESERVED-US-CM-000295","US-AM-ATOM-000080","PRESERVE-EXISTING-BOUNDARY","US-CM-000295","F3","UNITED-STATES/CONGRESS/AMENDMENT-19/ENFORCEMENT","The Constitution establishes this scoped power, duty, qualification, or procedural rule: Congress shall have power to enforce this article by appropriate legislation.","The scoped power, duty, qualification, or procedure is not established outside the conditions and limits stated by this source.","FINAL-PRESERVED-EXACT","Preserved exact from 08D-04B2B2 under unchanged construction boundary.","08D-06V-CONSTRUCTION-LEVEL-COUNT","08D-04B2B2","NOT-YET-MATERIALIZED","UNASSESSED","UNASSESSED"
"US-CM-000295","US-AM-MECH-UNIT-000031","US-AM-ATOM-CAND-000031","20","1","PRESERVED-US-CM-000296","US-AM-ATOM-000081","PRESERVE-EXISTING-BOUNDARY","US-CM-000296","F7","UNITED-STATES/PRESIDENCY/TERM-END","The Constitution establishes this controlled constitutional transition, effectiveness, repeal, or temporal rule: The terms of the President and Vice President shall end at noon on the 20th day of January","The constitutional transition, effectiveness, repeal, or temporal effect is not established outside the source-defined trigger, timing, or transition condition.","FINAL-PRESERVED-EXACT","Preserved exact from 08D-04B2B2 under unchanged construction boundary.","08D-06V-CONSTRUCTION-LEVEL-COUNT","08D-04B2B2","NOT-YET-MATERIALIZED","UNASSESSED","UNASSESSED"
"US-CM-000296","US-AM-MECH-UNIT-000031","US-AM-ATOM-CAND-000031","20","1","PRESERVED-US-CM-000297","US-AM-ATOM-000082","PRESERVE-EXISTING-BOUNDARY","US-CM-000297","F7","UNITED-STATES/CONGRESS/TERM-END","The Constitution establishes this controlled constitutional transition, effectiveness, repeal, or temporal rule: and the terms of Senators and Representatives at noon on the 3d day of January, of the years in which such terms would have ended if this article had not been ratified","The constitutional transition, effectiveness, repeal, or temporal effect is not established outside the source-defined trigger, timing, or transition condition.","FINAL-PRESERVED-EXACT","Preserved exact from 08D-04B2B2 under unchanged construction boundary.","08D-06V-CONSTRUCTION-LEVEL-COUNT","08D-04B2B2","NOT-YET-MATERIALIZED","UNASSESSED","UNASSESSED"
"US-CM-000297","US-AM-MECH-UNIT-000031","US-AM-ATOM-CAND-000031","20","1","PRESERVED-US-CM-000298","US-AM-ATOM-000083","PRESERVE-EXISTING-BOUNDARY","US-CM-000298","F7","UNITED-STATES/FEDERAL-OFFICE/SUCCESSOR-TERM-BEGIN","The Constitution establishes this controlled constitutional transition, effectiveness, repeal, or temporal rule: and the terms of their successors shall then begin.","The constitutional transition, effectiveness, repeal, or temporal effect is not established outside the source-defined trigger, timing, or transition condition.","FINAL-PRESERVED-EXACT","Preserved exact from 08D-04B2B2 under unchanged construction boundary.","08D-06V-CONSTRUCTION-LEVEL-COUNT","08D-04B2B2","NOT-YET-MATERIALIZED","UNASSESSED","UNASSESSED"
"US-CM-000298","US-AM-MECH-UNIT-000032","US-AM-ATOM-CAND-000032","20","2","PRESERVED-US-CM-000299","US-AM-ATOM-000084","PRESERVE-EXISTING-BOUNDARY","US-CM-000299","F3","UNITED-STATES/CONGRESS/ANNUAL-ASSEMBLY","The Constitution establishes this scoped power, duty, qualification, or procedural rule: The Congress shall assemble at least once in every year","The scoped power, duty, qualification, or procedure is not established outside the conditions and limits stated by this source.","FINAL-PRESERVED-EXACT","Preserved exact from 08D-04B2B2 under unchanged construction boundary.","08D-06V-CONSTRUCTION-LEVEL-COUNT","08D-04B2B2","NOT-YET-MATERIALIZED","UNASSESSED","UNASSESSED"
"US-CM-000299","US-AM-MECH-UNIT-000032","US-AM-ATOM-CAND-000032","20","2","PRESERVED-US-CM-000300","US-AM-ATOM-000085","PRESERVE-EXISTING-BOUNDARY","US-CM-000300","F3","UNITED-STATES/CONGRESS/ASSEMBLY-DATE","The Constitution establishes this scoped power, duty, qualification, or procedural rule: and such meeting shall begin at noon on the 3d day of January, unless they shall by law appoint a different day.","The scoped power, duty, qualification, or procedure is not established outside the conditions and limits stated by this source.","FINAL-PRESERVED-EXACT","Preserved exact from 08D-04B2B2 under unchanged construction boundary.","08D-06V-CONSTRUCTION-LEVEL-COUNT","08D-04B2B2","NOT-YET-MATERIALIZED","UNASSESSED","UNASSESSED"
"US-CM-000300","US-AM-MECH-UNIT-000033","US-AM-ATOM-CAND-000033","20","3","PRESERVED-US-CM-000301","US-AM-ATOM-000086","PRESERVE-EXISTING-BOUNDARY","US-CM-000301","F1","UNITED-STATES/PRESIDENCY/SUCCESSION/PRESIDENT-ELECT-DEATH","The Constitution establishes this authority, succession, or office-transition rule: If, at the time fixed for the beginning of the term of the President, the President elect shall have died, the Vice President elect shall become President","Authority, succession, or office effect is not established outside the actor, trigger, scope, or transition stated by this source.","FINAL-PRESERVED-EXACT","Preserved exact from 08D-04B2B2 under unchanged construction boundary.","08D-06V-CONSTRUCTION-LEVEL-COUNT","08D-04B2B2","NOT-YET-MATERIALIZED","UNASSESSED","UNASSESSED"
"US-CM-000301","US-AM-MECH-UNIT-000033","US-AM-ATOM-CAND-000033","20","3","PRESERVED-US-CM-000302","US-AM-ATOM-000087","PRESERVE-EXISTING-BOUNDARY","US-CM-000302","F1","UNITED-STATES/PRESIDENCY/SUCCESSION/PRESIDENT-ELECT-NOT-QUALIFIED","The Constitution establishes this authority, succession, or office-transition rule: If a President shall not have been chosen before the time fixed for the beginning of his term, or if the President elect shall have failed to qualify, then the Vice President elect shall act as President until a President shall have qualified","Authority, succession, or office effect is not established outside the actor, trigger, scope, or transition stated by this source.","FINAL-PRESERVED-EXACT","Preserved exact from 08D-04B2B2 under unchanged construction boundary.","08D-06V-CONSTRUCTION-LEVEL-COUNT","08D-04B2B2","NOT-YET-MATERIALIZED","UNASSESSED","UNASSESSED"
"US-CM-000302","US-AM-MECH-UNIT-000033","US-AM-ATOM-CAND-000033","20","3","PRESERVED-US-CM-000303","US-AM-ATOM-000088","PRESERVE-EXISTING-BOUNDARY","US-CM-000303","F3","UNITED-STATES/CONGRESS/PRESIDENTIAL-SUCCESSION/NEITHER-QUALIFIED","The Constitution establishes this scoped power, duty, qualification, or procedural rule: and the Congress may by law provide for the case wherein neither a President elect nor a Vice President elect shall have qualified, declaring who shall then act as President, or the manner in which one who is to act shall be selected","The scoped power, duty, qualification, or procedure is not established outside the conditions and limits stated by this source.","FINAL-PRESERVED-EXACT","Preserved exact from 08D-04B2B2 under unchanged construction boundary.","08D-06V-CONSTRUCTION-LEVEL-COUNT","08D-04B2B2","NOT-YET-MATERIALIZED","UNASSESSED","UNASSESSED"
"US-CM-000303","US-AM-MECH-UNIT-000033","US-AM-ATOM-CAND-000033","20","3","PRESERVED-US-CM-000304","US-AM-ATOM-000089","PRESERVE-EXISTING-BOUNDARY","US-CM-000304","F1","UNITED-STATES/PRESIDENCY/SUCCESSION/ACTING-PRESIDENT-DURATION","The Constitution establishes this authority, succession, or office-transition rule: and such person shall act accordingly until a President or Vice President shall have qualified.","Authority, succession, or office effect is not established outside the actor, trigger, scope, or transition stated by this source.","FINAL-PRESERVED-EXACT","Preserved exact from 08D-04B2B2 under unchanged construction boundary.","08D-06V-CONSTRUCTION-LEVEL-COUNT","08D-04B2B2","NOT-YET-MATERIALIZED","UNASSESSED","UNASSESSED"
"US-CM-000304","US-AM-MECH-UNIT-000034","US-AM-ATOM-CAND-000034","20","4","PRESERVED-US-CM-000305","US-AM-ATOM-000090","PRESERVE-EXISTING-BOUNDARY","US-CM-000305","F3","UNITED-STATES/CONGRESS/CONTINGENT-PRESIDENT/DEATH-PROVISION","The Constitution establishes this scoped power, duty, qualification, or procedural rule: The Congress may by law provide for the case of the death of any of the persons from whom the House of Representatives may choose a President whenever the right of choice shall have devolved upon them","The scoped power, duty, qualification, or procedure is not established outside the conditions and limits stated by this source.","FINAL-PRESERVED-EXACT","Preserved exact from 08D-04B2B2 under unchanged construction boundary.","08D-06V-CONSTRUCTION-LEVEL-COUNT","08D-04B2B2","NOT-YET-MATERIALIZED","UNASSESSED","UNASSESSED"
"US-CM-000305","US-AM-MECH-UNIT-000034","US-AM-ATOM-CAND-000034","20","4","PRESERVED-US-CM-000306","US-AM-ATOM-000091","PRESERVE-EXISTING-BOUNDARY","US-CM-000306","F3","UNITED-STATES/CONGRESS/CONTINGENT-VICE-PRESIDENT/DEATH-PROVISION","The Constitution establishes this scoped power, duty, qualification, or procedural rule: and for the case of the death of any of the persons from whom the Senate may choose a Vice President whenever the right of choice shall have devolved upon them.","The scoped power, duty, qualification, or procedure is not established outside the conditions and limits stated by this source.","FINAL-PRESERVED-EXACT","Preserved exact from 08D-04B2B2 under unchanged construction boundary.","08D-06V-CONSTRUCTION-LEVEL-COUNT","08D-04B2B2","NOT-YET-MATERIALIZED","UNASSESSED","UNASSESSED"
"US-CM-000306","US-AM-MECH-UNIT-000035","US-AM-ATOM-CAND-000035","20","5","PRESERVED-US-CM-000307","US-AM-ATOM-000092","PRESERVE-EXISTING-BOUNDARY","US-CM-000307","F7","UNITED-STATES/AMENDMENT-20/EFFECTIVE-DATE","The Constitution establishes this controlled constitutional transition, effectiveness, repeal, or temporal rule: Sections 1 and 2 shall take effect on the 15th day of October following the ratification of this article.","The constitutional transition, effectiveness, repeal, or temporal effect is not established outside the source-defined trigger, timing, or transition condition.","FINAL-PRESERVED-EXACT","Preserved exact from 08D-04B2B2 under unchanged construction boundary.","08D-06V-CONSTRUCTION-LEVEL-COUNT","08D-04B2B2","NOT-YET-MATERIALIZED","UNASSESSED","UNASSESSED"
"US-CM-000307","US-AM-MECH-UNIT-000036","US-AM-ATOM-CAND-000036","20","6","PRESERVED-US-CM-000308","US-AM-ATOM-000093","PRESERVE-EXISTING-BOUNDARY","US-CM-000308","F7","UNITED-STATES/CONSTITUTION/AMENDMENT-20/RATIFICATION-TIME-LIMIT","The Constitution establishes this controlled constitutional transition, effectiveness, repeal, or temporal rule: This article shall be inoperative unless it shall have been ratified as an amendment to the Constitution by the legislatures of three-fourths of the several States within seven years from the date of its submission.","The constitutional transition, effectiveness, repeal, or temporal effect is not established outside the source-defined trigger, timing, or transition condition.","FINAL-PRESERVED-EXACT","Preserved exact from 08D-04B2B2 under unchanged construction boundary.","08D-06V-CONSTRUCTION-LEVEL-COUNT","08D-04B2B2","NOT-YET-MATERIALIZED","UNASSESSED","UNASSESSED"
"US-CM-000308","US-AM-MECH-UNIT-000037","US-AM-ATOM-CAND-000037","21","1","PRESERVED-US-CM-000309","US-AM-ATOM-000094","PRESERVE-EXISTING-BOUNDARY","US-CM-000309","F7","UNITED-STATES/CONSTITUTION/AMENDMENT-18/REPEAL","The Constitution establishes this controlled constitutional transition, effectiveness, repeal, or temporal rule: The eighteenth article of amendment to the Constitution of the United States is hereby repealed.","The constitutional transition, effectiveness, repeal, or temporal effect is not established outside the source-defined trigger, timing, or transition condition.","FINAL-PRESERVED-EXACT","Preserved exact from 08D-04B2B2 under unchanged construction boundary.","08D-06V-CONSTRUCTION-LEVEL-COUNT","08D-04B2B2","NOT-YET-MATERIALIZED","UNASSESSED","UNASSESSED"
"US-CM-000309","US-AM-MECH-UNIT-000038","US-AM-ATOM-CAND-000038","21","2","PRESERVED-US-CM-000310","US-AM-ATOM-000095","PRESERVE-EXISTING-BOUNDARY","US-CM-000310","F5","UNITED-STATES/STATES/INTOXICATING-LIQUOR/STATE-LAW","The Constitution establishes this prohibition, right-protection, or negative constraint: The transportation or importation into any State, Territory, or possession of the United States for delivery or use therein of intoxicating liquors, in violation of the laws thereof, is hereby prohibited.","An action or effect contrary to the source-defined prohibition, protected right, or negative constraint is not constitutionally established under this mechanism.","FINAL-PRESERVED-EXACT","Preserved exact from 08D-04B2B2 under unchanged construction boundary.","08D-06V-CONSTRUCTION-LEVEL-COUNT","08D-04B2B2","NOT-YET-MATERIALIZED","UNASSESSED","UNASSESSED"
"US-CM-000310","US-AM-MECH-UNIT-000039","US-AM-ATOM-CAND-000039","21","3","PRESERVED-US-CM-000311","US-AM-ATOM-000096","PRESERVE-EXISTING-BOUNDARY","US-CM-000311","F7","UNITED-STATES/CONSTITUTION/AMENDMENT-21/RATIFICATION-TIME-LIMIT","The Constitution establishes this controlled constitutional transition, effectiveness, repeal, or temporal rule: This article shall be inoperative unless it shall have been ratified as an amendment to the Constitution by conventions in the several States, as provided in the Constitution, within seven years from the date of the submission hereof to the States by the Congress.","The constitutional transition, effectiveness, repeal, or temporal effect is not established outside the source-defined trigger, timing, or transition condition.","FINAL-PRESERVED-EXACT","Preserved exact from 08D-04B2B2 under unchanged construction boundary.","08D-06V-CONSTRUCTION-LEVEL-COUNT","08D-04B2B2","NOT-YET-MATERIALIZED","UNASSESSED","UNASSESSED"
"US-CM-000311","US-AM-MECH-UNIT-000040","US-AM-ATOM-CAND-000040","22","1","PRESERVED-US-CM-000312","US-AM-ATOM-000097","PRESERVE-EXISTING-BOUNDARY","US-CM-000312","F5","UNITED-STATES/PRESIDENCY/ELECTION/TERM-LIMIT","The Constitution establishes this prohibition, right-protection, or negative constraint: No person shall be elected to the office of the President more than twice","An action or effect contrary to the source-defined prohibition, protected right, or negative constraint is not constitutionally established under this mechanism.","FINAL-PRESERVED-EXACT","Preserved exact from 08D-04B2B2 under unchanged construction boundary.","08D-06V-CONSTRUCTION-LEVEL-COUNT","08D-04B2B2","NOT-YET-MATERIALIZED","UNASSESSED","UNASSESSED"
"US-CM-000312","US-AM-MECH-UNIT-000040","US-AM-ATOM-CAND-000040","22","1","PRESERVED-US-CM-000313","US-AM-ATOM-000098","PRESERVE-EXISTING-BOUNDARY","US-CM-000313","F5","UNITED-STATES/PRESIDENCY/ELECTION/PARTIAL-TERM-LIMIT","The Constitution establishes this prohibition, right-protection, or negative constraint: and no person who has held the office of President, or acted as President, for more than two years of a term to which some other person was elected President shall be elected to the office of the President more than once","An action or effect contrary to the source-defined prohibition, protected right, or negative constraint is not constitutionally established under this mechanism.","FINAL-PRESERVED-EXACT","Preserved exact from 08D-04B2B2 under unchanged construction boundary.","08D-06V-CONSTRUCTION-LEVEL-COUNT","08D-04B2B2","NOT-YET-MATERIALIZED","UNASSESSED","UNASSESSED"
"US-CM-000313","US-AM-MECH-UNIT-000040","US-AM-ATOM-CAND-000040","22","1","PRESERVED-US-CM-000314","US-AM-ATOM-000099","PRESERVE-EXISTING-BOUNDARY","US-CM-000314","F7","UNITED-STATES/PRESIDENCY/TERM-LIMIT/PROPOSAL-TRANSITION","The Constitution establishes this controlled constitutional transition, effectiveness, repeal, or temporal rule: But this Article shall not apply to any person holding the office of President when this Article was proposed by the Congress","The constitutional transition, effectiveness, repeal, or temporal effect is not established outside the source-defined trigger, timing, or transition condition.","FINAL-PRESERVED-EXACT","Preserved exact from 08D-04B2B2 under unchanged construction boundary.","08D-06V-CONSTRUCTION-LEVEL-COUNT","08D-04B2B2","NOT-YET-MATERIALIZED","UNASSESSED","UNASSESSED"
"US-CM-000314","US-AM-MECH-UNIT-000040","US-AM-ATOM-CAND-000040","22","1","PRESERVED-US-CM-000315","US-AM-ATOM-000100","PRESERVE-EXISTING-BOUNDARY","US-CM-000315","F7","UNITED-STATES/PRESIDENCY/TERM-LIMIT/OPERATIVE-TERM-TRANSITION","The Constitution establishes this controlled constitutional transition, effectiveness, repeal, or temporal rule: and shall not prevent any person who may be holding the office of President, or acting as President, during the term within which this Article becomes operative from holding the office of President or acting as President during the remainder of such term.","The constitutional transition, effectiveness, repeal, or temporal effect is not established outside the source-defined trigger, timing, or transition condition.","FINAL-PRESERVED-EXACT","Preserved exact from 08D-04B2B2 under unchanged construction boundary.","08D-06V-CONSTRUCTION-LEVEL-COUNT","08D-04B2B2","NOT-YET-MATERIALIZED","UNASSESSED","UNASSESSED"
"US-CM-000315","US-AM-MECH-UNIT-000041","US-AM-ATOM-CAND-000041","22","2","PRESERVED-US-CM-000316","US-AM-ATOM-000101","PRESERVE-EXISTING-BOUNDARY","US-CM-000316","F7","UNITED-STATES/CONSTITUTION/AMENDMENT-22/RATIFICATION-TIME-LIMIT","The Constitution establishes this controlled constitutional transition, effectiveness, repeal, or temporal rule: This article shall be inoperative unless it shall have been ratified as an amendment to the Constitution by the legislatures of three-fourths of the several States within seven years from the date of its submission to the States by the Congress.","The constitutional transition, effectiveness, repeal, or temporal effect is not established outside the source-defined trigger, timing, or transition condition.","FINAL-PRESERVED-EXACT","Preserved exact from 08D-04B2B2 under unchanged construction boundary.","08D-06V-CONSTRUCTION-LEVEL-COUNT","08D-04B2B2","NOT-YET-MATERIALIZED","UNASSESSED","UNASSESSED"
"US-CM-000316","US-AM-MECH-UNIT-000042","US-AM-ATOM-CAND-000042|US-AM-ATOM-CAND-000043","23","1","PRESERVED-US-CM-000317","US-AM-ATOM-000102","PRESERVE-EXISTING-BOUNDARY","US-CM-000317","F1","UNITED-STATES/DISTRICT-OF-COLUMBIA/PRESIDENTIAL-ELECTORS/APPOINTMENT","The Constitution establishes this authority, succession, or office-transition rule: The District constituting the seat of Government of the United States shall appoint in such manner as the Congress may direct: A number of electors of President and Vice President equal to the whole number of Senators and Representatives in Congress to which the District would be entitled if it were a State, but in no event more than the least populous State","Authority, succession, or office effect is not established outside the actor, trigger, scope, or transition stated by this source.","FINAL-PRESERVED-EXACT","Preserved exact from 08D-04B2B2 under unchanged construction boundary.","08D-06V-CONSTRUCTION-LEVEL-COUNT","08D-04B2B2","NOT-YET-MATERIALIZED","UNASSESSED","UNASSESSED"
"US-CM-000317","US-AM-MECH-UNIT-000042","US-AM-ATOM-CAND-000042|US-AM-ATOM-CAND-000043","23","1","PRESERVED-US-CM-000318","US-AM-ATOM-000103","PRESERVE-EXISTING-BOUNDARY","US-CM-000318","F6","UNITED-STATES/DISTRICT-OF-COLUMBIA/PRESIDENTIAL-ELECTORS/STATUS","The Constitution establishes this jurisdictional, federalism, status, or allocation boundary: they shall be in addition to those appointed by the States, but they shall be considered, for the purposes of the election of President and Vice President, to be electors appointed by a State","The constitutional effect is not established outside the source-defined jurisdiction, status, allocation, or federalism boundary.","FINAL-PRESERVED-EXACT","Preserved exact from 08D-04B2B2 under unchanged construction boundary.","08D-06V-CONSTRUCTION-LEVEL-COUNT","08D-04B2B2","NOT-YET-MATERIALIZED","UNASSESSED","UNASSESSED"
"US-CM-000318","US-AM-MECH-UNIT-000042","US-AM-ATOM-CAND-000042|US-AM-ATOM-CAND-000043","23","1","PRESERVED-US-CM-000319","US-AM-ATOM-000104","PRESERVE-EXISTING-BOUNDARY","US-CM-000319","F3","UNITED-STATES/DISTRICT-OF-COLUMBIA/PRESIDENTIAL-ELECTORS/DUTIES","The Constitution establishes this scoped power, duty, qualification, or procedural rule: and they shall meet in the District and perform such duties as provided by the twelfth article of amendment.","The scoped power, duty, qualification, or procedure is not established outside the conditions and limits stated by this source.","FINAL-PRESERVED-EXACT","Preserved exact from 08D-04B2B2 under unchanged construction boundary.","08D-06V-CONSTRUCTION-LEVEL-COUNT","08D-04B2B2","NOT-YET-MATERIALIZED","UNASSESSED","UNASSESSED"
"US-CM-000319","US-AM-MECH-UNIT-000043","US-AM-ATOM-CAND-000044","23","2","PRESERVED-US-CM-000320","US-AM-ATOM-000105","PRESERVE-EXISTING-BOUNDARY","US-CM-000320","F3","UNITED-STATES/CONGRESS/AMENDMENT-23/ENFORCEMENT","The Constitution establishes this scoped power, duty, qualification, or procedural rule: The Congress shall have power to enforce this article by appropriate legislation.","The scoped power, duty, qualification, or procedure is not established outside the conditions and limits stated by this source.","FINAL-PRESERVED-EXACT","Preserved exact from 08D-04B2B2 under unchanged construction boundary.","08D-06V-CONSTRUCTION-LEVEL-COUNT","08D-04B2B2","NOT-YET-MATERIALIZED","UNASSESSED","UNASSESSED"
"US-CM-000320","US-AM-MECH-UNIT-000044","US-AM-ATOM-CAND-000045","24","1","PRESERVED-US-CM-000321","US-AM-ATOM-000106","PRESERVE-EXISTING-BOUNDARY","US-CM-000321","F5","UNITED-STATES/VOTING/POLL-TAX","The Constitution establishes this prohibition, right-protection, or negative constraint: The right of citizens of the United States to vote in any primary or other election for President or Vice President, for electors for President or Vice President, or for Senator or Representative in Congress, shall not be denied or abridged by the United States or any State by reason of failure to pay any poll tax or other tax.","An action or effect contrary to the source-defined prohibition, protected right, or negative constraint is not constitutionally established under this mechanism.","FINAL-PRESERVED-EXACT","Preserved exact from 08D-04B2B2 under unchanged construction boundary.","08D-06V-CONSTRUCTION-LEVEL-COUNT","08D-04B2B2","NOT-YET-MATERIALIZED","UNASSESSED","UNASSESSED"
"US-CM-000321","US-AM-MECH-UNIT-000045","US-AM-ATOM-CAND-000046","24","2","PRESERVED-US-CM-000322","US-AM-ATOM-000107","PRESERVE-EXISTING-BOUNDARY","US-CM-000322","F3","UNITED-STATES/CONGRESS/AMENDMENT-24/ENFORCEMENT","The Constitution establishes this scoped power, duty, qualification, or procedural rule: The Congress shall have power to enforce this article by appropriate legislation.","The scoped power, duty, qualification, or procedure is not established outside the conditions and limits stated by this source.","FINAL-PRESERVED-EXACT","Preserved exact from 08D-04B2B2 under unchanged construction boundary.","08D-06V-CONSTRUCTION-LEVEL-COUNT","08D-04B2B2","NOT-YET-MATERIALIZED","UNASSESSED","UNASSESSED"
"US-CM-000322","US-AM-MECH-UNIT-000046","US-AM-ATOM-CAND-000047","25","1","PRESERVED-US-CM-000323","US-AM-ATOM-000108","PRESERVE-EXISTING-BOUNDARY","US-CM-000323","F1","UNITED-STATES/PRESIDENCY/SUCCESSION/REMOVAL-DEATH-RESIGNATION","The Constitution establishes this authority, succession, or office-transition rule: In case of the removal of the President from office or of his death or resignation, the Vice President shall become President.","Authority, succession, or office effect is not established outside the actor, trigger, scope, or transition stated by this source.","FINAL-PRESERVED-EXACT","Preserved exact from 08D-04B2B2 under unchanged construction boundary.","08D-06V-CONSTRUCTION-LEVEL-COUNT","08D-04B2B2","NOT-YET-MATERIALIZED","UNASSESSED","UNASSESSED"
"US-CM-000323","US-AM-MECH-UNIT-000047","US-AM-ATOM-CAND-000048","25","2","PRESERVED-US-CM-000324","US-AM-ATOM-000109","PRESERVE-EXISTING-BOUNDARY","US-CM-000324","F1","UNITED-STATES/VICE-PRESIDENCY/VACANCY/NOMINATION","The Constitution establishes this authority, succession, or office-transition rule: Whenever there is a vacancy in the office of the Vice President, the President shall nominate a Vice President","Authority, succession, or office effect is not established outside the actor, trigger, scope, or transition stated by this source.","FINAL-PRESERVED-EXACT","Preserved exact from 08D-04B2B2 under unchanged construction boundary.","08D-06V-CONSTRUCTION-LEVEL-COUNT","08D-04B2B2","NOT-YET-MATERIALIZED","UNASSESSED","UNASSESSED"
"US-CM-000324","US-AM-MECH-UNIT-000047","US-AM-ATOM-CAND-000048","25","2","PRESERVED-US-CM-000325","US-AM-ATOM-000110","PRESERVE-EXISTING-BOUNDARY","US-CM-000325","F4","UNITED-STATES/VICE-PRESIDENCY/VACANCY/CONFIRMATION","The Constitution establishes this concurrence, quorum, majority, or threshold rule: who shall take office upon confirmation by a majority vote of both Houses of Congress.","The constitutional effect is not established unless the source-defined concurrence, quorum, majority, or threshold condition is satisfied.","FINAL-PRESERVED-EXACT","Preserved exact from 08D-04B2B2 under unchanged construction boundary.","08D-06V-CONSTRUCTION-LEVEL-COUNT","08D-04B2B2","NOT-YET-MATERIALIZED","UNASSESSED","UNASSESSED"
"US-CM-000325","US-AM-MECH-UNIT-000048","US-AM-ATOM-CAND-000049","25","3","PRESERVED-US-CM-000326","US-AM-ATOM-000111","PRESERVE-EXISTING-BOUNDARY","US-CM-000326","F1","UNITED-STATES/PRESIDENCY/INABILITY/SELF-DECLARATION","The Constitution establishes this authority, succession, or office-transition rule: Whenever the President transmits to the President pro tempore of the Senate and the Speaker of the House of Representatives his written declaration that he is unable to discharge the powers and duties of his office, and until he transmits to them a written declaration to the contrary, such powers and duties shall be discharged by the Vice President as Acting President.","Authority, succession, or office effect is not established outside the actor, trigger, scope, or transition stated by this source.","FINAL-PRESERVED-EXACT","Preserved exact from 08D-04B2B2 under unchanged construction boundary.","08D-06V-CONSTRUCTION-LEVEL-COUNT","08D-04B2B2","NOT-YET-MATERIALIZED","UNASSESSED","UNASSESSED"
"US-CM-000326","US-AM-MECH-UNIT-000049","US-AM-ATOM-CAND-000050","25","4","PRESERVED-US-CM-000327","US-AM-ATOM-000112","PRESERVE-EXISTING-BOUNDARY","US-CM-000327","F4","UNITED-STATES/PRESIDENCY/INABILITY/VICE-PRESIDENT-CABINET-DECLARATION","The Constitution establishes this concurrence, quorum, majority, or threshold rule: Whenever the Vice President and a majority of either the principal officers of the executive departments or of such other body as Congress may by law provide, transmit to the President pro tempore of the Senate and the Speaker of the House of Representatives their written declaration that the President is unable to discharge the powers and duties of his office, the Vice President shall immediately assume the powers and duties of the office as Acting President.","The constitutional effect is not established unless the source-defined concurrence, quorum, majority, or threshold condition is satisfied.","FINAL-PRESERVED-EXACT","Preserved exact from 08D-04B2B2 under unchanged construction boundary.","08D-06V-CONSTRUCTION-LEVEL-COUNT","08D-04B2B2","NOT-YET-MATERIALIZED","UNASSESSED","UNASSESSED"
"US-CM-000327","US-AM-MECH-UNIT-000050","US-AM-ATOM-CAND-000051","25","4","PRESIDENT-NO-INABILITY-DECLARATION-RESUMPTION","US-AM-ATOM-000113","SPLIT-PRIOR-BOUNDARY","US-CM-000328","F1","UNITED-STATES/PRESIDENCY/INABILITY/RESUMPTION-COUNTERDECLARATION","The Constitution establishes this office-authority transition rule: when the President transmits the specified written declaration that no inability exists, the President resumes the powers and duties of the office, subject to the source-defined counterdeclaration condition.","Presidential resumption is not established under this mechanism without the specified written declaration, recipients, and absence of the source-defined timely counterdeclaration.","FINAL-CHANGED-BOUNDARY-ADJUDICATED","Presidential declaration and resumption form an independently operative authority transition within the prior combined Section 4 boundary.","08D-06V-CONSTRUCTION-LEVEL-COUNT","08D-06X-CHANGED-BOUNDARY-SEMANTIC-ADJUDICATION","NOT-YET-MATERIALIZED","UNASSESSED","UNASSESSED"
"US-CM-000328","US-AM-MECH-UNIT-000050","US-AM-ATOM-CAND-000051","25","4","VP-MAJORITY-COUNTERDECLARATION-WINDOW","US-AM-ATOM-000113","SPLIT-PRIOR-BOUNDARY","US-CM-000328","F4","UNITED-STATES/PRESIDENCY/INABILITY/RESUMPTION-COUNTERDECLARATION","The Constitution establishes this concurrence and timing rule: the Vice President and a majority of either the principal officers of the executive department or another body provided by Congress may transmit within four days the specified written declaration that the President is unable to discharge the powers and duties of the office.","The counterdeclaration effect is not established under this mechanism without the Vice President, the required majority body, the specified written declaration and recipients, and transmission within the four-day window.","FINAL-CHANGED-BOUNDARY-ADJUDICATED","The Vice-President-plus-majority counterdeclaration authority and four-day window are independently testable from the President's declaration and resumption effect.","08D-06V-CONSTRUCTION-LEVEL-COUNT","08D-06X-CHANGED-BOUNDARY-SEMANTIC-ADJUDICATION","NOT-YET-MATERIALIZED","UNASSESSED","UNASSESSED"
"US-CM-000329","US-AM-MECH-UNIT-000050","US-AM-ATOM-CAND-000051","25","4","CONGRESS-DECIDES","US-AM-ATOM-000114","PRESERVE-EXISTING-BOUNDARY","US-CM-000329","F3","UNITED-STATES/CONGRESS/PRESIDENTIAL-INABILITY/DECISION","The Constitution establishes this scoped power, duty, qualification, or procedural rule: Thereupon Congress shall decide the issue","The scoped power, duty, qualification, or procedure is not established outside the conditions and limits stated by this source.","FINAL-PRESERVED-EXACT","Preserved exact from 08D-04B2B2 under unchanged construction boundary.","08D-06V-CONSTRUCTION-LEVEL-COUNT","08D-04B2B2","NOT-YET-MATERIALIZED","UNASSESSED","UNASSESSED"
"US-CM-000330","US-AM-MECH-UNIT-000050","US-AM-ATOM-CAND-000051","25","4","FORTY-EIGHT-HOUR-ASSEMBLY","US-AM-ATOM-000115","PRESERVE-EXISTING-BOUNDARY","US-CM-000330","F3","UNITED-STATES/CONGRESS/PRESIDENTIAL-INABILITY/ASSEMBLY-TIMING","The Constitution establishes this scoped power, duty, qualification, or procedural rule: assembling within forty-eight hours for that purpose if not in session","The scoped power, duty, qualification, or procedure is not established outside the conditions and limits stated by this source.","FINAL-PRESERVED-EXACT","Preserved exact from 08D-04B2B2 under unchanged construction boundary.","08D-06V-CONSTRUCTION-LEVEL-COUNT","08D-04B2B2","NOT-YET-MATERIALIZED","UNASSESSED","UNASSESSED"
"US-CM-000331","US-AM-MECH-UNIT-000050","US-AM-ATOM-CAND-000051","25","4","TWENTY-ONE-DAY-TWO-THIRDS-DETERMINATION","US-AM-ATOM-000116","PRESERVE-EXISTING-BOUNDARY","US-CM-000331","F4","UNITED-STATES/CONGRESS/PRESIDENTIAL-INABILITY/TWO-THIRDS-DETERMINATION","The Constitution establishes this concurrence, quorum, majority, or threshold rule: If the Congress, within twenty-one days after receipt of the latter written declaration, or, if Congress is not in session, within twenty-one days after Congress is required to assemble, determines by two-thirds vote of both Houses that the President is unable to discharge the powers and duties of his office","The constitutional effect is not established unless the source-defined concurrence, quorum, majority, or threshold condition is satisfied.","FINAL-PRESERVED-EXACT","Preserved exact from 08D-04B2B2 under unchanged construction boundary.","08D-06V-CONSTRUCTION-LEVEL-COUNT","08D-04B2B2","NOT-YET-MATERIALIZED","UNASSESSED","UNASSESSED"
"US-CM-000332","US-AM-MECH-UNIT-000050","US-AM-ATOM-CAND-000051","25","4","VP-CONTINUES-ACTING","US-AM-ATOM-000117","PRESERVE-EXISTING-BOUNDARY","US-CM-000332","F1","UNITED-STATES/PRESIDENCY/INABILITY/ACTING-PRESIDENT-CONTINUATION","The Constitution establishes this authority, succession, or office-transition rule: the Vice President shall continue to discharge the same as Acting President","Authority, succession, or office effect is not established outside the actor, trigger, scope, or transition stated by this source.","FINAL-PRESERVED-EXACT","Preserved exact from 08D-04B2B2 under unchanged construction boundary.","08D-06V-CONSTRUCTION-LEVEL-COUNT","08D-04B2B2","NOT-YET-MATERIALIZED","UNASSESSED","UNASSESSED"
"US-CM-000333","US-AM-MECH-UNIT-000050","US-AM-ATOM-CAND-000051","25","4","PRESIDENT-RESUMES-OTHERWISE","US-AM-ATOM-000118","PRESERVE-EXISTING-BOUNDARY","US-CM-000333","F1","UNITED-STATES/PRESIDENCY/INABILITY/PRESIDENTIAL-RESUMPTION","The Constitution establishes this authority, succession, or office-transition rule: otherwise, the President shall resume the powers and duties of his office.","Authority, succession, or office effect is not established outside the actor, trigger, scope, or transition stated by this source.","FINAL-PRESERVED-EXACT","Preserved exact from 08D-04B2B2 under unchanged construction boundary.","08D-06V-CONSTRUCTION-LEVEL-COUNT","08D-04B2B2","NOT-YET-MATERIALIZED","UNASSESSED","UNASSESSED"
"US-CM-000334","US-AM-MECH-UNIT-000051","US-AM-ATOM-CAND-000052","26","1","PRESERVED-US-CM-000334","US-AM-ATOM-000119","PRESERVE-EXISTING-BOUNDARY","US-CM-000334","F5","UNITED-STATES/VOTING/AGE-18","The Constitution establishes this prohibition, right-protection, or negative constraint: The right of citizens of the United States, who are eighteen years of age or older, to vote shall not be denied or abridged by the United States or by any State on account of age.","An action or effect contrary to the source-defined prohibition, protected right, or negative constraint is not constitutionally established under this mechanism.","FINAL-PRESERVED-EXACT","Preserved exact from 08D-04B2B2 under unchanged construction boundary.","08D-06V-CONSTRUCTION-LEVEL-COUNT","08D-04B2B2","NOT-YET-MATERIALIZED","UNASSESSED","UNASSESSED"
"US-CM-000335","US-AM-MECH-UNIT-000052","US-AM-ATOM-CAND-000053","26","2","PRESERVED-US-CM-000335","US-AM-ATOM-000120","PRESERVE-EXISTING-BOUNDARY","US-CM-000335","F3","UNITED-STATES/CONGRESS/AMENDMENT-26/ENFORCEMENT","The Constitution establishes this scoped power, duty, qualification, or procedural rule: The Congress shall have power to enforce this article by appropriate legislation.","The scoped power, duty, qualification, or procedure is not established outside the conditions and limits stated by this source.","FINAL-PRESERVED-EXACT","Preserved exact from 08D-04B2B2 under unchanged construction boundary.","08D-06V-CONSTRUCTION-LEVEL-COUNT","08D-04B2B2","NOT-YET-MATERIALIZED","UNASSESSED","UNASSESSED"
"US-CM-000336","US-AM-MECH-UNIT-000053","US-AM-ATOM-CAND-000054","27","","PRESERVED-US-CM-000336","US-AM-ATOM-000121","PRESERVE-EXISTING-BOUNDARY","US-CM-000336","F7","UNITED-STATES/CONGRESS/COMPENSATION/EFFECTIVE-DELAY","The Constitution establishes this controlled constitutional transition, effectiveness, repeal, or temporal rule: No law, varying the compensation for the services of the Senators and Representatives, shall take effect, until an election of Representatives shall have intervened.","The constitutional transition, effectiveness, repeal, or temporal effect is not established outside the source-defined trigger, timing, or transition condition.","FINAL-PRESERVED-EXACT","Preserved exact from 08D-04B2B2 under unchanged construction boundary.","08D-06V-CONSTRUCTION-LEVEL-COUNT","08D-04B2B2","NOT-YET-MATERIALIZED","UNASSESSED","UNASSESSED"
